NHU CẦU & SL ĐÁP ỨNG - ĐƠN HÀNG,,,,,,,
NGÀY NHẬN ĐH,Ngày triển khai,Số ĐH,Mã Khách Hàng,Tên Khách Hàng,Mã SP,SL đơn hàng,NGÀY Yêu cầu hoàn thành
4/19/2023,4/19/2023,110/23XK,0006/LEBANON,FADI SAWAYA SAL (SAWAYA INT'L LLC),KD3-0291,  206 ,6/28/2023
4/19/2023,4/19/2023,110/23XK,0006/LEBANON,FADI SAWAYA SAL (SAWAYA INT'L LLC),KD3-0292,  265 ,6/28/2023
4/20/2023,4/21/2023,111/23XK,0348/KOREA,SHINY GLOBAL,KD3-1115,  500 ,7/24/2023
4/20/2023,4/21/2023,111/23XK,0348/KOREA,SHINY GLOBAL,KD3-1116,  500 ,7/24/2023
4/20/2023,4/21/2023,111/23XK,0348/KOREA,SHINY GLOBAL,KD3-1622,  500 ,7/24/2023
4/20/2023,4/21/2023,111/23XK,0348/KOREA,SHINY GLOBAL,KD3-1624,  500 ,7/24/2023
4/21/2023,4/24/2023,112/23ND,B2B,CHOLIMEX,BQT.CLM,  404 ,5/10/2023
4/26/2023,4/27/2023,113/23XK,0311/KOREA,DANIEL COMPANY,KD2-0880,  1.000 ,7/11/2023
4/26/2023,4/27/2023,113/23XK,0311/KOREA,DANIEL COMPANY,KD2-1156,  1.000 ,7/11/2023
4/27/2023,4/27/2023,114/23XK,0013/ITALY,TECNIWORK S.P.A,KD3-0101,  600 ,8/15/2023
4/27/2023,4/27/2023,114/23XK,0013/ITALY,TECNIWORK S.P.A,KD3-0102,  1.100 ,8/15/2023
4/27/2023,4/27/2023,114/23XK,0013/ITALY,TECNIWORK S.P.A,KD3-0103,  750 ,8/15/2023
4/27/2023,4/27/2023,114/23XK,0013/ITALY,TECNIWORK S.P.A,KD3-0105,  800 ,8/15/2023
4/27/2023,4/27/2023,114/23XK,0013/ITALY,TECNIWORK S.P.A,KM3-0106,  400 ,8/15/2023
4/27/2023,4/27/2023,114/23XK,0013/ITALY,TECNIWORK S.P.A,KM3-0254,  400 ,8/15/2023
5/3/2023,5/4/2023,115/23XK,0470/LEBANON,TEC-NAILS COSMETICS,KD2-1479,  500 ,6/24/2023
5/3/2023,5/4/2023,115/23XK,0470/LEBANON,TEC-NAILS COSMETICS,KSS-1699,  500 ,6/24/2023
5/3/2023,5/4/2023,115/23XK,0470/LEBANON,TEC-NAILS COSMETICS,KSS-1700,  500 ,6/24/2023
5/3/2023,5/4/2023,116/23XK,0469/AUSTRALIA,Lin Sisters Group Pty Ltd,KD2-1698,  500 ,6/23/2023
4/28/2023,5/4/2023,117/23XK,0069/POLAND,ACTIV TOMASZ PACHOLCZYK,AB.202,  60 ,6/26/2023
4/28/2023,5/4/2023,117/23XK,0069/POLAND,ACTIV TOMASZ PACHOLCZYK,C.05-12,  360 ,6/26/2023
4/28/2023,5/4/2023,117/23XK,0069/POLAND,ACTIV TOMASZ PACHOLCZYK,C.06-12,  360 ,6/26/2023
4/28/2023,5/4/2023,117/23XK,0069/POLAND,ACTIV TOMASZ PACHOLCZYK,C.06-16,  360 ,6/26/2023
4/28/2023,5/4/2023,117/23XK,0069/POLAND,ACTIV TOMASZ PACHOLCZYK,C.36-12,  360 ,6/26/2023
4/28/2023,5/4/2023,117/23XK,0069/POLAND,ACTIV TOMASZ PACHOLCZYK,C.36-14,  360 ,7/12/2023
4/28/2023,5/4/2023,117/23XK,0069/POLAND,ACTIV TOMASZ PACHOLCZYK,C.37-12,  300 ,6/26/2023
4/28/2023,5/4/2023,117/23XK,0069/POLAND,ACTIV TOMASZ PACHOLCZYK,C.37-14,  360 ,7/12/2023
4/28/2023,5/4/2023,117/23XK,0069/POLAND,ACTIV TOMASZ PACHOLCZYK,CL.201-12,  60 ,7/12/2023
4/28/2023,5/4/2023,117/23XK,0069/POLAND,ACTIV TOMASZ PACHOLCZYK,CL.203-12,  300 ,6/26/2023
4/28/2023,5/4/2023,117/23XK,0069/POLAND,ACTIV TOMASZ PACHOLCZYK,ES.01,  180 ,6/26/2023
4/28/2023,5/4/2023,117/23XK,0069/POLAND,ACTIV TOMASZ PACHOLCZYK,ES.03,  180 ,6/26/2023
4/28/2023,5/4/2023,117/23XK,0069/POLAND,ACTIV TOMASZ PACHOLCZYK,IS.01,  60 ,6/26/2023
4/28/2023,5/4/2023,117/23XK,0069/POLAND,ACTIV TOMASZ PACHOLCZYK,KD.701,  360 ,6/26/2023
4/28/2023,5/4/2023,117/23XK,0069/POLAND,ACTIV TOMASZ PACHOLCZYK,KD.702,  360 ,6/26/2023
4/28/2023,5/4/2023,117/23XK,0069/POLAND,ACTIV TOMASZ PACHOLCZYK,KD.703,  360 ,6/26/2023
4/28/2023,5/4/2023,117/23XK,0069/POLAND,ACTIV TOMASZ PACHOLCZYK,KD.704,  360 ,6/26/2023
4/28/2023,5/4/2023,117/23XK,0069/POLAND,ACTIV TOMASZ PACHOLCZYK,KD.705,  360 ,6/26/2023
4/28/2023,5/4/2023,117/23XK,0069/POLAND,ACTIV TOMASZ PACHOLCZYK,KD.706,  360 ,6/26/2023
4/28/2023,5/4/2023,117/23XK,0069/POLAND,ACTIV TOMASZ PACHOLCZYK,N.07,  60 ,7/12/2023
4/28/2023,5/4/2023,117/23XK,0069/POLAND,ACTIV TOMASZ PACHOLCZYK,NB.102,  60 ,7/12/2023
4/28/2023,5/4/2023,117/23XK,0069/POLAND,ACTIV TOMASZ PACHOLCZYK,NB.106,  60 ,7/12/2023
4/28/2023,5/4/2023,117/23XK,0069/POLAND,ACTIV TOMASZ PACHOLCZYK,NC.01,  120 ,6/26/2023
4/28/2023,5/4/2023,117/23XK,0069/POLAND,ACTIV TOMASZ PACHOLCZYK,NC.02,  120 ,6/26/2023
4/28/2023,5/4/2023,117/23XK,0069/POLAND,ACTIV TOMASZ PACHOLCZYK,P.10,  720 ,7/12/2023
4/28/2023,5/4/2023,117/23XK,0069/POLAND,ACTIV TOMASZ PACHOLCZYK,T.01BL,  360 ,6/26/2023
4/28/2023,5/4/2023,117/23XK,0069/POLAND,ACTIV TOMASZ PACHOLCZYK,T.02,  180 ,6/26/2023
4/28/2023,5/4/2023,117/23XK,0069/POLAND,ACTIV TOMASZ PACHOLCZYK,T.04,  60 ,6/26/2023
5/4/2023,5/4/2023,118/23XK,0468/GERMAN,ALISA NAILS SUSLOV GBR,KD2-1678,  500 ,7/8/2023
4/27/2023,5/5/2023,119/23XK,0079/RUSSIA,Vectorgroup Company,KD2-0049,  5.000 ,HỦY
4/27/2023,5/5/2023,119/23XK,0079/RUSSIA,Vectorgroup Company,KD2-0050,  2.500 ,6/27/2023
4/27/2023,5/5/2023,119/23XK,0079/RUSSIA,Vectorgroup Company,KD2-0051,  2.500 ,6/27/2023
4/27/2023,5/5/2023,119/23XK,0079/RUSSIA,Vectorgroup Company,KD2-1465,  2.500 ,6/27/2023
4/27/2023,5/5/2023,119/23XK,0079/RUSSIA,Vectorgroup Company,KD2-1583,  2.500 ,6/27/2023
4/27/2023,5/5/2023,119/23XK,0079/RUSSIA,Vectorgroup Company,KD2-1643,  2.500 ,6/27/2023
4/27/2023,5/5/2023,119/23XK,0079/RUSSIA,Vectorgroup Company,KD2-1696,  2.500 ,6/27/2023
4/27/2023,5/5/2023,120/23XK,0079/RUSSIA,Vectorgroup Company,KD2-0049,  5.000 ,HỦY
4/27/2023,5/5/2023,120/23XK,0079/RUSSIA,Vectorgroup Company,KD2-0050,  2.500 ,7/15/2023
4/27/2023,5/5/2023,120/23XK,0079/RUSSIA,Vectorgroup Company,KD2-0051,  2.500 ,7/15/2023
4/27/2023,5/5/2023,120/23XK,0079/RUSSIA,Vectorgroup Company,KD2-0575,  3.000 ,7/15/2023
4/27/2023,5/5/2023,120/23XK,0079/RUSSIA,Vectorgroup Company,KD2-1465,  2.500 ,7/15/2023
4/27/2023,5/5/2023,120/23XK,0079/RUSSIA,Vectorgroup Company,KD2-1583,  2.500 ,7/15/2023
4/27/2023,5/5/2023,120/23XK,0079/RUSSIA,Vectorgroup Company,KD2-1643,  2.500 ,7/15/2023
4/27/2023,5/5/2023,120/23XK,0079/RUSSIA,Vectorgroup Company,KD2-1696,  2.500 ,7/15/2023
5/9/2023,5/11/2023,121/23XK,0474/ ITALIA ,ZETAQUADRO SRL,C.07-14,  1.200 ,6/19/2023
5/9/2023,5/11/2023,121/23XK,0474/ ITALIA ,ZETAQUADRO SRL,NC.02,  1.200 ,6/19/2023
5/9/2023,5/23/2023,121/23XK,0474/ ITALIA ,ZETAQUADRO SRL,NL.201,  120 ,6/27/2023
5/9/2023,5/11/2023,121/23XK,0474/ ITALIA ,ZETAQUADRO SRL,P.08,  600 ,6/19/2023
5/9/2023,5/11/2023,121/23XK,0474/ ITALIA ,ZETAQUADRO SRL,T.04,  120 ,6/19/2023
5/10/2023,5/11/2023,122/23XK,0327/KOREA,BEAUTY H,KD2-0742,  1.000 ,7/13/2023
5/10/2023,5/11/2023,123/23XK,0241/UAE,BEDASHING BEAUTY LOUNGE LLC,KD2-0339,  4.600 ,7/14/2023
5/10/2023,5/11/2023,123/23XK,0241/UAE,BEDASHING BEAUTY LOUNGE LLC,KSB-1488,  1.300 ,6/21/2023
5/10/2023,5/11/2023,124/23XK,0472/LITHUNIA,UAB KRINONA,KD2-1665,  500 ,7/14/2023
5/10/2023,5/11/2023,124/23XK,0472/LITHUNIA,UAB KRINONA,KSB-1670,  500 ,6/25/2023
5/10/2023,5/11/2023,124/23XK,0472/LITHUNIA,UAB KRINONA,KSK-1666,  500 ,6/25/2023
5/10/2023,5/11/2023,124/23XK,0472/LITHUNIA,UAB KRINONA,KSK-1667,  500 ,6/25/2023
5/10/2023,5/11/2023,124/23XK,0472/LITHUNIA,UAB KRINONA,KSN-1671,  500 ,6/25/2023
5/10/2023,5/11/2023,124/23XK,0472/LITHUNIA,UAB KRINONA,KSN-1672,  500 ,6/25/2023
5/10/2023,5/11/2023,124/23XK,0472/LITHUNIA,UAB KRINONA,KSS-1668,  500 ,6/25/2023
5/10/2023,5/11/2023,124/23XK,0472/LITHUNIA,UAB KRINONA,KSS-1669,  500 ,6/25/2023
5/10/2023,5/11/2023,125/23xk,0006/LEBANON,FADI SAWAYA SAL (SAWAYA INT'L LLC),KDT-0299,  1.000 ,6/30/2023
5/10/2023,5/11/2023,125/23xk,0006/LEBANON,FADI SAWAYA SAL (SAWAYA INT'L LLC),KSS-0295,  300 ,6/30/2023
5/9/2023,5/11/2023,126/23XK,0442/MOLDOVA,GOLUB STIL,KSK-1701,  500 ,HỦY
5/9/2023,5/11/2023,126/23XK,0442/MOLDOVA,GOLUB STIL,KSK-1702,  500 ,HỦY
5/9/2023,5/11/2023,126/23XK,0442/MOLDOVA,GOLUB STIL,KSK-1703,  500 ,HỦY
5/9/2023,5/11/2023,126/23XK,0442/MOLDOVA,GOLUB STIL,KSK-1704,  500 ,HỦY
5/9/2023,5/11/2023,126/23XK,0442/MOLDOVA,GOLUB STIL,KSK-1705,  500 ,HỦY
5/9/2023,5/11/2023,126/23XK,0442/MOLDOVA,GOLUB STIL,KSK-1706,  500 ,HỦY
5/9/2023,5/11/2023,126/23XK,0442/MOLDOVA,GOLUB STIL,KSK-1707,  500 ,HỦY
5/15/2023,5/17/2023,127/23XK,0201/SING,TRUE BLUE BEAUTY PRIVATE LIMITED,C.03-12,  180 ,6/25/2023
5/15/2023,5/17/2023,127/23XK,0201/SING,TRUE BLUE BEAUTY PRIVATE LIMITED,C.04-12,  180 ,6/25/2023
5/15/2023,5/17/2023,127/23XK,0201/SING,TRUE BLUE BEAUTY PRIVATE LIMITED,C.05-12,  180 ,6/25/2023
5/15/2023,5/17/2023,127/23XK,0201/SING,TRUE BLUE BEAUTY PRIVATE LIMITED,C.06-12,  180 ,6/25/2023
5/15/2023,5/17/2023,127/23XK,0201/SING,TRUE BLUE BEAUTY PRIVATE LIMITED,C.06-14,  180 ,6/25/2023
5/15/2023,5/17/2023,127/23XK,0201/SING,TRUE BLUE BEAUTY PRIVATE LIMITED,C.07-12,  180 ,6/25/2023
5/15/2023,5/17/2023,127/23XK,0201/SING,TRUE BLUE BEAUTY PRIVATE LIMITED,C.07-14,  180 ,6/25/2023
5/15/2023,5/17/2023,127/23XK,0201/SING,TRUE BLUE BEAUTY PRIVATE LIMITED,C.112,  420 ,6/25/2023
5/13/2023,5/13/2023,127/23xk,0425/CHINA,Guangzhou Xingdian Nail Products Company Limited,S.507NC,  360 ,5/20/2023
5/15/2023,5/17/2023,128/23XK,0026/GERMANY,ZWILLING Beauty Group GmbH,KD2-0211,  2.000 ,10/14/2023
5/15/2023,5/17/2023,128/23XK,0026/GERMANY,ZWILLING Beauty Group GmbH,KM2-0212,  2.000 ,10/14/2023
5/15/2023,5/17/2023,128/23XK,0026/GERMANY,ZWILLING Beauty Group GmbH,KSS-0367,  8.500 ,8/14/2023
5/15/2023,5/17/2023,129/23XK,0002/ITALY,ALPEN DEI F.LLI GIANOLA SNC,KD2-0005,  500 ,7/21/2023
5/15/2023,5/17/2023,129/23XK,0002/ITALY,ALPEN DEI F.LLI GIANOLA SNC,KD2-0006,  500 ,7/21/2023
5/15/2023,5/17/2023,129/23XK,0002/ITALY,ALPEN DEI F.LLI GIANOLA SNC,KD2-0007,  1.000 ,7/21/2023
5/15/2023,5/17/2023,129/23XK,0002/ITALY,ALPEN DEI F.LLI GIANOLA SNC,KD3-0012,  500 ,7/21/2023
5/18/2023,5/18/2023,130/23xk,0425/CHINA,Guangzhou Xingdian Nail Products Company Limited,B.902NC,  2.160 ,6/20/2023
5/18/2023,5/18/2023,131/23XK,0425/CHINA,Guangzhou Xingdian Nail Products Company Limited,B.901NC,  3.600 ,7/20/2023
5/18/2023,5/18/2023,131/23XK,0425/CHINA,Guangzhou Xingdian Nail Products Company Limited,D.03-12NC,  1.800 ,7/20/2023
5/18/2023,5/18/2023,131/23XK,0425/CHINA,Guangzhou Xingdian Nail Products Company Limited,D.05-12NC,  360 ,7/20/2023
5/18/2023,5/18/2023,131/23XK,0425/CHINA,Guangzhou Xingdian Nail Products Company Limited,D.05-14NC,  360 ,7/20/2023
5/18/2023,5/18/2023,131/23XK,0425/CHINA,Guangzhou Xingdian Nail Products Company Limited,D.05V-12NC,  360 ,7/20/2023
5/18/2023,5/18/2023,131/23XK,0425/CHINA,Guangzhou Xingdian Nail Products Company Limited,D.05V-14NC,  360 ,7/20/2023
5/18/2023,5/18/2023,131/23XK,0425/CHINA,Guangzhou Xingdian Nail Products Company Limited,D.07-12NC,  7.200 ,7/20/2023
5/18/2023,5/18/2023,131/23XK,0425/CHINA,Guangzhou Xingdian Nail Products Company Limited,D.07-3.5NC,  3.600 ,7/20/2023
5/18/2023,5/18/2023,131/23XK,0425/CHINA,Guangzhou Xingdian Nail Products Company Limited,D.18NC,  60 ,7/20/2023
5/18/2023,5/18/2023,131/23XK,0425/CHINA,Guangzhou Xingdian Nail Products Company Limited,D.27NC,  1.080 ,7/20/2023
5/18/2023,5/18/2023,131/23XK,0425/CHINA,Guangzhou Xingdian Nail Products Company Limited,D.28NC,  1.800 ,7/20/2023
5/18/2023,5/18/2023,131/23XK,0425/CHINA,Guangzhou Xingdian Nail Products Company Limited,D.501NC,  5.040 ,7/20/2023
5/18/2023,5/18/2023,131/23XK,0425/CHINA,Guangzhou Xingdian Nail Products Company Limited,S.507NC,  720 ,7/15/2023
5/18/2023,5/23/2023,132/23XK,0467/POLAND,NAIL4U,KD2-1673,  1.000 ,7/18/2023
5/18/2023,5/23/2023,132/23XK,0467/POLAND,NAIL4U,KD2-1674,  1.000 ,7/18/2023
5/18/2023,5/30/2023,132/23XK,0467/POLAND,NAIL4U,KSK-1675,  1.000 ,7/18/2023
5/18/2023,5/30/2023,132/23XK,0467/POLAND,NAIL4U,KSK-1676,  1.000 ,7/18/2023
5/18/2023,5/30/2023,132/23XK,0467/POLAND,NAIL4U,KSK-1677,  1.000 ,7/18/2023
5/19/2023,5/23/2023,133/23ND,B2B,ANNA,D.06-16,  100 ,5/25/2023
5/19/2023,5/23/2023,133/23ND,B2B,ANNA,M.01,  40 ,5/25/2023
5/22/2023,5/23/2023,134/23XK,0006/LEBANON,FADI SAWAYA SAL (SAWAYA INT'L LLC),KD2-0289,  240 ,7/22/2023
5/22/2023,5/23/2023,134/23XK,0006/LEBANON,FADI SAWAYA SAL (SAWAYA INT'L LLC),KD2-0370,  150 ,7/22/2023
5/22/2023,5/23/2023,134/23XK,0006/LEBANON,FADI SAWAYA SAL (SAWAYA INT'L LLC),KD2-0371,  150 ,7/22/2023
5/22/2023,5/23/2023,134/23XK,0006/LEBANON,FADI SAWAYA SAL (SAWAYA INT'L LLC),KD3-0291,  150 ,7/22/2023
5/22/2023,5/23/2023,134/23XK,0006/LEBANON,FADI SAWAYA SAL (SAWAYA INT'L LLC),KD3-0292,  150 ,7/22/2023
5/23/2023,5/24/2023,135/23XK,0069/POLAND,ACTIV TOMASZ PACHOLCZYK,NL.201,  360 ,7/24/2023
5/23/2023,5/25/2023,135/23XK1,KDQT,HÀNG TỒN,NL.201,  140 ,7/24/2023
5/25/2023,5/25/2023,136/23XK,0223/KOREA,JENIPER,KD2-1745,  2.000 ,7/22/2023
12/15/2022,5/30/2023,137/23XK,0393/RUSSIA,LLC RINGO,KD2-1548,  5.000 ,8/21/2023
5/30/2023,5/30/2023,137/23XK,0393/RUSSIA,LLC RINGO,KK2-1179,  5.000 ,8/21/2023
5/30/2023,5/30/2023,137/23XK,0393/RUSSIA,LLC RINGO,KK2-1180,  5.000 ,8/21/2023
5/30/2023,5/30/2023,137/23XK,0393/RUSSIA,LLC RINGO,KM2-1441,  5.000 ,8/21/2023
5/25/2023,6/7/2023,138/23XK,0478/CZECH,NAIL SERVICE,KD2-1733,  60 ,7/21/2023
5/25/2023,6/7/2023,138/23XK,0478/CZECH,NAIL SERVICE,KD2-1734,  60 ,7/21/2023
5/25/2023,5/30/2023,138/23XK,0478/CZECH,NAIL SERVICE,KSK-1732,  500 ,7/21/2023
5/25/2023,5/30/2023,138/23XK,0478/CZECH,NAIL SERVICE,KSS-1735,  120 ,7/21/2023
5/31/2023,6/1/2023,139/23XK,0104/LEBAN,JACK DAOU & SONS SAL,KD2-1747,  180 ,6/7/2023
5/29/2023,8/25/2023,140/23XK,0026/GERMANY,ZWILLING Beauty Group GmbH,KSD-0361,  2.000 ,11/29/2023
5/29/2023,8/25/2023,140/23XK,0026/GERMANY,ZWILLING Beauty Group GmbH,KSD-0362,  10.000 ,12/29/2023
6/1/2023,6/3/2023,141/23XK,0205/JAPAN,HIKARI CORPORATION,KD3-0287,  1.000 ,9/7/2023
6/1/2023,6/3/2023,141/23XK,0205/JAPAN,HIKARI CORPORATION,KD3-0372,  1.000 ,8/22/2023
6/1/2023,6/3/2023,141/23XK,0205/JAPAN,HIKARI CORPORATION,KD3-0520,  1.000 ,9/7/2023
6/1/2023,6/3/2023,141/23XK1,0205/JAPAN,HIKARI CORPORATION,KD3-0372,  1.000 ,11/7/2023
6/7/2023,6/8/2023,142/23XK,0480/NETHERLAND,SAIGON BEAUTY SPA,B.999,  60 ,6/23/2023
6/7/2023,6/8/2023,142/23XK,0480/NETHERLAND,SAIGON BEAUTY SPA,C.03-14,  360 ,6/23/2023
6/7/2023,6/8/2023,142/23XK,0480/NETHERLAND,SAIGON BEAUTY SPA,C.04-14,  60 ,6/23/2023
6/7/2023,6/8/2023,142/23XK,0480/NETHERLAND,SAIGON BEAUTY SPA,C.05-14,  360 ,6/23/2023
6/7/2023,6/8/2023,142/23XK,0480/NETHERLAND,SAIGON BEAUTY SPA,C.06-14,  60 ,6/23/2023
6/7/2023,6/8/2023,142/23XK,0480/NETHERLAND,SAIGON BEAUTY SPA,C.07-14,  60 ,6/23/2023
6/7/2023,6/8/2023,142/23XK,0480/NETHERLAND,SAIGON BEAUTY SPA,C.08-14,  60 ,6/23/2023
6/7/2023,6/8/2023,142/23XK,0480/NETHERLAND,SAIGON BEAUTY SPA,C.111,  60 ,6/23/2023
6/7/2023,6/8/2023,142/23XK,0480/NETHERLAND,SAIGON BEAUTY SPA,C.112,  360 ,6/23/2023
6/7/2023,6/8/2023,142/23XK,0480/NETHERLAND,SAIGON BEAUTY SPA,C.118,  60 ,6/23/2023
6/7/2023,6/8/2023,142/23XK,0480/NETHERLAND,SAIGON BEAUTY SPA,EVO.01V-14,  5 ,6/23/2023
6/7/2023,6/8/2023,142/23XK,0480/NETHERLAND,SAIGON BEAUTY SPA,EVO.02-14,  5 ,6/23/2023
6/7/2023,6/8/2023,142/23XK,0480/NETHERLAND,SAIGON BEAUTY SPA,NC.01,  360 ,6/23/2023
6/7/2023,6/8/2023,142/23XK,0480/NETHERLAND,SAIGON BEAUTY SPA,NC.02,  360 ,6/23/2023
6/7/2023,6/8/2023,142/23XK,0480/NETHERLAND,SAIGON BEAUTY SPA,P.03,  360 ,6/23/2023
6/8/2023,6/13/2023,143/23XK,0405/MALAYSIA,YOUSHINE SOLUTION SDN BHD.,C.03-12,  720 ,6/26/2023
6/8/2023,6/13/2023,143/23XK,0405/MALAYSIA,YOUSHINE SOLUTION SDN BHD.,C.03-14,  720 ,6/26/2023
6/8/2023,6/13/2023,143/23XK,0405/MALAYSIA,YOUSHINE SOLUTION SDN BHD.,C.07-14,  720 ,6/26/2023
6/8/2023,6/13/2023,143/23XK,0405/MALAYSIA,YOUSHINE SOLUTION SDN BHD.,P.03,  360 ,6/26/2023
6/8/2023,6/13/2023,143/23XK,0405/MALAYSIA,YOUSHINE SOLUTION SDN BHD.,P.10,  360 ,6/26/2023
6/9/2023,6/13/2023,144/23XK,0319/JAPAN,SCISSOR STREET,KD2-0705,  500 ,7/31/2023
6/9/2023,6/13/2023,145/23XK,0481/FRANCE,ONIX PRO,KSK-1753,  500 ,6/29/2023
6/9/2023,6/13/2023,145/23XK,0481/FRANCE,ONIX PRO,KSK-1754,  500 ,6/29/2023
6/9/2023,6/13/2023,145/23XK,0481/FRANCE,ONIX PRO,KSK-1755,  500 ,6/29/2023
6/9/2023,6/13/2023,145/23XK,0481/FRANCE,ONIX PRO,KSK-1756,  500 ,6/29/2023
6/9/2023,6/13/2023,145/23XK,0481/FRANCE,ONIX PRO,KSK-1757,  500 ,6/29/2023
6/6/2023,6/14/2023,146/23XK,0446/TURKEY,Şükrü kızıl,C.01G-12,  60 ,7/30/2023
6/6/2023,6/14/2023,146/23XK,0446/TURKEY,Şükrü kızıl,C.07-14,  60 ,7/30/2023
6/6/2023,6/14/2023,146/23XK,0446/TURKEY,Şükrü kızıl,C.07-16,  120 ,7/30/2023
6/6/2023,6/14/2023,146/23XK,0069/POLAND,ACTIV TOMASZ PACHOLCZYK,CL.S02-5mm,  360 ,7/30/2023
6/6/2023,6/14/2023,146/23XK,0446/TURKEY,Şükrü kızıl,KD.701,  60 ,7/30/2023
6/6/2023,6/14/2023,146/23XK,0446/TURKEY,Şükrü kızıl,KD.707,  120 ,7/30/2023
6/6/2023,6/14/2023,146/23XK,0446/TURKEY,Şükrü kızıl,NL.201,  120 ,7/30/2023
6/6/2023,6/14/2023,146/23XK,0446/TURKEY,Şükrü kızıl,P.01,  60 ,7/30/2023
6/6/2023,6/14/2023,146/23XK,0446/TURKEY,Şükrü kızıl,P.13,  60 ,7/30/2023
6/6/2023,6/14/2023,146/23XK1,0446/TURKEY,Şükrü kızıl,CL.S02-5mm,  120 ,7/30/2023
6/6/2023,6/14/2023,146/23XK1,KDQT,HÀNG TỒN,P.13,  300 ,7/30/2023
6/16/2023,6/20/2023,147/23XK,0482/PORTUGAL,DANTAS CORREIA & LEITÃO LDA,KSK-1738,  600 ,6/27/2023
6/16/2023,6/20/2023,147/23XK,0482/PORTUGAL,DANTAS CORREIA & LEITÃO LDA,KSK-1739,  600 ,6/27/2023
6/16/2023,6/20/2023,147/23XK,0482/PORTUGAL,DANTAS CORREIA & LEITÃO LDA,KSK-1740,  650 ,6/27/2023
6/16/2023,6/20/2023,147/23XK,0484/PORTUGAL,TWINKLE BEAUTY LDA,KSK-1741,  600 ,6/27/2023
6/16/2023,6/20/2023,147/23XK,0484/PORTUGAL,TWINKLE BEAUTY LDA,KSK-1742,  600 ,6/27/2023
6/16/2023,6/20/2023,147/23XK,0484/PORTUGAL,TWINKLE BEAUTY LDA,KSK-1743,  650 ,6/27/2023
6/16/2023,6/20/2023,148/23XK,0483/LITHUNIA,Dimitrij Lucinkin,KSK-1758,  720 ,7/27/2023
6/16/2023,6/20/2023,148/23XK,0483/LITHUNIA,Dimitrij Lucinkin,KSS-1759,  720 ,7/27/2023
6/16/2023,6/20/2023,149/23XK,0487/TURKEY,RNK BEAUTY KOZMETIK ,KD2-1771,  200 ,7/26/2023
6/16/2023,6/20/2023,149/23XK,0487/TURKEY,RNK BEAUTY KOZMETIK ,KSK-1772,  200 ,7/26/2023
6/16/2023,6/20/2023,149/23XK,0487/TURKEY,RNK BEAUTY KOZMETIK ,KSS-1773,  200 ,7/26/2023
6/16/2023,6/20/2023,150/23xk,0336/CHINA,"QVS Global China, LTD",KD2-0211,  1.000 ,8/15/2023
6/1/2023,6/20/2023,150/23xk,0336/CHINA,"QVS Global China, LTD",KSS-0367,  1.000 ,7/30/2023
6/29/2023,6/29/2023,153/23XK,0456/RUSSIA,Ali fardin fathi ,KSK-1614,  500 ,7/28/2023
6/29/2023,6/29/2023,153/23XK,0456/RUSSIA,Ali fardin fathi ,KSK-1794,  500 ,7/28/2023
6/29/2023,6/29/2023,153/23XK,0456/RUSSIA,Ali fardin fathi ,KSK-1795,  500 ,7/28/2023
6/29/2023,6/29/2023,153/23XK,0456/RUSSIA,Ali fardin fathi ,KSK-1796,  500 ,7/28/2023
6/29/2023,6/29/2023,153/23XK,0456/RUSSIA,Ali fardin fathi ,KSK-1797,  500 ,7/28/2023
6/29/2023,6/29/2023,153/23XK,0456/RUSSIA,Ali fardin fathi ,KSK-1798,  500 ,7/28/2023
6/29/2023,6/29/2023,153/23XK,0456/RUSSIA,Ali fardin fathi ,KSK-1799,  500 ,7/28/2023
7/5/2023,7/5/2023,154/23XK,LZW,Li zi wang,C.07-14,  120 ,7/6/2023
7/5/2023,7/5/2023,154/23XK,LZW,Li zi wang,C.118,  120 ,7/6/2023
7/5/2023,7/5/2023,154/23XK,LZW,Li zi wang,C.121,  20 ,7/6/2023
7/5/2023,7/5/2023,154/23XK,LZW,Li zi wang,KD.703,  120 ,7/6/2023
7/5/2023,7/5/2023,154/23XK,LZW,Li zi wang,KD.704,  120 ,7/6/2023
7/5/2023,7/5/2023,154/23XK,LZW,Li zi wang,KD2-1442,  120 ,7/6/2023
7/5/2023,7/5/2023,154/23XK,LZW,Li zi wang,KD2-1443,  120 ,7/6/2023
7/5/2023,7/5/2023,154/23XK,LZW,Li zi wang,KD2-1486,  20 ,7/6/2023
7/5/2023,7/5/2023,154/23XK,LZW,Li zi wang,KD2-1517,  120 ,7/6/2023
7/5/2023,7/5/2023,154/23XK,LZW,Li zi wang,KM2-1482,  50 ,7/6/2023
7/5/2023,7/5/2023,154/23XK,LZW,Li zi wang,NL.201,  120 ,7/6/2023
7/5/2023,7/5/2023,154/23XK,LZW,Li zi wang,P.08,  120 ,7/6/2023
7/5/2023,7/5/2023,154/23XK,LZW,Li zi wang,P.10,  120 ,7/6/2023
7/3/2023,7/6/2023,155/23ND,B2B,VIETCOMBANK TÂN ĐỊNH ,GS.01CC-VCB,  150 ,7/29/2023
7/3/2023,7/6/2023,155/23ND,B2B,VIETCOMBANK TÂN ĐỊNH ,GS.07CC-VCB,  50 ,7/29/2023
7/5/2023,7/6/2023,156/23XK,0327/KOREA,BEAUTY H,KD2-0741,  1.000 ,8/19/2023
7/5/2023,7/6/2023,157/23xk,0460/KOREA,JUNG JAEMYOUNG,KD2-1620,  2.000 ,8/21/2023
6/30/2023,7/6/2023,158/23XK,0485/ISRAEL,R.n.d Topnail LTD,KD2-1680,  500 ,9/8/2023
6/30/2023,7/6/2023,158/23XK,0485/ISRAEL,R.n.d Topnail LTD,KD2-1682,  500 ,9/8/2023
6/30/2023,7/6/2023,158/23XK,0485/ISRAEL,R.n.d Topnail LTD,KD2-1683,  500 ,9/8/2023
6/30/2023,7/6/2023,158/23XK,0485/ISRAEL,R.n.d Topnail LTD,KD2-1684,  500 ,9/8/2023
6/30/2023,7/6/2023,158/23XK,0485/ISRAEL,R.n.d Topnail LTD,KM2-1697,  500 ,9/8/2023
6/30/2023,7/6/2023,158/23XK,0485/ISRAEL,R.n.d Topnail LTD,KSB-1768,  500 ,9/8/2023
6/30/2023,7/6/2023,158/23XK,0485/ISRAEL,R.n.d Topnail LTD,KSK-1685,  500 ,9/8/2023
6/30/2023,7/6/2023,158/23XK,0485/ISRAEL,R.n.d Topnail LTD,KSK-1694,  500 ,9/8/2023
6/30/2023,7/6/2023,158/23XK,0485/ISRAEL,R.n.d Topnail LTD,KSN-1769,  500 ,9/8/2023
6/30/2023,7/6/2023,158/23XK,0485/ISRAEL,R.n.d Topnail LTD,KSN-1770,  500 ,9/8/2023
6/30/2023,7/6/2023,158/23XK,0485/ISRAEL,R.n.d Topnail LTD,KSS-1688,  500 ,9/8/2023
7/5/2023,7/6/2023,159/23xk,KDQT,HỘI CHỢ TNK,CL.201GR-5mm,  500 ,8/20/2023
7/5/2023,7/6/2023,159/23xk,KDQT,HỘI CHỢ TNK,CL.205-7mm,  1.000 ,8/20/2023
7/5/2023,7/6/2023,159/23xk,KDQT,HỘI CHỢ TNK,CL.206-5mm,  500 ,8/20/2023
7/5/2023,7/6/2023,159/23xk,KDQT,HỘI CHỢ TNK,CL.207-7mm,  500 ,8/20/2023
7/5/2023,7/6/2023,159/23xk,KDQT,HỘI CHỢ TNK,CL.S01-7mm,  1.000 ,8/20/2023
7/5/2023,7/6/2023,159/23xk,KDQT,HỘI CHỢ TNK,CL.S02-5mm,  500 ,8/20/2023
7/5/2023,7/6/2023,159/23xk,KDQT,HỘI CHỢ TNK,KD.701,  1.400 ,8/15/2023
7/5/2023,7/6/2023,159/23xk,KDQT,HỘI CHỢ TNK,KD.702,  1.000 ,8/15/2023
7/5/2023,7/6/2023,159/23xk,KDQT,HỘI CHỢ TNK,KD.703,  1.000 ,8/15/2023
7/5/2023,7/6/2023,159/23xk,KDQT,HỘI CHỢ TNK,KD.704,  800 ,8/15/2023
7/5/2023,7/6/2023,159/23xk,KDQT,HỘI CHỢ TNK,KD.705,  1.000 ,8/15/2023
7/5/2023,7/6/2023,159/23xk,KDQT,HỘI CHỢ TNK,KD.706,  1.000 ,8/15/2023
7/5/2023,7/6/2023,159/23xk,KDQT,HỘI CHỢ TNK,KD.707,  1.000 ,8/15/2023
7/5/2023,7/6/2023,159/23xk,KDQT,HỘI CHỢ TNK,KM2-1434,  1.000 ,8/20/2023
7/5/2023,7/6/2023,159/23xk,KDQT,HỘI CHỢ TNK,KM2-1487,  500 ,8/20/2023
7/5/2023,7/6/2023,159/23xk,KDQT,HỘI CHỢ TNK,NL.203,  1.000 ,8/20/2023
7/5/2023,7/6/2023,159/23xk,KDQT,HỘI CHỢ TNK,NL.205,  1.000 ,8/20/2023
7/5/2023,7/6/2023,159/23xk,KDQT,HỘI CHỢ TNK,P.12,  1.000 ,8/15/2023
7/5/2023,7/6/2023,159/23xk,KDQT,HỘI CHỢ TNK,P.13,  1.000 ,8/15/2023
7/5/2023,7/6/2023,159/23xk,KDQT,HỘI CHỢ TNK,P.14,  1.000 ,8/15/2023
7/11/2023,7/11/2023,160/23XK,NNC,NNC,B.916C-HO,  180 ,7/25/2023
7/11/2023,7/11/2023,160/23XK,NNC,NNC,B.916C-TR,  180 ,7/25/2023
7/11/2023,7/11/2023,160/23XK,NNC,NNC,B.916C-VA,  180 ,7/25/2023
7/11/2023,7/11/2023,160/23XK,NNC,NNC,B.916C-XL,  180 ,7/25/2023
7/11/2023,7/11/2023,160/23XK,NNC,NNC,GS.08TC,  200 ,7/25/2023
7/11/2023,7/11/2023,160/23XK,NNC,NNC,N.426A,  720 ,7/25/2023
7/11/2023,7/11/2023,160/23XK,NNC,NNC,N.426B,  360 ,7/25/2023
7/11/2023,7/11/2023,160/23XK,NNC,NNC,N.426C,  720 ,7/25/2023
7/11/2023,7/11/2023,160/23XK,NNC,NNC,NCMINI.01,  500 ,7/25/2023
7/11/2023,7/11/2023,160/23XK,NNC,NNC,NCMINI.02,  200 ,7/25/2023
7/5/2023,7/11/2023,161/23XK,0419/MEXICO,Oleksandr Zadorozhnyi,C.07-7MM,  240 ,8/28/2023
7/5/2023,7/11/2023,161/23XK,0419/MEXICO,Oleksandr Zadorozhnyi,CL.205-5mm,  120 ,8/28/2023
7/5/2023,7/11/2023,161/23XK,0419/MEXICO,Oleksandr Zadorozhnyi,CL.205-7mm,  240 ,8/28/2023
7/5/2023,7/11/2023,161/23XK,0419/MEXICO,Oleksandr Zadorozhnyi,CL.206-5mm,  240 ,8/28/2023
7/5/2023,7/11/2023,161/23XK,0419/MEXICO,Oleksandr Zadorozhnyi,CL.207-7mm,  120 ,8/28/2023
7/5/2023,7/11/2023,161/23XK,0419/MEXICO,Oleksandr Zadorozhnyi,CL.S01-7mm,  240 ,8/28/2023
7/5/2023,7/11/2023,161/23XK,0419/MEXICO,Oleksandr Zadorozhnyi,CL.S02-5mm,  240 ,8/28/2023
7/5/2023,7/11/2023,161/23XK,0419/MEXICO,Oleksandr Zadorozhnyi,KD.703,  360 ,8/28/2023
7/5/2023,7/11/2023,161/23XK,0419/MEXICO,Oleksandr Zadorozhnyi,KD.704,  360 ,8/28/2023
7/5/2023,7/11/2023,161/23XK,0419/MEXICO,Oleksandr Zadorozhnyi,KD.705,  360 ,8/28/2023
7/5/2023,7/11/2023,161/23XK,0419/MEXICO,Oleksandr Zadorozhnyi,KD.707,  500 ,8/28/2023
7/5/2023,7/11/2023,161/23XK,0419/MEXICO,Oleksandr Zadorozhnyi,NC.06,  120 ,8/28/2023
7/5/2023,7/11/2023,161/23XK,0419/MEXICO,Oleksandr Zadorozhnyi,NL.201,  240 ,8/28/2023
7/5/2023,7/11/2023,161/23XK,0419/MEXICO,Oleksandr Zadorozhnyi,NL.203,  240 ,8/28/2023
7/5/2023,7/11/2023,161/23XK,0419/MEXICO,Oleksandr Zadorozhnyi,NL.205,  240 ,8/28/2023
7/5/2023,7/11/2023,161/23XK,0419/MEXICO,Oleksandr Zadorozhnyi,P.08,  240 ,8/28/2023
7/5/2023,7/11/2023,161/23XK,0419/MEXICO,Oleksandr Zadorozhnyi,P.12,  240 ,8/28/2023
7/5/2023,7/11/2023,161/23XK,0419/MEXICO,Oleksandr Zadorozhnyi,P.13,  240 ,8/28/2023
7/5/2023,7/11/2023,161/23XK,0419/MEXICO,Oleksandr Zadorozhnyi,P.14,  360 ,8/28/2023
7/5/2023,7/13/2023,162/23XK,0486/ITALIA,KUKER DI F.LLI FAZZINI S.N.C,KD2-1774,  180 ,9/8/2023
7/5/2023,7/13/2023,162/23XK,0486/ITALIA,KUKER DI F.LLI FAZZINI S.N.C,KD2-1775,  120 ,9/8/2023
7/5/2023,7/13/2023,162/23XK,0486/ITALIA,KUKER DI F.LLI FAZZINI S.N.C,KD2-1776,  120 ,9/8/2023
7/5/2023,7/13/2023,162/23XK,0486/ITALIA,KUKER DI F.LLI FAZZINI S.N.C,KD2-1778,  120 ,9/8/2023
7/5/2023,7/13/2023,162/23XK,0486/ITALIA,KUKER DI F.LLI FAZZINI S.N.C,KD2-1779,  120 ,9/8/2023
7/5/2023,7/13/2023,162/23XK,0486/ITALIA,KUKER DI F.LLI FAZZINI S.N.C,KD2-1780,  120 ,9/8/2023
7/5/2023,7/13/2023,162/23XK,0486/ITALIA,KUKER DI F.LLI FAZZINI S.N.C,KDT-1781,  120 ,9/8/2023
7/5/2023,7/13/2023,162/23XK,0486/ITALIA,KUKER DI F.LLI FAZZINI S.N.C,KM2-1777,  120 ,9/8/2023
7/5/2023,7/13/2023,162/23XK,0486/ITALIA,KUKER DI F.LLI FAZZINI S.N.C,KM2-1782,  120 ,9/8/2023
7/5/2023,7/13/2023,162/23XK,0486/ITALIA,KUKER DI F.LLI FAZZINI S.N.C,KM2-1783,  120 ,9/8/2023
7/5/2023,7/13/2023,162/23XK,0486/ITALIA,KUKER DI F.LLI FAZZINI S.N.C,KMT-1784,  120 ,9/8/2023
7/5/2023,7/13/2023,162/23XK,0486/ITALIA,KUKER DI F.LLI FAZZINI S.N.C,KSB-1785,  120 ,8/29/2023
7/5/2023,7/13/2023,162/23XK,0486/ITALIA,KUKER DI F.LLI FAZZINI S.N.C,KSB-1786,  240 ,8/29/2023
7/5/2023,7/13/2023,162/23XK,0486/ITALIA,KUKER DI F.LLI FAZZINI S.N.C,KSN-1791,  120 ,8/29/2023
7/5/2023,7/13/2023,162/23XK,0486/ITALIA,KUKER DI F.LLI FAZZINI S.N.C,KSS-1787,  120 ,8/29/2023
7/5/2023,7/13/2023,162/23XK,0486/ITALIA,KUKER DI F.LLI FAZZINI S.N.C,KSS-1788,  120 ,8/29/2023
7/5/2023,7/13/2023,162/23XK,0486/ITALIA,KUKER DI F.LLI FAZZINI S.N.C,KSS-1789,  120 ,8/29/2023
7/5/2023,7/13/2023,162/23XK,0486/ITALIA,KUKER DI F.LLI FAZZINI S.N.C,KSS-1790,  120 ,8/29/2023
7/13/2023,7/13/2023,163/23XK,0456/RUSSIA,Ali fardin fathi ,KSK-1614,  500 ,7/28/2023
7/12/2023,7/13/2023,164/23XK,0341/KOREA,FROM N,KD2-1662,  2.000 ,9/7/2023
7/11/2023,7/13/2023,165/23XK,0246/KOREA,PARAN NAIL ,KD2-0737,  200 ,9/15/2023
7/11/2023,7/13/2023,165/23XK,0246/KOREA,PARAN NAIL ,KD2-0740,  800 ,9/15/2023
7/11/2023,7/13/2023,166/23XK,0427/KOREA, MABUSA COMPANY,KD2-1341,  560 ,9/16/2023
7/11/2023,7/13/2023,166/23XK,0427/KOREA, MABUSA COMPANY,KD2-1342,  565 ,9/16/2023
7/12/2023,7/14/2023,167/23xk,0241/UAE,BEDASHING BEAUTY LOUNGE LLC,KSS-0338,  6.000 ,8/7/2023
7/18/2023,7/19/2023,168/23ND,B2B,AMBIANCE NAIL SPA,B.901,  2.000 ,8/23/2023
7/18/2023,7/19/2023,168/23ND,B2B,AMBIANCE NAIL SPA,D.06-14,  5.000 ,8/23/2023
7/18/2023,7/19/2023,168/23ND,B2B,AMBIANCE NAIL SPA,S.514,  2.000 ,8/23/2023
7/5/2023,7/19/2023,169/23XK,KDQT,HỘI CHỢ TNK,B.916C-HO,  3 ,8/16/2023
7/5/2023,7/19/2023,169/23XK,KDQT,HỘI CHỢ TNK,B.916C-TR,  3 ,8/16/2023
7/5/2023,7/19/2023,169/23XK,KDQT,HỘI CHỢ TNK,B.916C-VA,  3 ,8/16/2023
7/5/2023,7/19/2023,169/23XK,KDQT,HỘI CHỢ TNK,B.916C-XL,  3 ,8/16/2023
7/5/2023,7/19/2023,169/23XK,KDQT,HỘI CHỢ TNK,C.03-12,  3 ,8/16/2023
7/5/2023,7/19/2023,169/23XK,KDQT,HỘI CHỢ TNK,C.03-14,  3 ,8/16/2023
7/5/2023,7/19/2023,169/23XK,KDQT,HỘI CHỢ TNK,C.04-12,  3 ,8/16/2023
7/5/2023,7/19/2023,169/23XK,KDQT,HỘI CHỢ TNK,C.04-14,  3 ,8/16/2023
7/5/2023,7/19/2023,169/23XK,KDQT,HỘI CHỢ TNK,C.05-14,  3 ,8/16/2023
7/5/2023,7/19/2023,169/23XK,KDQT,HỘI CHỢ TNK,C.06-14,  3 ,8/16/2023
7/5/2023,7/19/2023,169/23XK,KDQT,HỘI CHỢ TNK,C.07-12,  10 ,8/16/2023
7/5/2023,7/19/2023,169/23XK,KDQT,HỘI CHỢ TNK,C.07-14,  10 ,8/16/2023
7/5/2023,7/19/2023,169/23XK,KDQT,HỘI CHỢ TNK,C.07-3.5mm,  10 ,8/16/2023
7/5/2023,7/19/2023,169/23XK,KDQT,HỘI CHỢ TNK,C.08-14,  3 ,8/16/2023
7/5/2023,7/19/2023,169/23XK,KDQT,HỘI CHỢ TNK,C.111,  3 ,8/16/2023
7/5/2023,7/19/2023,169/23XK,KDQT,HỘI CHỢ TNK,C.112,  3 ,8/16/2023
7/5/2023,7/19/2023,169/23XK,KDQT,HỘI CHỢ TNK,C.114,  3 ,8/16/2023
7/5/2023,7/19/2023,169/23XK,KDQT,HỘI CHỢ TNK,C.118,  3 ,8/16/2023
7/5/2023,7/19/2023,169/23XK,KDQT,HỘI CHỢ TNK,C.35-12,  3 ,8/16/2023
7/5/2023,7/19/2023,169/23XK,KDQT,HỘI CHỢ TNK,C.35-14,  3 ,8/16/2023
7/5/2023,7/19/2023,169/23XK,KDQT,HỘI CHỢ TNK,C.36-12,  3 ,8/16/2023
7/5/2023,7/19/2023,169/23XK,KDQT,HỘI CHỢ TNK,C.36-14,  3 ,8/16/2023
7/5/2023,7/19/2023,169/23XK,KDQT,HỘI CHỢ TNK,C.37-12,  3 ,8/16/2023
7/5/2023,7/19/2023,169/23XK,KDQT,HỘI CHỢ TNK,C.37-14,  3 ,8/16/2023
7/5/2023,7/19/2023,169/23XK,KDQT,HỘI CHỢ TNK,CL.101-12,  3 ,8/16/2023
7/5/2023,7/19/2023,169/23XK,KDQT,HỘI CHỢ TNK,CL.201-12,  3 ,8/16/2023
7/5/2023,7/19/2023,169/23XK,KDQT,HỘI CHỢ TNK,CL.203-12,  3 ,8/16/2023
7/5/2023,7/19/2023,169/23XK,KDQT,HỘI CHỢ TNK,ES.01,  3 ,8/16/2023
7/5/2023,7/19/2023,169/23XK,KDQT,HỘI CHỢ TNK,ES.03,  3 ,8/16/2023
7/5/2023,7/19/2023,169/23XK,KDQT,HỘI CHỢ TNK,ES.04,  3 ,8/16/2023
7/5/2023,7/19/2023,169/23XK,KDQT,HỘI CHỢ TNK,ES.05,  3 ,8/16/2023
7/5/2023,7/19/2023,169/23XK,KDQT,HỘI CHỢ TNK,EVO.01V-14,  10 ,8/16/2023
7/5/2023,7/19/2023,169/23XK,KDQT,HỘI CHỢ TNK,NC.01,  3 ,8/16/2023
7/5/2023,7/19/2023,169/23XK,KDQT,HỘI CHỢ TNK,NC.02,  3 ,8/16/2023
7/5/2023,7/19/2023,169/23XK,KDQT,HỘI CHỢ TNK,NC.03,  3 ,8/16/2023
7/5/2023,7/19/2023,169/23XK,KDQT,HỘI CHỢ TNK,NC.04,  3 ,8/16/2023
7/5/2023,7/19/2023,169/23XK,KDQT,HỘI CHỢ TNK,NC.05,  400 ,8/16/2023
7/5/2023,7/19/2023,169/23XK,KDQT,HỘI CHỢ TNK,NC.06,  400 ,8/16/2023
7/5/2023,7/19/2023,169/23XK,KDQT,HỘI CHỢ TNK,P.01,  10 ,8/16/2023
7/5/2023,7/19/2023,169/23XK,KDQT,HỘI CHỢ TNK,P.02,  10 ,8/16/2023
7/5/2023,7/19/2023,169/23XK,KDQT,HỘI CHỢ TNK,P.03,  1.000 ,8/16/2023
7/5/2023,7/19/2023,169/23XK,KDQT,HỘI CHỢ TNK,P.04,  10 ,8/16/2023
7/5/2023,7/19/2023,169/23XK,KDQT,HỘI CHỢ TNK,P.05,  10 ,8/16/2023
7/5/2023,7/19/2023,169/23XK,KDQT,HỘI CHỢ TNK,P.08,  500 ,8/16/2023
7/5/2023,7/19/2023,169/23XK,KDQT,HỘI CHỢ TNK,P.09,  10 ,8/16/2023
7/5/2023,7/19/2023,169/23XK,KDQT,HỘI CHỢ TNK,P.10,  10 ,8/16/2023
7/5/2023,7/19/2023,169/23XK,KDQT,HỘI CHỢ TNK,T.01BL,  3 ,8/16/2023
7/5/2023,7/19/2023,169/23XK,KDQT,HỘI CHỢ TNK,T.01BO,  3 ,8/16/2023
7/5/2023,7/19/2023,169/23XK,KDQT,HỘI CHỢ TNK,T.01GR,  3 ,8/16/2023
7/5/2023,7/19/2023,169/23XK,KDQT,HỘI CHỢ TNK,T.01PU,  3 ,8/16/2023
7/5/2023,7/19/2023,169/23XK,KDQT,HỘI CHỢ TNK,T.01RE,  3 ,8/16/2023
7/5/2023,7/19/2023,169/23XK,KDQT,HỘI CHỢ TNK,T.03,  3 ,8/16/2023
7/5/2023,7/19/2023,169/23XK,KDQT,HỘI CHỢ TNK,T.04,  3 ,8/16/2023
7/5/2023,7/19/2023,169/23XK,KDQT,HỘI CHỢ TNK,T.05,  3 ,8/16/2023
7/5/2023,7/19/2023,169/23XK,KDQT,HỘI CHỢ TNK,T.06,  3 ,8/16/2023
7/5/2023,7/19/2023,169/23XK,KDQT,HỘI CHỢ TNK,T.07,  3 ,8/16/2023
7/5/2023,7/19/2023,169/23XK,KDQT,HỘI CHỢ TNK,T.08,  3 ,8/16/2023
7/5/2023,7/19/2023,169/23XK,KDQT,HỘI CHỢ TNK,T.09,  3 ,8/16/2023
7/13/2023,7/20/2023,170/23XK,CYRUS,NLA BEAUTY & CARE,B.939DO,  5 ,8/16/2023
7/13/2023,7/20/2023,170/23XK,CYRUS,NLA BEAUTY & CARE,B.939TI,  5 ,8/16/2023
7/13/2023,7/20/2023,170/23XK,CYRUS,NLA BEAUTY & CARE,B.939XD,  5 ,8/16/2023
7/13/2023,7/20/2023,170/23XK,CYRUS,NLA BEAUTY & CARE,B.939XL,  5 ,8/16/2023
7/13/2023,7/20/2023,170/23XK,CYRUS,NLA BEAUTY & CARE,B.999,  5 ,8/16/2023
7/13/2023,7/20/2023,170/23XK,CYRUS,NLA BEAUTY & CARE,ES.03,  5 ,8/16/2023
7/13/2023,7/20/2023,170/23XK,CYRUS,NLA BEAUTY & CARE,ES.04,  5 ,8/16/2023
7/13/2023,7/20/2023,170/23XK,CYRUS,NLA BEAUTY & CARE,ES.05,  5 ,8/16/2023
7/13/2023,7/20/2023,170/23XK,CYRUS,NLA BEAUTY & CARE,N.425DO,  5 ,8/16/2023
7/13/2023,7/20/2023,170/23XK,CYRUS,NLA BEAUTY & CARE,N.425TI,  5 ,8/16/2023
7/13/2023,7/20/2023,170/23XK,CYRUS,NLA BEAUTY & CARE,N.425XD,  5 ,8/16/2023
7/13/2023,7/20/2023,170/23XK,CYRUS,NLA BEAUTY & CARE,N.425XL,  5 ,8/16/2023
7/13/2023,7/20/2023,170/23XK,CYRUS,NLA BEAUTY & CARE,P.03,  3 ,8/16/2023
7/13/2023,7/20/2023,170/23XK,CYRUS,NLA BEAUTY & CARE,T.01BL,  5 ,8/16/2023
7/13/2023,7/20/2023,170/23XK,CYRUS,NLA BEAUTY & CARE,T.01BO,  5 ,8/16/2023
7/13/2023,7/20/2023,170/23XK,CYRUS,NLA BEAUTY & CARE,T.01GR,  5 ,8/16/2023
7/13/2023,7/20/2023,170/23XK,CYRUS,NLA BEAUTY & CARE,T.01PU,  5 ,8/16/2023
7/13/2023,7/20/2023,170/23XK,CYRUS,NLA BEAUTY & CARE,T.01RE,  5 ,8/16/2023
7/13/2023,7/20/2023,170/23XK,CYRUS,NLA BEAUTY & CARE,T.02,  10 ,8/16/2023
7/13/2023,7/20/2023,170/23XK,CYRUS,NLA BEAUTY & CARE,T.03,  10 ,8/16/2023
7/13/2023,7/20/2023,170/23XK,CYRUS,NLA BEAUTY & CARE,T.04,  10 ,8/16/2023
7/13/2023,7/20/2023,170/23XK,CYRUS,NLA BEAUTY & CARE,T.05,  10 ,8/16/2023
7/13/2023,7/20/2023,170/23XK,CYRUS,NLA BEAUTY & CARE,T.06,  10 ,8/16/2023
7/13/2023,7/20/2023,170/23XK,CYRUS,NLA BEAUTY & CARE,T.07,  10 ,8/16/2023
7/13/2023,7/20/2023,170/23XK,CYRUS,NLA BEAUTY & CARE,T.08,  10 ,8/16/2023
7/13/2023,7/20/2023,170/23XK,CYRUS,NLA BEAUTY & CARE,T.09,  10 ,8/16/2023
7/17/2023,7/20/2023,171/23XK,0393/RUSSIA,LLC RINGO,KD2-1127,  5.000 ,9/29/2023
7/17/2023,7/20/2023,171/23XK,0393/RUSSIA,LLC RINGO,KD2-1481,  5.000 ,9/29/2023
7/17/2023,7/20/2023,171/23XK,0393/RUSSIA,LLC RINGO,KD2-1543,  5.000 ,9/29/2023
7/17/2023,7/20/2023,171/23XK,0393/RUSSIA,LLC RINGO,KD2-1551,  5.000 ,9/29/2023
7/21/2023,7/25/2023,172/23XK,0425/CHINA,Guangzhou Xingdian Nail Products Company Limited,B.901NC,  2.880 ,8/28/2023
7/21/2023,7/25/2023,172/23XK,0425/CHINA,Guangzhou Xingdian Nail Products Company Limited,B.902NC,  1.800 ,8/28/2023
7/21/2023,7/25/2023,172/23XK,0425/CHINA,Guangzhou Xingdian Nail Products Company Limited,D.03-12NC,  720 ,9/16/2023
7/21/2023,7/25/2023,172/23XK,0425/CHINA,Guangzhou Xingdian Nail Products Company Limited,D.06-12NC,  1.080 ,9/16/2023
7/21/2023,7/25/2023,172/23XK,0425/CHINA,Guangzhou Xingdian Nail Products Company Limited,D.06-16NC,  360 ,9/16/2023
7/21/2023,7/25/2023,172/23XK,0425/CHINA,Guangzhou Xingdian Nail Products Company Limited,D.07-12NC,  6.840 ,9/16/2023
7/21/2023,7/25/2023,172/23XK,0425/CHINA,Guangzhou Xingdian Nail Products Company Limited,D.07-14NC,  6.840 ,9/16/2023
7/21/2023,7/25/2023,172/23XK,0425/CHINA,Guangzhou Xingdian Nail Products Company Limited,D.07-16NC,  8.280 ,9/16/2023
7/21/2023,7/25/2023,172/23XK,0425/CHINA,Guangzhou Xingdian Nail Products Company Limited,D.07-3.5NC,  3.240 ,9/16/2023
7/21/2023,7/25/2023,172/23XK,0425/CHINA,Guangzhou Xingdian Nail Products Company Limited,D.22NC,  9.000 ,9/16/2023
7/21/2023,7/25/2023,172/23XK,0425/CHINA,Guangzhou Xingdian Nail Products Company Limited,D.23NC,  24.120 ,9/16/2023
7/21/2023,7/25/2023,172/23XK,0425/CHINA,Guangzhou Xingdian Nail Products Company Limited,D.27NC,  1.080 ,9/16/2023
7/21/2023,7/25/2023,172/23XK,0425/CHINA,Guangzhou Xingdian Nail Products Company Limited,D.501-14NC,  6.840 ,9/16/2023
7/21/2023,7/25/2023,172/23XK,0425/CHINA,Guangzhou Xingdian Nail Products Company Limited,D.501NC,  49.320 ,9/16/2023
7/21/2023,7/25/2023,172/23XK,0425/CHINA,Guangzhou Xingdian Nail Products Company Limited,DL.02C-14NC,  360 ,9/16/2023
7/21/2023,7/25/2023,172/23XK,0425/CHINA,Guangzhou Xingdian Nail Products Company Limited,S.506NC,  1.080 ,8/28/2023
7/21/2023,7/25/2023,172/23XK,0425/CHINA,Guangzhou Xingdian Nail Products Company Limited,S.507NC,  1.080 ,8/28/2023
7/21/2023,7/25/2023,172/23XK,0425/CHINA,Guangzhou Xingdian Nail Products Company Limited,S.511NC,  3.240 ,8/28/2023
7/21/2023,7/25/2023,173/23xk,0410/PAT,SETACO FOR IMPORT AND EXPORT (Patrick Ricco ),KD2-1316,  720 ,9/14/2023
7/21/2023,7/25/2023,174/23XK,0457/UK,K&K BEAUTY,KD2-1828,  1.500 ,4/30/2024
7/21/2023,7/25/2023,174/23XK,0457/UK,K&K BEAUTY,KD2-1829,  1.500 ,4/30/2024
7/21/2023,7/25/2023,174/23XK,0457/UK,K&K BEAUTY,KSK-1764,  1.000 ,11/30/2023
7/21/2023,7/25/2023,174/23XK,0457/UK,K&K BEAUTY,KSS-1763,  1.000 ,11/30/2023
7/21/2023,7/25/2023,175/23XK,0491/POLAND,STAR DUST SP. Z O.O,KD2-1833,  1.000 ,9/13/2023
7/21/2023,7/25/2023,175/23XK,0491/POLAND,STAR DUST SP. Z O.O,KSK-1834,  1.000 ,9/13/2023
7/21/2023,7/25/2023,176/23XK,0425/CHINA,Guangzhou Xingdian Nail Products Company Limited,KD2-1830,  1.000 ,10/28/2023
7/21/2023,7/25/2023,176/23XK,0425/CHINA,Guangzhou Xingdian Nail Products Company Limited,KSB-1831,  1.000 ,10/28/2023
7/21/2023,7/25/2023,176/23XK,0425/CHINA,Guangzhou Xingdian Nail Products Company Limited,KSS-1832,  1.000 ,10/28/2023
7/24/2023,7/25/2023,177/23ND,B2B,HẢI VÂN,BQT.HAIVAN,  305 ,8/10/2023
7/24/2023,7/25/2023,178/23XK,0475/CHINA,"NINGBO CENTURY TIMES IMPORT AND EXPORT CO., LTD",KD2-1806,  500 ,9/15/2023
7/24/2023,7/25/2023,178/23XK,0475/CHINA,"NINGBO CENTURY TIMES IMPORT AND EXPORT CO., LTD",KD2-1807,  400 ,9/15/2023
7/24/2023,7/25/2023,178/23XK,0475/CHINA,"NINGBO CENTURY TIMES IMPORT AND EXPORT CO., LTD",KD2-1808,  500 ,9/15/2023
7/24/2023,7/25/2023,178/23XK,0475/CHINA,"NINGBO CENTURY TIMES IMPORT AND EXPORT CO., LTD",KD2-1809,  500 ,9/15/2023
7/24/2023,7/25/2023,178/23XK,0475/CHINA,"NINGBO CENTURY TIMES IMPORT AND EXPORT CO., LTD",KD2-1810,  500 ,9/15/2023
7/24/2023,7/25/2023,178/23XK,0475/CHINA,"NINGBO CENTURY TIMES IMPORT AND EXPORT CO., LTD",KD2-1811,  500 ,9/15/2023
7/24/2023,7/25/2023,178/23XK,0475/CHINA,"NINGBO CENTURY TIMES IMPORT AND EXPORT CO., LTD",KD2-1812,  500 ,9/15/2023
7/24/2023,7/25/2023,178/23XK,0475/CHINA,"NINGBO CENTURY TIMES IMPORT AND EXPORT CO., LTD",KD2-1813,  500 ,9/15/2023
7/24/2023,7/25/2023,178/23XK,0475/CHINA,"NINGBO CENTURY TIMES IMPORT AND EXPORT CO., LTD",KD2-1814,  500 ,9/15/2023
7/24/2023,7/25/2023,178/23XK,0475/CHINA,"NINGBO CENTURY TIMES IMPORT AND EXPORT CO., LTD",KD2-1815,  500 ,9/15/2023
7/24/2023,7/25/2023,178/23XK,0475/CHINA,"NINGBO CENTURY TIMES IMPORT AND EXPORT CO., LTD",KD2-1816,  500 ,9/15/2023
7/24/2023,7/25/2023,178/23XK,0475/CHINA,"NINGBO CENTURY TIMES IMPORT AND EXPORT CO., LTD",KD2-1817,  500 ,9/15/2023
7/24/2023,7/25/2023,178/23XK,0475/CHINA,"NINGBO CENTURY TIMES IMPORT AND EXPORT CO., LTD",KD2-1818,  500 ,9/15/2023
7/24/2023,7/25/2023,178/23XK,0475/CHINA,"NINGBO CENTURY TIMES IMPORT AND EXPORT CO., LTD",KD2-1819,  500 ,9/15/2023
7/24/2023,7/25/2023,178/23XK,0475/CHINA,"NINGBO CENTURY TIMES IMPORT AND EXPORT CO., LTD",KD2-1820,  1.000 ,9/15/2023
7/24/2023,7/25/2023,178/23XK,0475/CHINA,"NINGBO CENTURY TIMES IMPORT AND EXPORT CO., LTD",KD2-1821,  500 ,9/15/2023
7/24/2023,7/25/2023,178/23XK,0475/CHINA,"NINGBO CENTURY TIMES IMPORT AND EXPORT CO., LTD",KD2-1822,  1.000 ,9/15/2023
7/24/2023,7/25/2023,178/23XK,0475/CHINA,"NINGBO CENTURY TIMES IMPORT AND EXPORT CO., LTD",KD2-1823,  500 ,9/15/2023
7/24/2023,7/25/2023,178/23XK,0475/CHINA,"NINGBO CENTURY TIMES IMPORT AND EXPORT CO., LTD",KD2-1824,  1.000 ,9/15/2023
7/24/2023,7/25/2023,178/23XK,0475/CHINA,"NINGBO CENTURY TIMES IMPORT AND EXPORT CO., LTD",KD2-1825,  500 ,9/15/2023
7/24/2023,7/25/2023,178/23XK,0475/CHINA,"NINGBO CENTURY TIMES IMPORT AND EXPORT CO., LTD",KD2-1826,  1.000 ,9/15/2023
7/24/2023,7/25/2023,178/23XK,0475/CHINA,"NINGBO CENTURY TIMES IMPORT AND EXPORT CO., LTD",KD2-1827,  500 ,9/15/2023
7/24/2023,7/25/2023,178/23XK,0475/CHINA,"NINGBO CENTURY TIMES IMPORT AND EXPORT CO., LTD",KDT-1800,  5.000 ,9/15/2023
7/24/2023,7/25/2023,178/23XK,0475/CHINA,"NINGBO CENTURY TIMES IMPORT AND EXPORT CO., LTD",KDT-1801,  2.000 ,9/15/2023
7/24/2023,7/25/2023,178/23XK,0475/CHINA,"NINGBO CENTURY TIMES IMPORT AND EXPORT CO., LTD",KDT-1802,  2.000 ,9/15/2023
7/24/2023,7/25/2023,178/23XK,0475/CHINA,"NINGBO CENTURY TIMES IMPORT AND EXPORT CO., LTD",KDT-1803,  1.000 ,9/15/2023
7/24/2023,7/25/2023,178/23XK,0475/CHINA,"NINGBO CENTURY TIMES IMPORT AND EXPORT CO., LTD",KDT-1804,  1.000 ,9/15/2023
7/24/2023,7/25/2023,178/23XK,0475/CHINA,"NINGBO CENTURY TIMES IMPORT AND EXPORT CO., LTD",KDT-1805,  500 ,9/15/2023
7/24/2023,7/25/2023,178/23XK,0475/CHINA,"NINGBO CENTURY TIMES IMPORT AND EXPORT CO., LTD",KDT-1836,  2.000 ,9/15/2023
7/24/2023,7/25/2023,178/23XK,0475/CHINA,"NINGBO CENTURY TIMES IMPORT AND EXPORT CO., LTD",KDT-1837,  894 ,9/15/2023
7/25/2023,8/3/2023,179/23XK,0069/POLAND,ACTIV TOMASZ PACHOLCZYK,C.02-14,  360 ,9/6/2023
7/25/2023,8/3/2023,179/23XK,0069/POLAND,ACTIV TOMASZ PACHOLCZYK,C.04-12,  1.080 ,9/6/2023
7/25/2023,8/3/2023,179/23XK,0069/POLAND,ACTIV TOMASZ PACHOLCZYK,C.04-14,  720 ,9/6/2023
7/25/2023,8/3/2023,179/23XK,0069/POLAND,ACTIV TOMASZ PACHOLCZYK,C.04-16,  360 ,9/6/2023
7/25/2023,8/3/2023,179/23XK,0069/POLAND,ACTIV TOMASZ PACHOLCZYK,C.04-3.5mm,  2.160 ,9/6/2023
7/25/2023,8/3/2023,179/23XK,0069/POLAND,ACTIV TOMASZ PACHOLCZYK,C.05-12,  1.280 ,9/6/2023
7/25/2023,8/3/2023,179/23XK,0069/POLAND,ACTIV TOMASZ PACHOLCZYK,C.06-12,  360 ,9/6/2023
7/25/2023,8/3/2023,179/23XK,0069/POLAND,ACTIV TOMASZ PACHOLCZYK,C.06-16,  360 ,9/6/2023
7/25/2023,8/3/2023,179/23XK,0069/POLAND,ACTIV TOMASZ PACHOLCZYK,C.07-12,  6.100 ,9/6/2023
7/25/2023,8/3/2023,179/23XK,0069/POLAND,ACTIV TOMASZ PACHOLCZYK,C.07-16,  720 ,9/6/2023
7/25/2023,8/3/2023,179/23XK,0069/POLAND,ACTIV TOMASZ PACHOLCZYK,C.07-3.5mm,  7.200 ,9/6/2023
7/25/2023,8/3/2023,179/23XK,0069/POLAND,ACTIV TOMASZ PACHOLCZYK,CL.201GR-5mm,  420 ,9/30/2023
7/25/2023,8/3/2023,179/23XK,0069/POLAND,ACTIV TOMASZ PACHOLCZYK,CL.205-5mm,  420 ,9/30/2023
7/25/2023,8/3/2023,179/23XK,0069/POLAND,ACTIV TOMASZ PACHOLCZYK,CL.206-5mm,  420 ,11/30/2023
7/25/2023,8/3/2023,179/23XK,0069/POLAND,ACTIV TOMASZ PACHOLCZYK,CL.207-5mm,  420 ,9/30/2023
7/25/2023,8/3/2023,179/23XK,0069/POLAND,ACTIV TOMASZ PACHOLCZYK,CL.S01-5mm,  420 ,9/30/2023
7/25/2023,8/3/2023,179/23XK,0069/POLAND,ACTIV TOMASZ PACHOLCZYK,CL.S02-5mm,  60 ,9/30/2023
7/25/2023,8/3/2023,179/23XK,0069/POLAND,ACTIV TOMASZ PACHOLCZYK,ES.01,  360 ,9/14/2023
7/25/2023,8/3/2023,179/23XK,0069/POLAND,ACTIV TOMASZ PACHOLCZYK,ES.03,  360 ,9/14/2023
7/25/2023,8/3/2023,179/23XK,0069/POLAND,ACTIV TOMASZ PACHOLCZYK,KD.701,  60 ,9/14/2023
7/25/2023,8/3/2023,179/23XK,0069/POLAND,ACTIV TOMASZ PACHOLCZYK,KD.702,  60 ,9/14/2023
7/25/2023,8/3/2023,179/23XK,0069/POLAND,ACTIV TOMASZ PACHOLCZYK,KD.703,  60 ,9/14/2023
7/25/2023,8/3/2023,179/23XK,0069/POLAND,ACTIV TOMASZ PACHOLCZYK,KD.704,  60 ,9/14/2023
7/25/2023,8/3/2023,179/23XK,0069/POLAND,ACTIV TOMASZ PACHOLCZYK,KD.705,  60 ,9/14/2023
7/25/2023,8/3/2023,179/23XK,0069/POLAND,ACTIV TOMASZ PACHOLCZYK,KD.706,  60 ,9/14/2023
7/25/2023,8/3/2023,179/23XK,0069/POLAND,ACTIV TOMASZ PACHOLCZYK,KD.707,  60 ,9/14/2023
7/25/2023,8/3/2023,179/23XK,0069/POLAND,ACTIV TOMASZ PACHOLCZYK,NC.01,  360 ,9/14/2023
7/25/2023,8/3/2023,179/23XK,0069/POLAND,ACTIV TOMASZ PACHOLCZYK,NC.05,  420 ,9/14/2023
7/25/2023,8/3/2023,179/23XK,0069/POLAND,ACTIV TOMASZ PACHOLCZYK,NC.06,  420 ,9/14/2023
7/25/2023,8/3/2023,179/23XK,0069/POLAND,ACTIV TOMASZ PACHOLCZYK,NL.201,  60 ,9/30/2023
7/25/2023,9/20/2023,179/23XK,0069/POLAND,ACTIV TOMASZ PACHOLCZYK,NL.202,  420 ,1/25/2024
7/25/2023,8/3/2023,179/23XK,0069/POLAND,ACTIV TOMASZ PACHOLCZYK,NL.203,  420 ,9/30/2023
7/25/2023,8/3/2023,179/23XK,0069/POLAND,ACTIV TOMASZ PACHOLCZYK,NL.204,  420 ,9/30/2023
7/25/2023,8/3/2023,179/23XK,0069/POLAND,ACTIV TOMASZ PACHOLCZYK,NL.205,  420 ,9/30/2023
7/25/2023,8/3/2023,179/23XK,0069/POLAND,ACTIV TOMASZ PACHOLCZYK,P.02,  360 ,9/14/2023
7/25/2023,8/3/2023,179/23XK,0069/POLAND,ACTIV TOMASZ PACHOLCZYK,P.04,  360 ,9/14/2023
7/25/2023,8/3/2023,179/23XK,0069/POLAND,ACTIV TOMASZ PACHOLCZYK,P.08,  720 ,9/14/2023
7/25/2023,8/3/2023,179/23XK,0069/POLAND,ACTIV TOMASZ PACHOLCZYK,P.10,  360 ,9/14/2023
7/25/2023,8/3/2023,179/23XK,0069/POLAND,ACTIV TOMASZ PACHOLCZYK,T.01BL,  720 ,9/14/2023
7/25/2023,8/3/2023,179/23XK,0069/POLAND,ACTIV TOMASZ PACHOLCZYK,T.01BO,  720 ,9/14/2023
7/25/2023,8/3/2023,179/23XK,0069/POLAND,ACTIV TOMASZ PACHOLCZYK,T.01GR,  720 ,9/14/2023
7/25/2023,8/3/2023,179/23XK,0069/POLAND,ACTIV TOMASZ PACHOLCZYK,T.01RE,  360 ,9/14/2023
7/25/2023,8/3/2023,179/23XK,0069/POLAND,ACTIV TOMASZ PACHOLCZYK,T.02,  360 ,9/14/2023
7/25/2023,8/3/2023,179/23XK,0069/POLAND,ACTIV TOMASZ PACHOLCZYK,T.03,  1.080 ,10/18/2023
7/25/2023,8/3/2023,179/23XK,0069/POLAND,ACTIV TOMASZ PACHOLCZYK,T.04,  360 ,9/14/2023
7/25/2023,8/3/2023,179/23XK,0069/POLAND,ACTIV TOMASZ PACHOLCZYK,T.05,  360 ,9/14/2023
7/25/2023,8/3/2023,179/23XK,0069/POLAND,ACTIV TOMASZ PACHOLCZYK,T.06,  720 ,9/14/2023
7/25/2023,8/3/2023,179/23XK,0069/POLAND,ACTIV TOMASZ PACHOLCZYK,T.07,  1.440 ,9/14/2023
7/25/2023,8/3/2023,179/23XK,0069/POLAND,ACTIV TOMASZ PACHOLCZYK,T.09,  720 ,9/14/2023
7/27/2023,7/28/2023,180/23xk,NNC,NNC,KM.601,  360 ,8/4/2023
7/27/2023,7/28/2023,180/23xk,NNC,NNC,KM.603,  720 ,8/4/2023
7/27/2023,7/28/2023,180/23xk,NNC,NNC,KM.605,  360 ,8/4/2023
7/28/2023,8/3/2023,181/23xk,0404/GREECE,EVANGELOS TARES LTD -THOMAS COSMETICS,C.04-3.5mm,  180 ,9/30/2023
7/28/2023,8/3/2023,181/23xk,0404/GREECE,EVANGELOS TARES LTD -THOMAS COSMETICS,C.07-14,  180 ,9/30/2023
7/28/2023,8/3/2023,181/23xk,0404/GREECE,EVANGELOS TARES LTD -THOMAS COSMETICS,C.07-16,  180 ,9/30/2023
7/28/2023,8/3/2023,181/23xk,0404/GREECE,EVANGELOS TARES LTD -THOMAS COSMETICS,C.37-12,  180 ,9/30/2023
7/28/2023,8/3/2023,181/23xk,0404/GREECE,EVANGELOS TARES LTD -THOMAS COSMETICS,KD.706,  180 ,9/30/2023
7/28/2023,9/20/2023,181/23xk,0404/GREECE,EVANGELOS TARES LTD -THOMAS COSMETICS,NL.202,  180 ,11/10/2023
8/2/2023,8/3/2023,182/23XK,0405/MALAYSIA,YOUSHINE SOLUTION SDN BHD.,C.04-12,  360 ,8/15/2023
8/2/2023,8/3/2023,182/23XK,0405/MALAYSIA,YOUSHINE SOLUTION SDN BHD.,C.04-14,  720 ,8/15/2023
8/2/2023,8/3/2023,182/23XK,0405/MALAYSIA,YOUSHINE SOLUTION SDN BHD.,C.07-12,  360 ,8/15/2023
8/2/2023,8/3/2023,182/23XK,0405/MALAYSIA,YOUSHINE SOLUTION SDN BHD.,C.07-14,  720 ,8/15/2023
8/2/2023,8/3/2023,182/23XK,0405/MALAYSIA,YOUSHINE SOLUTION SDN BHD.,CL.201-12,  180 ,10/17/2023
8/3/2023,8/3/2023,183/23XK,0418/OMAN,MAYA NAILSHOP,C.111,  360 ,8/28/2023
8/3/2023,8/3/2023,183/23XK,0418/OMAN,MAYA NAILSHOP,C.112,  360 ,8/28/2023
8/3/2023,8/3/2023,183/23XK,0418/OMAN,MAYA NAILSHOP,C.114,  120 ,8/28/2023
8/3/2023,8/3/2023,183/23XK,0418/OMAN,MAYA NAILSHOP,C.36-12,  360 ,9/30/2023
8/1/2023,8/9/2023,184/23XK,0300/LATVIA,"Passo International, SIA",KD2-0788,  500 ,10/20/2023
8/1/2023,8/9/2023,184/23XK,0300/LATVIA,"Passo International, SIA",KD2-0789,  500 ,10/20/2023
8/1/2023,8/9/2023,184/23XK,0300/LATVIA,"Passo International, SIA",KD2-1303,  500 ,10/20/2023
8/1/2023,8/9/2023,184/23XK,0300/LATVIA,"Passo International, SIA",KSN-0790,  500 ,10/20/2023
8/1/2023,8/9/2023,184/23XK,0300/LATVIA,"Passo International, SIA",KSS-0717,  500 ,10/20/2023
8/3/2023,8/8/2023,185/23XK,0393/RUSSIA,LLC RINGO,KD2-1144,  10.000 ,10/25/2023
8/3/2023,8/8/2023,186/23XK,0489/CHINA,MEIXIANG TRENDY CARE LIMITED,KD2-1849,  1.000 ,9/27/2023
8/3/2023,8/8/2023,186/23XK,0489/CHINA,MEIXIANG TRENDY CARE LIMITED,KD2-1850,  1.000 ,9/27/2023
8/3/2023,8/8/2023,186/23XK,0489/CHINA,MEIXIANG TRENDY CARE LIMITED,KD2-1851,  1.000 ,9/27/2023
8/3/2023,8/8/2023,186/23XK,0489/CHINA,MEIXIANG TRENDY CARE LIMITED,KDT-1848,  1.000 ,9/27/2023
8/3/2023,8/8/2023,186/23XK,0489/CHINA,MEIXIANG TRENDY CARE LIMITED,KSK-1846,  1.000 ,9/27/2023
8/3/2023,8/8/2023,186/23XK,0489/CHINA,MEIXIANG TRENDY CARE LIMITED,KSK-1847,  1.000 ,9/27/2023
8/2/2023,8/10/2023,187/23XK,0303/GREECE,CENTER CARE,C.118,  400 ,9/25/2023
8/2/2023,8/10/2023,187/23XK,0303/GREECE,CENTER CARE,C.37-12,  50 ,9/25/2023
8/2/2023,8/10/2023,187/23XK,0303/GREECE,CENTER CARE,C.37-14,  50 ,9/25/2023
8/3/2023,8/10/2023,188/23XK,0494/UKRAINE,BEAUTY PROF LCC,B.939DO,  50 ,9/30/2023
8/3/2023,8/10/2023,188/23XK,0494/UKRAINE,BEAUTY PROF LCC,B.939TI,  50 ,9/30/2023
8/3/2023,8/10/2023,188/23XK,0494/UKRAINE,BEAUTY PROF LCC,B.939XD,  50 ,9/30/2023
8/3/2023,8/10/2023,188/23XK,0494/UKRAINE,BEAUTY PROF LCC,B.939XL,  50 ,9/30/2023
8/3/2023,8/10/2023,188/23XK,0494/UKRAINE,BEAUTY PROF LCC,B.999,  200 ,9/30/2023
8/3/2023,8/10/2023,188/23XK,0494/UKRAINE,BEAUTY PROF LCC,C.06-12,  300 ,9/8/2023
8/3/2023,8/10/2023,188/23XK,0494/UKRAINE,BEAUTY PROF LCC,IS.01,  300 ,9/8/2023
8/3/2023,8/10/2023,188/23XK,0494/UKRAINE,BEAUTY PROF LCC,IS.03,  300 ,9/8/2023
8/3/2023,8/10/2023,188/23XK,0494/UKRAINE,BEAUTY PROF LCC,KD.701,  300 ,9/8/2023
8/3/2023,8/10/2023,188/23XK,0494/UKRAINE,BEAUTY PROF LCC,KD.702,  1.000 ,9/8/2023
8/3/2023,8/10/2023,188/23XK,0494/UKRAINE,BEAUTY PROF LCC,KD.703,  1.000 ,9/30/2023
8/3/2023,8/10/2023,188/23XK,0494/UKRAINE,BEAUTY PROF LCC,KD.704,  300 ,9/30/2023
8/3/2023,8/10/2023,188/23XK,0494/UKRAINE,BEAUTY PROF LCC,KD.705,  1.000 ,9/30/2023
8/3/2023,8/10/2023,188/23XK,0494/UKRAINE,BEAUTY PROF LCC,KD.706,  1.000 ,9/8/2023
8/3/2023,8/10/2023,188/23XK,0494/UKRAINE,BEAUTY PROF LCC,N.07,  500 ,9/30/2023
8/3/2023,8/10/2023,188/23XK,0494/UKRAINE,BEAUTY PROF LCC,NC.01,  200 ,9/8/2023
8/3/2023,8/10/2023,188/23XK,0494/UKRAINE,BEAUTY PROF LCC,NC.03,  200 ,9/8/2023
8/3/2023,8/10/2023,188/23XK,0494/UKRAINE,BEAUTY PROF LCC,NC.04,  200 ,9/8/2023
8/3/2023,8/10/2023,188/23XK,0494/UKRAINE,BEAUTY PROF LCC,P.02,  500 ,9/8/2023
8/3/2023,8/10/2023,188/23XK,0494/UKRAINE,BEAUTY PROF LCC,P.03,  1.000 ,9/8/2023
8/3/2023,8/10/2023,188/23XK,0494/UKRAINE,BEAUTY PROF LCC,P.05,  1.500 ,9/8/2023
8/3/2023,8/10/2023,188/23XK,0494/UKRAINE,BEAUTY PROF LCC,P.13,  2.000 ,9/30/2023
8/3/2023,8/10/2023,188/23XK,0494/UKRAINE,BEAUTY PROF LCC,P.14,  1.000 ,9/30/2023
8/3/2023,8/10/2023,188/23XK,0494/UKRAINE,BEAUTY PROF LCC,T.01BL,  20 ,9/8/2023
8/3/2023,8/10/2023,188/23XK,0494/UKRAINE,BEAUTY PROF LCC,T.01BO,  20 ,9/8/2023
8/3/2023,8/10/2023,188/23XK,0494/UKRAINE,BEAUTY PROF LCC,T.01GR,  20 ,9/8/2023
8/3/2023,8/10/2023,188/23XK,0494/UKRAINE,BEAUTY PROF LCC,T.01PU,  20 ,9/8/2023
8/3/2023,8/10/2023,188/23XK,0494/UKRAINE,BEAUTY PROF LCC,T.01RE,  20 ,9/8/2023
8/3/2023,8/10/2023,188/23XK,0494/UKRAINE,BEAUTY PROF LCC,T.03,  100 ,9/30/2023
8/3/2023,8/10/2023,188/23XK,0494/UKRAINE,BEAUTY PROF LCC,T.04,  100 ,9/8/2023
8/3/2023,8/10/2023,188/23XK,0494/UKRAINE,BEAUTY PROF LCC,T.05,  200 ,9/8/2023
8/3/2023,8/10/2023,188/23XK,0494/UKRAINE,BEAUTY PROF LCC,T.06,  100 ,9/8/2023
8/3/2023,8/10/2023,188/23XK,0494/UKRAINE,BEAUTY PROF LCC,T.07,  200 ,9/8/2023
8/3/2023,8/10/2023,188/23XK,0494/UKRAINE,BEAUTY PROF LCC,T.09,  150 ,9/8/2023
8/7/2023,8/9/2023,189/23xk,0362/QATAR,BEAUTY LINES,C.112,  360 ,9/26/2023
8/7/2023,8/9/2023,189/23xk,0362/QATAR,BEAUTY LINES,C.118,  60 ,9/26/2023
8/7/2023,8/9/2023,189/23xk,0362/QATAR,BEAUTY LINES,C.36-12,  360 ,9/26/2023
8/7/2023,8/9/2023,189/23xk,0362/QATAR,BEAUTY LINES,N.04,  60 ,9/26/2023
8/8/2023,8/9/2023,190/23XK,0216/SING,PNC (S) TRADERS PTE LTD.,C.04-12,  400 ,9/12/2023
8/8/2023,8/9/2023,190/23XK,0216/SING,PNC (S) TRADERS PTE LTD.,C.04-14,  400 ,9/12/2023
8/8/2023,8/9/2023,190/23XK,0216/SING,PNC (S) TRADERS PTE LTD.,C.05-12,  360 ,9/12/2023
8/8/2023,8/9/2023,190/23XK,0216/SING,PNC (S) TRADERS PTE LTD.,C.06-12,  360 ,9/12/2023
8/8/2023,8/9/2023,190/23XK,0216/SING,PNC (S) TRADERS PTE LTD.,C.06-14,  360 ,9/12/2023
8/8/2023,8/9/2023,190/23XK,0216/SING,PNC (S) TRADERS PTE LTD.,C.07-12,  800 ,9/12/2023
8/8/2023,8/9/2023,190/23XK,0216/SING,PNC (S) TRADERS PTE LTD.,C.07-14,  800 ,9/12/2023
8/8/2023,8/9/2023,190/23XK,0216/SING,PNC (S) TRADERS PTE LTD.,C.07-16,  360 ,9/12/2023
8/8/2023,8/9/2023,190/23XK,0216/SING,PNC (S) TRADERS PTE LTD.,C.112,  700 ,9/12/2023
8/8/2023,8/9/2023,190/23XK,0216/SING,PNC (S) TRADERS PTE LTD.,C.118,  700 ,9/12/2023
8/8/2023,8/10/2023,191/23xk,0003/JAPAN,BLUE INC,KD2-0266,  2.000 ,10/25/2023
8/8/2023,8/10/2023,191/23xk1,0003/JAPAN,BLUE INC,KD2-0266,  2.000 ,11/15/2023
8/7/2023,8/11/2023,192/23XK,0211/JAPAN,MARUTO HASEGAWA KOSAKUJO INC.,KSK-0484,  500 ,9/26/2023
8/7/2023,8/11/2023,192/23XK,0211/JAPAN,MARUTO HASEGAWA KOSAKUJO INC.,KSK-1765,  40 ,8/31/2023
8/7/2023,8/11/2023,192/23XK,0211/JAPAN,MARUTO HASEGAWA KOSAKUJO INC.,KSK-1766,  40 ,8/31/2023
8/7/2023,,192/23XK,0211/JAPAN,MARUTO HASEGAWA KOSAKUJO INC.,KSN-0387,  500 ,10/16/2024
8/7/2023,8/11/2023,192/23XK,0211/JAPAN,MARUTO HASEGAWA KOSAKUJO INC.,KSN-1767,  40 ,10/16/2024
8/9/2023,8/11/2023,193/23XK,0367/TAIWAN,LOVE SCARLETT INTERNATIONAL CONSULTANTS LIMITED.,KD2-1839,  1.500 ,9/29/2023
8/9/2023,8/11/2023,193/23XK,0367/TAIWAN,LOVE SCARLETT INTERNATIONAL CONSULTANTS LIMITED.,KD2-1840,  1.500 ,9/29/2023
8/9/2023,8/11/2023,193/23XK,0367/TAIWAN,LOVE SCARLETT INTERNATIONAL CONSULTANTS LIMITED.,KD2-1841,  1.500 ,9/29/2023
8/9/2023,8/11/2023,193/23XK,0367/TAIWAN,LOVE SCARLETT INTERNATIONAL CONSULTANTS LIMITED.,KD2-1842,  1.500 ,9/29/2023
8/9/2023,8/11/2023,193/23XK,0367/TAIWAN,LOVE SCARLETT INTERNATIONAL CONSULTANTS LIMITED.,KSB-1843,  500 ,9/26/2023
8/9/2023,8/11/2023,193/23XK,0367/TAIWAN,LOVE SCARLETT INTERNATIONAL CONSULTANTS LIMITED.,KSS-1844,  500 ,9/26/2023
8/9/2023,8/11/2023,194/23XK,0496/POLAND,APM GROUP,KD2-1855,  500 ,10/10/2023
8/9/2023,8/11/2023,194/23XK,0496/POLAND,APM GROUP,KD2-1856,  500 ,10/10/2023
8/9/2023,8/11/2023,194/23XK,0496/POLAND,APM GROUP,KD2-1857,  500 ,10/10/2023
8/9/2023,8/11/2023,194/23XK,0496/POLAND,APM GROUP,KSK-1858,  500 ,10/10/2023
8/9/2023,8/11/2023,194/23XK,0496/POLAND,APM GROUP,KSK-1859,  500 ,10/10/2023
8/10/2023,8/15/2023,195/23XK,0497/RUSSIA,ALEX BEAUTY CONCEPTS,C.04-16,  240 ,10/14/2023
8/10/2023,8/15/2023,195/23XK,0497/RUSSIA,ALEX BEAUTY CONCEPTS,C.06-16,  60 ,10/14/2023
8/10/2023,8/15/2023,195/23XK,0497/RUSSIA,ALEX BEAUTY CONCEPTS,CL.201-16,  60 ,10/14/2023
8/10/2023,8/15/2023,195/23XK,0497/RUSSIA,ALEX BEAUTY CONCEPTS,CL.203-16,  60 ,10/14/2023
8/10/2023,8/15/2023,195/23XK,0497/RUSSIA,ALEX BEAUTY CONCEPTS,NB.103C,  30 ,9/8/2023
8/10/2023,8/15/2023,195/23XK,0497/RUSSIA,ALEX BEAUTY CONCEPTS,NB.106,  120 ,10/14/2023
8/10/2023,8/15/2023,195/23XK,0497/RUSSIA,ALEX BEAUTY CONCEPTS,NB.107,  120 ,9/8/2023
8/10/2023,8/15/2023,195/23XK,0497/RUSSIA,ALEX BEAUTY CONCEPTS,NL.102,  60 ,10/14/2023
8/10/2023,8/15/2023,195/23XK,0497/RUSSIA,ALEX BEAUTY CONCEPTS,P.05,  60 ,10/14/2023
8/10/2023,8/15/2023,195/23XK,0497/RUSSIA,ALEX BEAUTY CONCEPTS,P.10,  120 ,10/14/2023
8/10/2023,8/15/2023,196/23XK,0139/JAPAN,"UTSUMI CO., LTD",KD2-0282,  2.000 ,10/9/2023
8/10/2023,8/15/2023,196/23XK,0139/JAPAN,"UTSUMI CO., LTD",KSS-0283,  4.000 ,10/20/2023
8/10/2023,8/15/2023,197/23xk,0494/UKRAINE,BEAUTY PROF LCC,AB.202,  200 ,10/20/2023
8/10/2023,8/15/2023,197/23XK,0494/UKRAINE,BEAUTY PROF LCC,AL.101,  100 ,10/20/2023
8/10/2023,8/15/2023,197/23XK,0494/UKRAINE,BEAUTY PROF LCC,AL.101C,  100 ,10/20/2023
8/10/2023,8/15/2023,197/23XK,0494/UKRAINE,BEAUTY PROF LCC,AL.201C,  200 ,10/20/2023
8/10/2023,8/15/2023,197/23XK,0494/UKRAINE,BEAUTY PROF LCC,C.07-7MM,  200 ,10/20/2023
8/10/2023,8/15/2023,197/23xk,0494/UKRAINE,BEAUTY PROF LCC,CL.206-5mm,  300 ,11/22/2023
8/10/2023,8/15/2023,197/23xk,0494/UKRAINE,BEAUTY PROF LCC,CL.206-7mm,  700 ,11/22/2023
8/10/2023,10/30/2023,197/23xk,0494/UKRAINE,BEAUTY PROF LCC,CL.209-12mm,  700 ,2/3/2024
8/10/2023,12/4/2023,197/23xk,0494/UKRAINE,BEAUTY PROF LCC,CL.210-12MM,  700 ,2/3/2024
8/10/2023,10/30/2023,197/23xk,0494/UKRAINE,BEAUTY PROF LCC,CL.211-10MM,  700 ,2/3/2024
8/10/2023,8/15/2023,197/23xk,0494/UKRAINE,BEAUTY PROF LCC,NL.202,  500 ,11/30/2023
8/10/2023,8/15/2023,197/23XK,0494/UKRAINE,BEAUTY PROF LCC,NL.203,  700 ,10/20/2023
8/10/2023,8/15/2023,197/23XK,0494/UKRAINE,BEAUTY PROF LCC,NL.205,  500 ,10/20/2023
8/10/2023,9/29/2023,197/23xk,0494/UKRAINE,BEAUTY PROF LCC,NL.206,  500 ,11/19/2023
8/10/2023,9/29/2023,197/23xk,0494/UKRAINE,BEAUTY PROF LCC,NL.207,  700 ,1/15/2024
8/10/2023,9/29/2023,197/23xk,0494/UKRAINE,BEAUTY PROF LCC,NL.208,  700 ,11/19/2023
8/11/2023,8/15/2023,198/23XK,0002/ITALY,ALPEN DEI F.LLI GIANOLA SNC,KDT-0002,  500 ,11/10/2023
8/11/2023,8/15/2023,198/23XK,0002/ITALY,ALPEN DEI F.LLI GIANOLA SNC,KDT-0003,  500 ,11/10/2023
8/11/2023,8/15/2023,198/23XK,0002/ITALY,ALPEN DEI F.LLI GIANOLA SNC,KDT-0004,  500 ,11/10/2023
8/11/2023,8/15/2023,198/23XK,0002/ITALY,ALPEN DEI F.LLI GIANOLA SNC,KDT-0016,  500 ,11/10/2023
8/10/2023,8/15/2023,199/23XK,0492/KOREA,DOWOON INDUSTRY,KD2-1752,  1.000 ,10/16/2023
9/18/2023,9/19/2023,200/23ND,B2B,SHAT,B.916C-HO,  200 ,9/27/2023
9/18/2023,9/19/2023,200/23ND,B2B,SHAT,B.916C-TR,  100 ,9/27/2023
9/18/2023,9/19/2023,200/23ND,B2B,SHAT,B.916C-VA,  100 ,9/27/2023
9/18/2023,9/19/2023,200/23ND,B2B,SHAT,B.916C-XL,  100 ,9/27/2023
8/16/2023,8/18/2023,201/23XK,0417/INDONESIA,CV THE NAIL SHOPPE,C.07.2-12,  2.000 ,10/17/2023
8/16/2023,8/18/2023,201/23XK,0417/INDONESIA,CV THE NAIL SHOPPE,C.112-12,  5.000 ,10/17/2023
8/17/2023,8/18/2023,202/23XK,0498/USA,NAIL SPIRALCY LLC,KD2-1860,  1.000 ,10/16/2023
8/17/2023,8/18/2023,202/23XK,0498/USA,NAIL SPIRALCY LLC,KSS-1861,  1.000 ,10/16/2023
8/16/2023,8/18/2023,203/23ND,B2B,VIETNCATRADING,BQT.KT,  200 ,9/15/2023
8/16/2023,8/18/2023,203/23ND,B2B,VIETNCATRADING,BQT.VIETNCA,  350 ,9/15/2023
8/18/2023,8/18/2023,204/23ND,B2B,SIÊU THANH,S.THANH23,  500 ,9/23/2023
8/17/2023,8/25/2023,205/23XK,0026/GERMANY,ZWILLING Beauty Group GmbH,KD2-0211,  3.500 ,3/4/2024
8/17/2023,8/25/2023,205/23XK,0026/GERMANY,ZWILLING Beauty Group GmbH,KM2-0212,  3.600 ,3/4/2024
8/17/2023,8/25/2023,205/23XK,0026/GERMANY,ZWILLING Beauty Group GmbH,KM2-0550,  2.000 ,3/4/2024
8/17/2023,8/25/2023,205/23XK,0026/GERMANY,ZWILLING Beauty Group GmbH,KSS-0213,  2.400 ,3/4/2024
8/24/2023,8/25/2023,206/23XK,0336/CHINA,"QVS Global China, LTD",KD2-0211,  400 ,11/16/2023
8/24/2023,8/25/2023,206/23XK,0336/CHINA,"QVS Global China, LTD",KD2-0568,  200 ,11/16/2023
8/24/2023,8/25/2023,206/23XK,0336/CHINA,"QVS Global China, LTD",KM2-0550,  300 ,11/16/2023
8/30/2023,8/30/2023,207/23XK,NNC,NNC,B.916C-HO,  720 ,9/28/2023
8/30/2023,8/30/2023,207/23XK,NNC,NNC,B.916C-TR,  720 ,9/28/2023
8/30/2023,8/30/2023,207/23XK,NNC,NNC,B.916C-VA,  720 ,9/28/2023
8/30/2023,8/30/2023,207/23XK,NNC,NNC,B.916C-XL,  720 ,9/28/2023
8/30/2023,8/30/2023,207/23XK,NNC,NNC,GS.08TC,  1.300 ,10/25/2023
8/30/2023,8/30/2023,207/23XK,NNC,NNC,N.404HO,  1.080 ,10/25/2023
8/30/2023,8/30/2023,207/23XK,NNC,NNC,N.404VA,  1.800 ,10/25/2023
8/30/2023,8/30/2023,207/23XK,NNC,NNC,N.426A,  720 ,10/25/2023
8/30/2023,8/30/2023,207/23XK,NNC,NNC,N.426B,  1.080 ,10/25/2023
8/30/2023,8/30/2023,207/23XK,NNC,NNC,N.426C,  720 ,10/25/2023
8/30/2023,8/30/2023,207/23XK,NNC,NNC,NCMINI.01,  800 ,10/25/2023
8/30/2023,8/30/2023,207/23XK,NNC,NNC,NCMINI.02,  500 ,10/25/2023
8/23/2023,8/31/2023,208/23XK,0249/KOREA,"WEME INTERNATIONAL CO., LTD",KD2-0355,  2.000 ,10/30/2023
8/22/2023,8/31/2023,209/23XK,0308/ISRAEL,ABI ltd,KD2-1057,  500 ,10/23/2023
8/22/2023,8/31/2023,209/23XK,0308/ISRAEL,ABI ltd,KD2-2-1854,  500 ,10/23/2023
8/22/2023,8/31/2023,209/23XK,0308/ISRAEL,ABI ltd,KSK-1853,  715 ,11/10/2023
8/30/2023,8/31/2023,210/23XK,0319/JAPAN,SCISSOR STREET,KD3-0639,  500 ,11/16/2023
8/30/2023,8/31/2023,210/23XK,0319/JAPAN,SCISSOR STREET,KSS-0743,  4.000 ,10/25/2023
9/5/2023,9/8/2023,211/23XK,0476/TAIWAN,Centurion Int’l Inc.,KD2-1870,  500 ,10/27/2023
9/5/2023,9/8/2023,211/23XK,0476/TAIWAN,Centurion Int’l Inc.,KD2-1871,  500 ,10/27/2023
9/5/2023,9/8/2023,211/23XK,0476/TAIWAN,Centurion Int’l Inc.,KD2-1872,  500 ,10/27/2023
9/5/2023,9/8/2023,211/23XK,0476/TAIWAN,Centurion Int’l Inc.,KD2-1873,  500 ,10/27/2023
9/5/2023,9/5/2023,212/23xk,0489/CHINA,MEIXIANG TRENDY CARE LIMITED,C.07-12,  2.520 ,11/10/2023
9/5/2023,9/5/2023,212/23xk,0489/CHINA,MEIXIANG TRENDY CARE LIMITED,C.07-14,  3.240 ,11/10/2023
9/5/2023,9/5/2023,212/23xk,0489/CHINA,MEIXIANG TRENDY CARE LIMITED,C.118,  4.600 ,11/10/2023
9/5/2023,9/5/2023,212/23xk,0489/CHINA,MEIXIANG TRENDY CARE LIMITED,C.121,  4.600 ,11/10/2023
9/5/2023,9/5/2023,212/23xk,0489/CHINA,MEIXIANG TRENDY CARE LIMITED,CL.205-7mm,  2.520 ,11/10/2023
9/5/2023,9/5/2023,212/23xk,0489/CHINA,MEIXIANG TRENDY CARE LIMITED,CL.206-7mm,  2.520 ,11/21/2023
9/5/2023,9/5/2023,212/23xk,0489/CHINA,MEIXIANG TRENDY CARE LIMITED,CL.207-10mm,  2.520 ,11/10/2023
9/5/2023,9/5/2023,212/23xk,0489/CHINA,MEIXIANG TRENDY CARE LIMITED,CL.S01-7mm,  2.520 ,11/10/2023
9/5/2023,9/5/2023,212/23xk,0489/CHINA,MEIXIANG TRENDY CARE LIMITED,CL.S02-5mm,  2.520 ,11/10/2023
9/5/2023,9/5/2023,212/23xk,0489/CHINA,MEIXIANG TRENDY CARE LIMITED,KD.701,  920 ,11/10/2023
9/5/2023,9/5/2023,212/23xk,0489/CHINA,MEIXIANG TRENDY CARE LIMITED,KD.702,  920 ,11/10/2023
9/5/2023,9/5/2023,212/23xk,0489/CHINA,MEIXIANG TRENDY CARE LIMITED,KD.703,  840 ,11/10/2023
9/5/2023,9/5/2023,212/23xk,0489/CHINA,MEIXIANG TRENDY CARE LIMITED,KD.704,  840 ,11/10/2023
9/5/2023,9/5/2023,212/23xk,0489/CHINA,MEIXIANG TRENDY CARE LIMITED,KD.706,  840 ,11/10/2023
9/5/2023,9/5/2023,212/23xk,0489/CHINA,MEIXIANG TRENDY CARE LIMITED,KD.707,  840 ,11/10/2023
9/5/2023,9/5/2023,212/23xk,0489/CHINA,MEIXIANG TRENDY CARE LIMITED,NL.201,  840 ,11/10/2023
9/5/2023,9/5/2023,212/23xk,0489/CHINA,MEIXIANG TRENDY CARE LIMITED,NL.202,  1.080 ,11/10/2023
9/5/2023,9/5/2023,212/23xk,0489/CHINA,MEIXIANG TRENDY CARE LIMITED,NL.205,  840 ,11/10/2023
9/5/2023,9/5/2023,212/23xk,0489/CHINA,MEIXIANG TRENDY CARE LIMITED,NL.208,  1.080 ,11/30/2023
9/5/2023,9/5/2023,212/23xk,0489/CHINA,MEIXIANG TRENDY CARE LIMITED,P.08,  840 ,10/20/2023
9/5/2023,9/5/2023,212/23xk,0489/CHINA,MEIXIANG TRENDY CARE LIMITED,P.10,  840 ,10/20/2023
9/5/2023,9/5/2023,212/23xk,0489/CHINA,MEIXIANG TRENDY CARE LIMITED,P.12,  840 ,10/20/2023
9/8/2023,9/8/2023,213/23ND,GT,BAN GIÁM ĐỐC,GS.05QT,  50 ,10/30/2023
9/8/2023,9/8/2023,213/23ND,GT,BAN GIÁM ĐỐC,MD.QT,  50 ,10/30/2023
3/3/2023,9/23/2023,214/23XK,NNC,NNC,B.901,  3.600 ,10/25/2023
3/3/2023,9/23/2023,214/23XK,NNC,NNC,B.902,  720 ,10/25/2023
3/3/2023,9/23/2023,214/23XK,NNC,NNC,D.01-12,  2.880 ,10/25/2023
3/3/2023,9/23/2023,214/23XK,NNC,NNC,D.01-14,  8.640 ,10/25/2023
3/3/2023,9/23/2023,214/23XK,NNC,NNC,D.01-16,  10.800 ,10/25/2023
3/3/2023,9/23/2023,214/23XK,NNC,NNC,D.03-12,  2.440 ,10/25/2023
3/3/2023,9/23/2023,214/23XK,NNC,NNC,D.03-14,  6.480 ,10/25/2023
3/3/2023,9/23/2023,214/23XK,NNC,NNC,D.03-16,  7.200 ,10/25/2023
3/3/2023,9/23/2023,214/23XK,NNC,NNC,D.04-12,  1.440 ,10/25/2023
3/3/2023,9/23/2023,214/23XK,NNC,NNC,D.04-14,  5.400 ,10/25/2023
3/3/2023,9/23/2023,214/23XK,NNC,NNC,D.04-16,  5.400 ,10/25/2023
3/3/2023,9/23/2023,214/23XK,NNC,NNC,D.05-12,  240 ,10/25/2023
3/3/2023,9/23/2023,214/23XK,NNC,NNC,D.05-14,  540 ,10/25/2023
3/3/2023,9/23/2023,214/23XK,NNC,NNC,D.05-16,  540 ,10/25/2023
3/3/2023,9/23/2023,214/23XK,NNC,NNC,D.05V-12,  120 ,HỦY
3/3/2023,9/23/2023,214/23XK,NNC,NNC,D.05V-14,  300 ,10/25/2023
3/3/2023,9/23/2023,214/23XK,NNC,NNC,D.05V-16,  300 ,10/25/2023
3/3/2023,9/23/2023,214/23XK,NNC,NNC,D.06-12,  1.800 ,10/25/2023
3/3/2023,9/23/2023,214/23XK,NNC,NNC,D.06-14,  5.040 ,10/25/2023
3/3/2023,9/23/2023,214/23XK,NNC,NNC,D.06-16,  5.400 ,10/25/2023
3/3/2023,9/23/2023,214/23XK,NNC,NNC,D.07-12,  1.800 ,10/25/2023
3/3/2023,9/23/2023,214/23XK,NNC,NNC,D.07-14,  6.480 ,10/25/2023
3/3/2023,9/23/2023,214/23XK,NNC,NNC,D.07-16,  7.200 ,10/25/2023
3/3/2023,9/23/2023,214/23XK,NNC,NNC,D.08-12,  360 ,10/25/2023
3/3/2023,9/23/2023,214/23XK,NNC,NNC,D.08-14,  1.440 ,10/25/2023
3/3/2023,9/23/2023,214/23XK,NNC,NNC,D.08-16,  1.440 ,10/25/2023
3/3/2023,9/23/2023,214/23XK,NNC,NNC,D.09-12,  720 ,10/25/2023
3/3/2023,9/23/2023,214/23XK,NNC,NNC,D.09-14,  3.600 ,10/25/2023
3/3/2023,9/23/2023,214/23XK,NNC,NNC,D.09-16,  3.600 ,10/25/2023
3/3/2023,9/23/2023,214/23XK,NNC,NNC,D.18,  4.320 ,10/25/2023
3/3/2023,9/23/2023,214/23XK,NNC,NNC,D.501,  2.880 ,10/25/2023
3/3/2023,9/23/2023,214/23XK,NNC,NNC,D.506,  2.880 ,10/25/2023
3/3/2023,9/23/2023,214/23XK,NNC,NNC,D.555KD,  5.040 ,10/25/2023
3/3/2023,9/23/2023,214/23XK,NNC,NNC,M.01,  240 ,10/25/2023
3/3/2023,9/23/2023,214/23XK,NNC,NNC,M.03,  240 ,10/25/2023
3/3/2023,9/23/2023,214/23XK,NNC,NNC,M.04,  240 ,10/25/2023
3/3/2023,9/23/2023,214/23XK,NNC,NNC,M.18,  480 ,10/25/2023
3/3/2023,9/23/2023,214/23XK,NNC,NNC,M.501,  360 ,10/25/2023
3/3/2023,9/23/2023,214/23XK,NNC,NNC,M.555KD,  360 ,10/25/2023
3/3/2023,9/23/2023,214/23XK,NNC,NNC,S.504,  1.080 ,10/25/2023
3/3/2023,9/23/2023,214/23XK,NNC,NNC,S.505,  1.440 ,10/25/2023
3/3/2023,9/23/2023,214/23XK,NNC,NNC,S.506,  2.880 ,10/25/2023
3/3/2023,9/23/2023,215/23XK,NNC,NNC,B.901,  2.880 ,11/25/2023
3/3/2023,9/23/2023,215/23XK,NNC,NNC,B.902,  1.440 ,11/25/2023
3/3/2023,9/23/2023,215/23XK,NNC,NNC,D.01-12,  2.160 ,11/25/2023
3/3/2023,9/23/2023,215/23XK,NNC,NNC,D.01-14,  8.280 ,11/25/2023
3/3/2023,9/23/2023,215/23XK,NNC,NNC,D.01-16,  8.640 ,11/25/2023
3/3/2023,9/23/2023,215/23XK,NNC,NNC,D.03-12,  1.800 ,11/25/2023
3/3/2023,9/23/2023,215/23XK,NNC,NNC,D.03-14,  5.040 ,11/25/2023
3/3/2023,9/23/2023,215/23XK,NNC,NNC,D.03-16,  5.760 ,11/25/2023
3/3/2023,9/23/2023,215/23XK,NNC,NNC,D.04-12,  1.800 ,11/25/2023
3/3/2023,9/23/2023,215/23XK,NNC,NNC,D.04-14,  4.680 ,11/25/2023
3/3/2023,9/23/2023,215/23XK,NNC,NNC,D.04-16,  5.040 ,11/25/2023
3/3/2023,9/23/2023,215/23XK,NNC,NNC,D.05-12,  360 ,11/25/2023
3/3/2023,9/23/2023,215/23XK,NNC,NNC,D.05-14,  900 ,11/25/2023
3/3/2023,9/23/2023,215/23XK,NNC,NNC,D.05-16,  900 ,11/25/2023
3/3/2023,9/23/2023,215/23XK,NNC,NNC,D.05V-14,  480 ,11/25/2023
3/3/2023,9/23/2023,215/23XK,NNC,NNC,D.05V-16,  480 ,11/25/2023
3/3/2023,9/23/2023,215/23XK,NNC,NNC,D.06-12,  1.440 ,11/25/2023
3/3/2023,9/23/2023,215/23XK,NNC,NNC,D.06-14,  4.680 ,11/25/2023
3/3/2023,9/23/2023,215/23XK,NNC,NNC,D.06-16,  5.040 ,11/25/2023
3/3/2023,9/23/2023,215/23XK,NNC,NNC,D.07-12,  1.080 ,11/25/2023
3/3/2023,9/23/2023,215/23XK,NNC,NNC,D.07-14,  5.040 ,11/25/2023
3/3/2023,9/23/2023,215/23XK,NNC,NNC,D.07-16,  5.400 ,11/25/2023
3/3/2023,9/23/2023,215/23XK,NNC,NNC,D.08-12,  360 ,11/25/2023
3/3/2023,9/23/2023,215/23XK,NNC,NNC,D.08-14,  1.200 ,11/25/2023
3/3/2023,9/23/2023,215/23XK,NNC,NNC,D.08-16,  1.200 ,11/25/2023
3/3/2023,9/23/2023,215/23XK,NNC,NNC,D.09-12,  720 ,11/25/2023
3/3/2023,9/23/2023,215/23XK,NNC,NNC,D.09-14,  3.240 ,11/25/2023
3/3/2023,9/23/2023,215/23XK,NNC,NNC,D.09-16,  3.240 ,11/25/2023
3/3/2023,9/23/2023,215/23XK,NNC,NNC,D.18,  4.680 ,11/25/2023
3/3/2023,9/23/2023,215/23XK,NNC,NNC,D.501,  3.600 ,11/25/2023
3/3/2023,9/23/2023,215/23XK,NNC,NNC,D.506,  3.600 ,11/25/2023
3/3/2023,9/23/2023,215/23XK,NNC,NNC,D.555KD,  6.120 ,11/25/2023
3/3/2023,9/23/2023,215/23XK,NNC,NNC,M.01,  360 ,11/25/2023
3/3/2023,9/23/2023,215/23XK,NNC,NNC,M.03,  360 ,11/25/2023
3/3/2023,9/23/2023,215/23XK,NNC,NNC,M.04,  360 ,11/25/2023
3/3/2023,9/23/2023,215/23XK,NNC,NNC,M.18,  360 ,11/25/2023
3/3/2023,9/23/2023,215/23XK,NNC,NNC,M.501,  240 ,11/25/2023
3/3/2023,9/23/2023,215/23XK,NNC,NNC,M.555KD,  240 ,11/25/2023
3/3/2023,9/23/2023,215/23XK,NNC,NNC,S.504,  1.880 ,11/25/2023
3/3/2023,9/23/2023,215/23XK,NNC,NNC,S.505,  2.160 ,11/25/2023
3/3/2023,9/23/2023,215/23XK,NNC,NNC,S.506,  3.960 ,11/25/2023
9/21/2023,9/21/2023,216/23ND,B2B,SAOMAI,BQT.BIDV2023,  424 ,10/10/2023
9/11/2023,9/13/2023,217/23XK,0302/TAIWAN,"HELENA COSMETIC CO., LTD",KD2-0764,  720 ,11/6/2023
9/25/2023,9/25/2023,218/23ND,B2B,B2B,BQT.AGRIVIET,  260 ,10/11/2023
9/20/2023,9/20/2023,219/23XK,0035/KOREA,KARA BEAUTY NAIL CO.,KD2-0268,  2.500 ,11/13/2023
9/22/2023,9/25/2023,220/23XK,0223/KOREA,JENIPER,KDT-1440,  1.000 ,11/15/2023
9/26/2023,9/26/2023,221/23XK,0500/SAUDI ARABIA,MAZEN,C.112,  720 ,9/29/2023
9/27/2023,9/29/2023,222/23XK,0013/ITALY,TECNIWORK S.P.A,KD3-0100,  1.900 ,12/20/2023
9/27/2023,9/29/2023,222/23XK,0013/ITALY,TECNIWORK S.P.A,KD3-0101,  700 ,12/20/2023
9/27/2023,9/29/2023,222/23XK,0013/ITALY,TECNIWORK S.P.A,KD3-0102,  2.000 ,12/20/2023
9/27/2023,9/29/2023,222/23XK,0013/ITALY,TECNIWORK S.P.A,KD3-0103,  650 ,12/20/2023
9/27/2023,9/29/2023,222/23XK,0013/ITALY,TECNIWORK S.P.A,KD3-0104,  800 ,12/20/2023
9/27/2023,9/29/2023,222/23XK,0013/ITALY,TECNIWORK S.P.A,KD3-0250,  600 ,12/20/2023
9/27/2023,9/29/2023,222/23XK,0013/ITALY,TECNIWORK S.P.A,KD3-0251,  600 ,12/20/2023
9/27/2023,9/29/2023,222/23XK,0013/ITALY,TECNIWORK S.P.A,KM3-0253,  700 ,12/20/2023
9/26/2023,9/29/2023,223/23XK,0501/GREECE,LEANCA LIUBA,C.03-16,  60 ,11/26/2023
9/26/2023,9/29/2023,223/23XK,0501/GREECE,LEANCA LIUBA,C.04-12,  120 ,11/26/2023
9/26/2023,9/29/2023,223/23XK,0501/GREECE,LEANCA LIUBA,C.04-14,  360 ,11/26/2023
9/26/2023,9/29/2023,223/23XK,0501/GREECE,LEANCA LIUBA,C.36-14,  60 ,11/26/2023
9/26/2023,9/29/2023,223/23XK,0501/GREECE,LEANCA LIUBA,N.07,  120 ,11/26/2023
9/26/2023,9/29/2023,223/23XK,0501/GREECE,LEANCA LIUBA,NB.106C,  60 ,11/26/2023
9/26/2023,9/29/2023,223/23XK1,0501/GREECE,LEANCA LIUBA,C.04-12,  120 ,11/26/2023
10/2/2023,10/3/2023,224/23XK,0504/UAE,WELLBE TRADING LLC,C.05-14,  420 ,11/10/2023
10/2/2023,10/3/2023,224/23XK,0504/UAE,WELLBE TRADING LLC,C.08-14,  60 ,11/10/2023
10/2/2023,10/3/2023,224/23XK,0504/UAE,WELLBE TRADING LLC,ES.01,  180 ,11/10/2023
10/2/2023,10/3/2023,224/23XK,0504/UAE,WELLBE TRADING LLC,NC.02,  360 ,11/10/2023
10/2/2023,10/3/2023,224/23XK,0504/UAE,WELLBE TRADING LLC,NC.04,  360 ,11/10/2023
10/2/2023,10/3/2023,224/23XK,0504/UAE,WELLBE TRADING LLC,P.38,  280 ,11/10/2023
10/3/2023,10/3/2023,225/23ND,GT,GT,MD.QT,  350 ,10/6/2023
10/4/2023,10/4/2023,226/23XK,0418/OMAN,MAYA NAILSHOP,NC.01,  180 ,10/11/2023
10/4/2023,10/4/2023,226/23XK,0418/OMAN,MAYA NAILSHOP,NC.03,  120 ,10/11/2023
10/4/2023,10/4/2023,226/23XK,0418/OMAN,MAYA NAILSHOP,T.04,  120 ,10/11/2023
10/4/2023,10/4/2023,226/23XK,0418/OMAN,MAYA NAILSHOP,T.05,  120 ,10/11/2023
9/29/2023,10/4/2023,227/23XK,0503/SPAIN,Salón manicura y pedicura Siberia S.L.,KD2-1898,  500 ,11/20/2023
9/29/2023,10/4/2023,227/23XK,0503/SPAIN,Salón manicura y pedicura Siberia S.L.,KSK-1899,  500 ,11/20/2023
9/29/2023,10/4/2023,227/23XK,0503/SPAIN,Salón manicura y pedicura Siberia S.L.,KSK-1900,  500 ,11/20/2023
10/4/2023,10/5/2023,228/23XK,KDQT,HỘI CHỢ INDO,C.118,  230 ,10/9/2023
10/4/2023,10/5/2023,228/23XK,KDQT,HỘI CHỢ INDO,ES.01,  25 ,10/9/2023
10/4/2023,10/5/2023,228/23XK,KDQT,HỘI CHỢ INDO,KD.703,  25 ,10/9/2023
10/4/2023,10/5/2023,228/23XK,KDQT,HỘI CHỢ INDO,KD.705,  25 ,10/9/2023
10/4/2023,10/5/2023,228/23XK,KDQT,HỘI CHỢ INDO,NB.103,  3 ,10/9/2023
10/4/2023,10/5/2023,228/23XK,KDQT,HỘI CHỢ INDO,NC.02,  20 ,10/9/2023
10/4/2023,10/5/2023,228/23XK,KDQT,HỘI CHỢ INDO,P.08,  50 ,10/9/2023
10/4/2023,10/5/2023,228/23XK,KDQT,HỘI CHỢ INDO,T.03,  25 ,10/9/2023
10/4/2023,10/5/2023,228/23XK,KDQT,HỘI CHỢ INDO,T.05,  25 ,10/9/2023
7/17/2023,10/6/2023,229/23XK,0393/RUSSIA,LLC RINGO,KD2-1547,  5.000 ,12/9/2023
10/6/2023,10/7/2023,230/23XK,0040/ITALY,WICTOR SRL,KD2-0123,  500 ,11/27/2023
10/6/2023,10/7/2023,230/23XK,0040/ITALY,WICTOR SRL,KD2-0124,  500 ,11/27/2023
10/6/2023,10/7/2023,230/23XK,0040/ITALY,WICTOR SRL,KD2-0126,  500 ,11/27/2023
10/6/2023,10/7/2023,230/23XK,0040/ITALY,WICTOR SRL,KSB-0129,  300 ,11/27/2023
10/6/2023,10/7/2023,230/23XK,0040/ITALY,WICTOR SRL,KSB-0130,  300 ,11/27/2023
10/6/2023,10/7/2023,231/23XK,0483/LITHUNIA,Dimitrij Lucinkin,KD2-1917,  500 ,11/28/2023
10/6/2023,10/7/2023,231/23XK,0483/LITHUNIA,Dimitrij Lucinkin,KD2-1919,  250 ,11/28/2023
10/6/2023,10/7/2023,231/23XK,0483/LITHUNIA,Dimitrij Lucinkin,KD2-1920,  250 ,11/28/2023
10/7/2023,10/10/2023,232/23XK,0505/PORTUGAL,DUOBEAUTY UNIPESSOAL LDA,KSK-1868,  2.000 ,11/25/2023
10/5/2023,10/10/2023,233/23XK,0079/RUSSIA,Vectorgroup Company,KD2-0058,  5.000 ,12/12/2023
10/5/2023,10/10/2023,233/23XK,0079/RUSSIA,Vectorgroup Company,KD2-0575,  3.000 ,12/7/2023
10/5/2023,10/10/2023,233/23XK,0079/RUSSIA,Vectorgroup Company,KD2-0619,  5.000 ,12/6/2023
10/5/2023,10/10/2023,233/23XK,0079/RUSSIA,Vectorgroup Company,KD2-1459,  5.000 ,4/30/2024
10/5/2023,10/10/2023,233/23XK,0079/RUSSIA,Vectorgroup Company,KD2-1462,  3.000 ,12/12/2023
10/5/2023,10/10/2023,233/23XK,0079/RUSSIA,Vectorgroup Company,KD2-1463,  5.000 ,12/12/2023
10/5/2023,12/28/2023,233/23XK,0079/RUSSIA,Vectorgroup Company,KD2-1464,  5.000 ,4/30/2024
10/5/2023,10/10/2023,233/23XK,0079/RUSSIA,Vectorgroup Company,KD2-1581,  3.000 ,12/12/2023
10/5/2023,12/28/2023,233/23XK,0079/RUSSIA,Vectorgroup Company,KD2-1649,  5.000 ,4/30/2024
10/5/2023,10/10/2023,233/23XK,0079/RUSSIA,Vectorgroup Company,KD2-1695,  2.000 ,12/12/2023
10/5/2023,10/10/2023,233/23XK,0079/RUSSIA,Vectorgroup Company,KM2-1700,  2.000 ,12/12/2023
10/9/2023,10/10/2023,234/23XK,0402/KOREA,"REFUSS CO., Ltd.",KD2-1274,  1.000 ,12/7/2023
10/7/2023,10/10/2023,235/23XK,0251/TAIWAN,"N H BEAUTY INTERNATIONAL CO., LTD",C.03-12,  720 ,12/7/2023
10/7/2023,10/10/2023,235/23XK,0251/TAIWAN,"N H BEAUTY INTERNATIONAL CO., LTD",C.04-12,  1.080 ,12/7/2023
10/7/2023,10/10/2023,235/23XK,0251/TAIWAN,"N H BEAUTY INTERNATIONAL CO., LTD",C.06-12,  720 ,12/7/2023
10/7/2023,10/10/2023,235/23XK,0251/TAIWAN,"N H BEAUTY INTERNATIONAL CO., LTD",C.07-12,  720 ,12/7/2023
10/7/2023,10/10/2023,235/23XK,0251/TAIWAN,"N H BEAUTY INTERNATIONAL CO., LTD",CL.101C-12,  1.080 ,12/7/2023
10/7/2023,10/10/2023,235/23XK,0251/TAIWAN,"N H BEAUTY INTERNATIONAL CO., LTD",CL.101C-14,  1.080 ,12/7/2023
10/7/2023,10/10/2023,235/23XK,0251/TAIWAN,"N H BEAUTY INTERNATIONAL CO., LTD",CL.201C-12,  1.440 ,12/7/2023
10/7/2023,10/10/2023,235/23XK,0251/TAIWAN,"N H BEAUTY INTERNATIONAL CO., LTD",CL.201C-14,  1.440 ,12/7/2023
10/7/2023,10/10/2023,235/23XK,0251/TAIWAN,"N H BEAUTY INTERNATIONAL CO., LTD",NC.01,  360 ,12/7/2023
10/7/2023,10/10/2023,235/23XK,0251/TAIWAN,"N H BEAUTY INTERNATIONAL CO., LTD",P.04,  360 ,12/7/2023
10/11/2023,10/12/2023,236/23ND,B2B,VIET ĐỨC,B.901,  1.000 ,10/16/2023
10/12/2023,10/12/2023,237/23XK,0006/LEBANON,FADI SAWAYA SAL (SAWAYA INT'L LLC),KD2-0289,  720 ,11/29/2023
10/12/2023,10/12/2023,237/23XK,0006/LEBANON,FADI SAWAYA SAL (SAWAYA INT'L LLC),KD2-0290,  720 ,11/29/2023
10/12/2023,10/12/2023,237/23XK,0006/LEBANON,FADI SAWAYA SAL (SAWAYA INT'L LLC),KD2-0370,  120 ,11/29/2023
10/12/2023,10/12/2023,237/23XK,0006/LEBANON,FADI SAWAYA SAL (SAWAYA INT'L LLC),KD2-0371,  360 ,11/29/2023
10/12/2023,10/12/2023,237/23XK,0006/LEBANON,FADI SAWAYA SAL (SAWAYA INT'L LLC),KDT-0299,  1.000 ,11/29/2023
10/12/2023,10/12/2023,237/23XK,0006/LEBANON,FADI SAWAYA SAL (SAWAYA INT'L LLC),KSB-0293,  720 ,11/16/2023
10/12/2023,10/12/2023,237/23XK,0006/LEBANON,FADI SAWAYA SAL (SAWAYA INT'L LLC),KSB-0294,  240 ,11/16/2023
10/12/2023,10/12/2023,237/23XK,0006/LEBANON,FADI SAWAYA SAL (SAWAYA INT'L LLC),KSS-0295,  180 ,11/16/2023
10/12/2023,10/12/2023,237/23XK,0006/LEBANON,FADI SAWAYA SAL (SAWAYA INT'L LLC),KSS-0296,  360 ,11/16/2023
10/12/2023,10/12/2023,237/23XK,0006/LEBANON,FADI SAWAYA SAL (SAWAYA INT'L LLC),KSS-0297,  240 ,11/16/2023
10/10/2023,10/12/2023,238/23XK,0286/SPAIN,INDUSTRIAS ORIOL 1942 S.L.,KD2-0609,  1.000 ,12/8/2023
10/10/2023,10/12/2023,238/23XK,0286/SPAIN,INDUSTRIAS ORIOL 1942 S.L.,KD2-0610,  2.000 ,12/8/2023
10/12/2023,10/13/2023,239/23xk,NNC,NNC,GS.03PT,  200 ,11/18/2023
10/11/2023,10/13/2023,240/23XK,0486/ITALIA,KUKER DI F.LLI FAZZINI S.N.C,KD2-1774,  180 ,11/15/2023
10/11/2023,10/13/2023,241/23XK,0505/PORTUGAL,DUOBEAUTY UNIPESSOAL LDA,KSS-1931,  500 ,11/25/2023
10/12/2023,10/17/2023,242/23XK,0445/RUSSIA,"WE'R'A-TM, LLC",KD2-1904,  500 ,HỦY
10/12/2023,10/17/2023,243/23XK,0506/TURKEY,OJELY KOZMETIK SAN TIC LTD STI TOROS MAH,KD2-1932,  500 ,1/12/2024
10/12/2023,10/17/2023,243/23XK,0506/TURKEY,OJELY KOZMETIK SAN TIC LTD STI TOROS MAH,KD2-1933,  500 ,1/12/2024
10/12/2023,10/17/2023,243/23XK,0506/TURKEY,OJELY KOZMETIK SAN TIC LTD STI TOROS MAH,KD2-1934,  500 ,1/12/2024
10/12/2023,10/17/2023,243/23XK,0506/TURKEY,OJELY KOZMETIK SAN TIC LTD STI TOROS MAH,KD2-1936,  500 ,1/12/2024
10/12/2023,10/17/2023,243/23XK,0506/TURKEY,OJELY KOZMETIK SAN TIC LTD STI TOROS MAH,KM2-1935,  200 ,1/12/2024
10/12/2023,10/17/2023,243/23XK,0506/TURKEY,OJELY KOZMETIK SAN TIC LTD STI TOROS MAH,KSK-1708,  1.000 ,1/12/2024
10/12/2023,10/17/2023,243/23XK,0506/TURKEY,OJELY KOZMETIK SAN TIC LTD STI TOROS MAH,KSK-1709,  1.000 ,1/12/2024
10/12/2023,10/17/2023,243/23XK,0506/TURKEY,OJELY KOZMETIK SAN TIC LTD STI TOROS MAH,KSK-1710,  1.000 ,1/12/2024
10/12/2023,10/17/2023,243/23XK,0506/TURKEY,OJELY KOZMETIK SAN TIC LTD STI TOROS MAH,KSK-2079,  2.500 ,1/12/2024
7/17/2023,10/17/2023,244/23XK,0393/RUSSIA,LLC RINGO,KD2-1549,  5.000 ,12/20/2023
7/17/2023,10/17/2023,244/23XK,0393/RUSSIA,LLC RINGO,KD2-1550,  5.000 ,12/20/2023
10/17/2023,10/18/2023,245/23ND,B2B,247 EXPRESS,BQT.247,  500 ,11/8/2023
10/17/2023,10/18/2023,246/23XK,0348/KOREA,SHINY GLOBAL,KD2-0953,  1.000 ,12/19/2023
10/17/2023,10/18/2023,246/23XK,0348/KOREA,SHINY GLOBAL,KD2-0954,  1.000 ,4/30/2024
10/17/2023,10/18/2023,246/23XK,0348/KOREA,SHINY GLOBAL,KSS-1915,  3.000 ,12/19/2023
10/17/2023,10/18/2023,246/23XK,0348/KOREA,SHINY GLOBAL,KSS-1916,  3.000 ,12/19/2023
10/17/2023,10/18/2023,247/23XK,0311/KOREA,DANIEL COMPANY,KD2-1117,  1.000 ,3/30/2024
10/17/2023,10/18/2023,247/23XK,0311/KOREA,DANIEL COMPANY,KD2-1157,  1.000 ,1/30/2024
10/18/2023,10/18/2023,248/23XK,0336/CHINA,"QVS Global China, LTD",KD2-0211,  1.000 ,12/23/2023
10/18/2023,10/18/2023,248/23XK,0336/CHINA,"QVS Global China, LTD",KM2-0550,  1.000 ,12/23/2023
10/18/2023,10/24/2023,249/23XK,0005/FRANCE,DECORSE & VOIRIN SAS,KD3-0115,  700 ,12/28/2023
10/18/2023,10/24/2023,249/23XK,0005/FRANCE,DECORSE & VOIRIN SAS,KD3-0116,  500 ,12/28/2023
10/18/2023,10/24/2023,249/23XK,0005/FRANCE,DECORSE & VOIRIN SAS,KD3-0118,  500 ,12/28/2023
10/18/2023,10/24/2023,249/23XK,0005/FRANCE,DECORSE & VOIRIN SAS,KD3-0119,  500 ,12/28/2023
10/18/2023,10/24/2023,249/23XK,0005/FRANCE,DECORSE & VOIRIN SAS,KD3-0255,  700 ,12/28/2023
10/18/2023,10/24/2023,249/23XK1,0005/FRANCE,DECORSE & VOIRIN SAS,KD3-0115,  1.800 ,1/30/2024
10/18/2023,10/24/2023,249/23XK1,0005/FRANCE,DECORSE & VOIRIN SAS,KD3-0116,  1.500 ,1/30/2024
10/18/2023,10/24/2023,249/23XK1,0005/FRANCE,DECORSE & VOIRIN SAS,KD3-0118,  500 ,1/30/2024
10/18/2023,10/24/2023,249/23XK1,0005/FRANCE,DECORSE & VOIRIN SAS,KD3-0119,  1.000 ,1/30/2024
10/18/2023,10/24/2023,249/23XK1,0005/FRANCE,DECORSE & VOIRIN SAS,KD3-0255,  1.300 ,1/30/2024
10/17/2023,10/24/2023,250/23XK,0507/MOLDOVA,SRL KUSADASI,BD.09,  24 ,11/20/2023
10/17/2023,10/24/2023,250/23XK,0507/MOLDOVA,SRL KUSADASI,C.03-14,  60 ,11/20/2023
10/17/2023,10/24/2023,250/23XK,0507/MOLDOVA,SRL KUSADASI,C.04-14,  120 ,11/20/2023
10/17/2023,10/24/2023,250/23XK,0507/MOLDOVA,SRL KUSADASI,C.05-14,  60 ,11/20/2023
10/17/2023,10/24/2023,250/23XK,0507/MOLDOVA,SRL KUSADASI,C.06-14,  60 ,11/20/2023
10/17/2023,10/24/2023,250/23XK,0507/MOLDOVA,SRL KUSADASI,C.07-14,  60 ,11/20/2023
10/17/2023,10/24/2023,250/23XK,0507/MOLDOVA,SRL KUSADASI,C.111,  120 ,11/20/2023
10/17/2023,10/24/2023,250/23XK,0507/MOLDOVA,SRL KUSADASI,C.112,  120 ,11/20/2023
10/17/2023,10/24/2023,250/23XK,0507/MOLDOVA,SRL KUSADASI,GS.01CC,  6 ,11/20/2023
10/17/2023,10/24/2023,250/23XK,0507/MOLDOVA,SRL KUSADASI,IS.01,  48 ,11/20/2023
10/17/2023,10/24/2023,250/23XK,0507/MOLDOVA,SRL KUSADASI,KD.701,  120 ,11/20/2023
10/17/2023,10/24/2023,250/23XK,0507/MOLDOVA,SRL KUSADASI,KD.702,  120 ,11/20/2023
10/17/2023,10/24/2023,250/23XK,0507/MOLDOVA,SRL KUSADASI,KD.705,  120 ,11/20/2023
10/17/2023,10/24/2023,250/23XK,0507/MOLDOVA,SRL KUSADASI,KD.706,  120 ,11/20/2023
10/17/2023,10/24/2023,250/23XK,0507/MOLDOVA,SRL KUSADASI,N.03,  60 ,11/20/2023
10/17/2023,10/24/2023,250/23XK,0507/MOLDOVA,SRL KUSADASI,N.112,  60 ,11/20/2023
10/17/2023,10/24/2023,250/23XK,0507/MOLDOVA,SRL KUSADASI,N.118,  60 ,11/20/2023
10/17/2023,10/24/2023,250/23XK,0507/MOLDOVA,SRL KUSADASI,NL.201,  30 ,11/20/2023
10/17/2023,10/24/2023,250/23XK,0507/MOLDOVA,SRL KUSADASI,P.01,  60 ,11/20/2023
10/17/2023,10/24/2023,250/23XK,0507/MOLDOVA,SRL KUSADASI,P.02,  60 ,11/20/2023
10/17/2023,10/24/2023,250/23XK,0507/MOLDOVA,SRL KUSADASI,P.12,  60 ,11/20/2023
10/17/2023,10/24/2023,250/23XK,0507/MOLDOVA,SRL KUSADASI,P.13,  60 ,11/20/2023
10/17/2023,10/24/2023,250/23XK,0507/MOLDOVA,SRL KUSADASI,T.03,  120 ,11/20/2023
10/17/2023,10/24/2023,250/23XK,0507/MOLDOVA,SRL KUSADASI,T.05,  120 ,11/20/2023
10/17/2023,10/24/2023,250/23XK,0507/MOLDOVA,SRL KUSADASI,T.08,  120 ,11/20/2023
10/20/2023,10/24/2023,251/23XK,0407/ITALY,ROBUR SRL,KD2-1901,  350 ,12/25/2023
10/20/2023,10/24/2023,251/23XK,0407/ITALY,ROBUR SRL,KD2-1902,  350 ,12/25/2023
10/20/2023,10/24/2023,251/23XK,0407/ITALY,ROBUR SRL,KD2-1903,  350 ,12/25/2023
10/20/2023,10/24/2023,252/23XK,0216/SING,PNC (S) TRADERS PTE LTD.,C.04-12,  480 ,12/12/2023
10/20/2023,10/24/2023,252/23XK,0216/SING,PNC (S) TRADERS PTE LTD.,C.04-14,  500 ,12/12/2023
10/20/2023,10/24/2023,252/23XK,0216/SING,PNC (S) TRADERS PTE LTD.,C.05-12,  180 ,12/12/2023
10/20/2023,10/24/2023,252/23XK,0216/SING,PNC (S) TRADERS PTE LTD.,C.05-14,  360 ,12/12/2023
10/20/2023,10/24/2023,252/23XK,0216/SING,PNC (S) TRADERS PTE LTD.,C.06-12,  360 ,12/12/2023
10/20/2023,10/24/2023,252/23XK,0216/SING,PNC (S) TRADERS PTE LTD.,C.07-12,  360 ,12/12/2023
10/20/2023,10/24/2023,252/23XK,0216/SING,PNC (S) TRADERS PTE LTD.,C.07-16,  360 ,12/12/2023
10/20/2023,10/24/2023,252/23XK,0216/SING,PNC (S) TRADERS PTE LTD.,P.02,  360 ,12/12/2023
10/20/2023,10/24/2023,252/23XK,0216/SING,PNC (S) TRADERS PTE LTD.,P.03,  480 ,12/12/2023
10/20/2023,10/24/2023,252/23XK,0216/SING,PNC (S) TRADERS PTE LTD.,P.08,  240 ,12/12/2023
10/20/2023,10/24/2023,253/23XK,0047/ITALY,GIMAP SRL,KD2-0933,  360 ,12/22/2023
10/20/2023,10/24/2023,253/23XK,0047/ITALY,GIMAP SRL,KD2-1925,  360 ,12/22/2023
10/20/2023,10/24/2023,253/23XK,0047/ITALY,GIMAP SRL,KD2-2-1921,  360 ,12/22/2023
10/20/2023,10/24/2023,253/23XK,0047/ITALY,GIMAP SRL,KD2-2-1922,  360 ,12/22/2023
10/20/2023,10/24/2023,253/23XK,0047/ITALY,GIMAP SRL,KD2-2-1923,  360 ,12/22/2023
10/20/2023,10/24/2023,253/23XK,0047/ITALY,GIMAP SRL,KD2-2-1924,  360 ,12/22/2023
10/24/2023,10/27/2023,254/23XK,0343/PHILIPPINES,ERRA ENTERPRISE ,C.07-12,  1.800 ,12/25/2023
10/24/2023,10/27/2023,254/23XK,0343/PHILIPPINES,ERRA ENTERPRISE ,C.07-14,  360 ,12/25/2023
10/24/2023,10/27/2023,254/23XK,0343/PHILIPPINES,ERRA ENTERPRISE ,C.07-3.5mm,  360 ,12/25/2023
10/24/2023,10/27/2023,254/23XK,0343/PHILIPPINES,ERRA ENTERPRISE ,C.111,  360 ,12/25/2023
10/24/2023,10/27/2023,254/23XK,0343/PHILIPPINES,ERRA ENTERPRISE ,CL.203-12,  1.900 ,12/25/2023
10/24/2023,10/27/2023,254/23XK,0343/PHILIPPINES,ERRA ENTERPRISE ,CL.203-14,  360 ,12/25/2023
10/24/2023,10/27/2023,254/23XK,0343/PHILIPPINES,ERRA ENTERPRISE ,CL.203-3.5mm,  360 ,12/25/2023
10/27/2023,10/27/2023,255/23XK,0359/UAE,AYSHA AHAMED ALFALASI,C.08-14,  360 ,11/10/2023
10/27/2023,10/27/2023,255/23XK,0359/UAE,AYSHA AHAMED ALFALASI,NC.02,  120 ,11/10/2023
10/27/2023,10/27/2023,255/23XK,0359/UAE,AYSHA AHAMED ALFALASI,P.03,  120 ,11/10/2023
10/26/2023,10/27/2023,256/23ND,B2B,ADC,BQT.ADC,  1.000 ,12/15/2023
7/17/2023,10/30/2023,257/23XK,0393/RUSSIA,LLC RINGO,KD2-1544,  5.000 ,4/30/2024
7/17/2023,10/30/2023,257/23XK,0393/RUSSIA,LLC RINGO,KD2-1546,  5.000 ,5/25/2024
10/28/2023,10/30/2023,258/23XK,0511/ITALY,PININ DIFFUSION SRL,KD2-1938,  240 ,12/18/2023
10/28/2023,10/30/2023,258/23XK,0511/ITALY,PININ DIFFUSION SRL,KM2-1939,  240 ,12/18/2023
10/20/2023,10/30/2023,259/23XK,0502/ITALY,MOROCUTTI GIOVANNI SRL,KD2-1891,  300 ,12/29/2023
10/20/2023,10/30/2023,259/23XK,0502/ITALY,MOROCUTTI GIOVANNI SRL,KD2-1892,  480 ,12/29/2023
10/20/2023,10/30/2023,259/23XK,0502/ITALY,MOROCUTTI GIOVANNI SRL,KD2-1893,  420 ,12/29/2023
10/20/2023,10/30/2023,259/23XK,0502/ITALY,MOROCUTTI GIOVANNI SRL,KM2-1889,  500 ,12/29/2023
10/20/2023,10/30/2023,259/23XK,0502/ITALY,MOROCUTTI GIOVANNI SRL,KM2-1890,  500 ,2/2/2024
10/20/2023,10/30/2023,259/23XK,0502/ITALY,MOROCUTTI GIOVANNI SRL,KM2-1894,  500 ,12/29/2023
10/20/2023,10/30/2023,259/23XK,0502/ITALY,MOROCUTTI GIOVANNI SRL,KM2-1895,  500 ,12/29/2023
10/28/2023,10/30/2023,260/23XK,0442/MOLDOVA,GOLUB STIL,KSK-1701,  500 ,12/16/2023
10/28/2023,10/30/2023,260/23XK,0442/MOLDOVA,GOLUB STIL,KSK-1702,  500 ,12/16/2023
10/28/2023,10/30/2023,260/23XK,0442/MOLDOVA,GOLUB STIL,KSK-1703,  500 ,12/16/2023
10/28/2023,10/30/2023,260/23XK,0442/MOLDOVA,GOLUB STIL,KSK-1704,  500 ,12/16/2023
10/28/2023,10/30/2023,260/23XK,0442/MOLDOVA,GOLUB STIL,KSK-1705,  500 ,12/16/2023
10/28/2023,10/30/2023,260/23XK,0442/MOLDOVA,GOLUB STIL,KSK-1706,  500 ,12/16/2023
10/28/2023,10/30/2023,260/23XK,0442/MOLDOVA,GOLUB STIL,KSK-1707,  500 ,12/16/2023
10/28/2023,10/30/2023,261/23XK,0425/CHINA,Guangzhou Xingdian Nail Products Company Limited,KD2-1896,  500 ,12/30/2023
10/28/2023,10/30/2023,261/23XK,0425/CHINA,Guangzhou Xingdian Nail Products Company Limited,KSS-1897,  500 ,11/25/2023
10/28/2023,10/30/2023,262/23XK,0512/ROMANIA,HEAD STEEL SRL,B.939DO,  15 ,11/24/2023
10/28/2023,10/30/2023,262/23XK,0512/ROMANIA,HEAD STEEL SRL,B.939TI,  15 ,11/24/2023
10/28/2023,10/30/2023,262/23XK,0512/ROMANIA,HEAD STEEL SRL,B.939XD,  15 ,11/24/2023
10/28/2023,10/30/2023,262/23XK,0512/ROMANIA,HEAD STEEL SRL,B.939XL,  15 ,11/24/2023
10/28/2023,10/30/2023,262/23XK,0512/ROMANIA,HEAD STEEL SRL,HS.03,  1 ,11/24/2023
10/28/2023,10/30/2023,262/23XK,0512/ROMANIA,HEAD STEEL SRL,HS.04,  1 ,11/24/2023
10/28/2023,10/30/2023,262/23XK,0512/ROMANIA,HEAD STEEL SRL,KD.701,  60 ,11/24/2023
10/28/2023,10/30/2023,262/23XK,0512/ROMANIA,HEAD STEEL SRL,KD.702,  60 ,11/24/2023
10/28/2023,10/30/2023,262/23XK,0512/ROMANIA,HEAD STEEL SRL,KD.703,  60 ,11/24/2023
10/28/2023,10/30/2023,262/23XK,0512/ROMANIA,HEAD STEEL SRL,KD.704,  60 ,11/24/2023
10/28/2023,10/30/2023,262/23XK,0512/ROMANIA,HEAD STEEL SRL,KD.705,  60 ,11/24/2023
10/28/2023,10/30/2023,262/23XK,0512/ROMANIA,HEAD STEEL SRL,KD.706,  60 ,11/24/2023
10/28/2023,10/30/2023,262/23XK,0512/ROMANIA,HEAD STEEL SRL,KD.707,  60 ,11/24/2023
10/28/2023,10/30/2023,262/23XK,0512/ROMANIA,HEAD STEEL SRL,NC.02,  60 ,11/24/2023
10/28/2023,10/30/2023,262/23XK,0512/ROMANIA,HEAD STEEL SRL,NC.04,  60 ,11/24/2023
10/28/2023,10/30/2023,262/23XK,0512/ROMANIA,HEAD STEEL SRL,NC.05,  60 ,11/24/2023
10/28/2023,10/30/2023,262/23XK,0512/ROMANIA,HEAD STEEL SRL,NC.06,  60 ,11/24/2023
10/28/2023,10/30/2023,262/23XK,0512/ROMANIA,HEAD STEEL SRL,P.03,  20 ,11/24/2023
10/28/2023,10/30/2023,262/23XK,0512/ROMANIA,HEAD STEEL SRL,P.09,  20 ,11/24/2023
10/28/2023,10/30/2023,263/23XK,0510/ESTONIA,Mereneid Trading OÜ,AB.202C,  60 ,12/27/2023
10/28/2023,10/30/2023,263/23xk,0510/ESTONIA,Mereneid Trading OÜ,CL.205-3.5MM,  60 ,12/27/2023
10/28/2023,10/30/2023,263/23XK,0510/ESTONIA,Mereneid Trading OÜ,CL.205-5MM,  60 ,12/27/2023
10/28/2023,10/30/2023,263/23XK,0510/ESTONIA,Mereneid Trading OÜ,CL.206-5mm,  120 ,12/27/2023
10/28/2023,10/30/2023,263/23XK,0510/ESTONIA,Mereneid Trading OÜ,KD.704,  60 ,11/21/2023
10/28/2023,10/30/2023,263/23XK,0510/ESTONIA,Mereneid Trading OÜ,KD.705,  60 ,11/21/2023
10/28/2023,10/30/2023,263/23XK,0510/ESTONIA,Mereneid Trading OÜ,KD.707,  60 ,11/21/2023
10/28/2023,10/30/2023,263/23XK,0510/ESTONIA,Mereneid Trading OÜ,NA.01,  60 ,11/21/2023
10/28/2023,10/30/2023,263/23XK,0510/ESTONIA,Mereneid Trading OÜ,NB.103C,  60 ,12/27/2023
10/28/2023,10/30/2023,263/23XK,0510/ESTONIA,Mereneid Trading OÜ,NB.106C,  60 ,12/27/2023
10/28/2023,10/30/2023,263/23XK,0510/ESTONIA,Mereneid Trading OÜ,NB.107C,  60 ,12/27/2023
10/28/2023,10/30/2023,263/23XK,0510/ESTONIA,Mereneid Trading OÜ,NL.201,  60 ,12/27/2023
10/28/2023,10/30/2023,263/23XK,0510/ESTONIA,Mereneid Trading OÜ,NL.205,  60 ,12/27/2023
10/28/2023,10/30/2023,263/23XK,0510/ESTONIA,Mereneid Trading OÜ,NL.208,  60 ,12/27/2023
10/28/2023,10/30/2023,263/23XK,0510/ESTONIA,Mereneid Trading OÜ,P.01,  60 ,11/21/2023
10/28/2023,10/30/2023,263/23XK,0510/ESTONIA,Mereneid Trading OÜ,P.02,  60 ,11/21/2023
10/28/2023,10/30/2023,263/23XK,0510/ESTONIA,Mereneid Trading OÜ,P.03,  60 ,11/21/2023
10/28/2023,10/30/2023,263/23XK,0510/ESTONIA,Mereneid Trading OÜ,P.08,  60 ,11/21/2023
10/28/2023,10/30/2023,263/23XK,0510/ESTONIA,Mereneid Trading OÜ,P.09,  60 ,11/21/2023
10/28/2023,10/30/2023,263/23XK,0510/ESTONIA,Mereneid Trading OÜ,T.05,  60 ,11/21/2023
10/28/2023,10/30/2023,263/23XK,0510/ESTONIA,Mereneid Trading OÜ,T.07,  60 ,11/21/2023
10/28/2023,10/30/2023,264/23XK,0419/MEXICO,Oleksandr Zadorozhnyi,C.111,  120 ,12/27/2023
10/28/2023,10/30/2023,264/23XK,0419/MEXICO,Oleksandr Zadorozhnyi,C.112,  120 ,12/27/2023
10/28/2023,10/30/2023,264/23XK,0419/MEXICO,Oleksandr Zadorozhnyi,C.114,  120 ,12/27/2023
10/28/2023,10/30/2023,264/23XK,0419/MEXICO,Oleksandr Zadorozhnyi,C.118,  120 ,12/27/2023
10/28/2023,10/30/2023,264/23XK,0419/MEXICO,Oleksandr Zadorozhnyi,CL.205-7MM,  240 ,12/27/2023
10/28/2023,10/30/2023,264/23XK,0419/MEXICO,Oleksandr Zadorozhnyi,CL.206-5mm,  120 ,12/27/2023
10/28/2023,10/30/2023,264/23XK,0419/MEXICO,Oleksandr Zadorozhnyi,CL.206-7mm,  120 ,12/27/2023
10/28/2023,10/30/2023,264/23XK,0419/MEXICO,Oleksandr Zadorozhnyi,CL.207-5MM,  240 ,12/27/2023
10/28/2023,10/30/2023,264/23XK,0419/MEXICO,Oleksandr Zadorozhnyi,CL.S01-7mm,  240 ,12/27/2023
10/28/2023,10/30/2023,264/23XK,0419/MEXICO,Oleksandr Zadorozhnyi,CL.S02-5mm,  240 ,12/27/2023
10/28/2023,10/30/2023,264/23XK,0419/MEXICO,Oleksandr Zadorozhnyi,IS.01,  10 ,12/27/2023
10/28/2023,10/30/2023,264/23XK,0419/MEXICO,Oleksandr Zadorozhnyi,IS.03,  10 ,12/27/2023
10/28/2023,10/30/2023,264/23XK,0419/MEXICO,Oleksandr Zadorozhnyi,KD.701,  600 ,12/15/2023
10/28/2023,10/30/2023,264/23XK,0419/MEXICO,Oleksandr Zadorozhnyi,KD.702,  600 ,12/15/2023
10/28/2023,10/30/2023,264/23XK,0419/MEXICO,Oleksandr Zadorozhnyi,KD.703,  900 ,12/15/2023
10/28/2023,10/30/2023,264/23XK,0419/MEXICO,Oleksandr Zadorozhnyi,KD.704,  900 ,12/15/2023
10/28/2023,10/30/2023,264/23XK,0419/MEXICO,Oleksandr Zadorozhnyi,KD.705,  300 ,12/15/2023
10/28/2023,10/30/2023,264/23XK,0419/MEXICO,Oleksandr Zadorozhnyi,KD.706,  600 ,12/15/2023
10/28/2023,10/30/2023,264/23XK,0419/MEXICO,Oleksandr Zadorozhnyi,KD.707,  600 ,12/15/2023
10/28/2023,10/30/2023,264/23XK,0419/MEXICO,Oleksandr Zadorozhnyi,N.111,  120 ,12/27/2023
10/28/2023,10/30/2023,264/23XK,0419/MEXICO,Oleksandr Zadorozhnyi,N.112,  120 ,12/27/2023
10/28/2023,10/30/2023,264/23XK,0419/MEXICO,Oleksandr Zadorozhnyi,N.118,  120 ,12/27/2023
10/28/2023,10/30/2023,264/23XK,0419/MEXICO,Oleksandr Zadorozhnyi,NA.01,  60 ,12/27/2023
10/28/2023,10/30/2023,264/23XK,0419/MEXICO,Oleksandr Zadorozhnyi,NL.201,  300 ,12/27/2023
10/28/2023,10/30/2023,264/23XK,0419/MEXICO,Oleksandr Zadorozhnyi,NL.202,  300 ,12/27/2023
10/28/2023,10/30/2023,264/23XK,0419/MEXICO,Oleksandr Zadorozhnyi,NL.205,  120 ,12/27/2023
10/28/2023,10/30/2023,264/23XK,0419/MEXICO,Oleksandr Zadorozhnyi,P.08,  180 ,12/15/2023
10/28/2023,10/30/2023,264/23XK,0419/MEXICO,Oleksandr Zadorozhnyi,P.12,  180 ,12/15/2023
10/28/2023,10/30/2023,264/23XK,0419/MEXICO,Oleksandr Zadorozhnyi,P.13,  300 ,12/15/2023
10/28/2023,10/30/2023,264/23XK,0419/MEXICO,Oleksandr Zadorozhnyi,P.14,  180 ,12/15/2023
11/1/2023,11/2/2023,265/23XK,0513/LEBANON,SMART TRADE CO SRL,B.999,  6 ,12/12/2023
11/1/2023,11/2/2023,265/23XK,0513/LEBANON,SMART TRADE CO SRL,C.01-12,  10 ,12/12/2023
11/1/2023,11/2/2023,265/23XK,0513/LEBANON,SMART TRADE CO SRL,C.05-12,  20 ,12/12/2023
11/1/2023,11/2/2023,265/23XK,0513/LEBANON,SMART TRADE CO SRL,C.06-12,  20 ,12/12/2023
11/1/2023,11/2/2023,265/23XK,0513/LEBANON,SMART TRADE CO SRL,C.35-12,  20 ,12/12/2023
11/1/2023,11/2/2023,265/23XK,0513/LEBANON,SMART TRADE CO SRL,C.36-12,  20 ,12/12/2023
11/1/2023,11/2/2023,265/23XK,0513/LEBANON,SMART TRADE CO SRL,CB.101-14,  10 ,12/12/2023
11/1/2023,11/2/2023,265/23XK,0513/LEBANON,SMART TRADE CO SRL,CB.101C-14,  10 ,12/12/2023
11/1/2023,11/2/2023,265/23XK,0513/LEBANON,SMART TRADE CO SRL,CL.101-12,  10 ,12/12/2023
11/1/2023,11/2/2023,265/23XK,0513/LEBANON,SMART TRADE CO SRL,CL.201GR-5mm,  20 ,12/12/2023
11/1/2023,11/2/2023,265/23XK,0513/LEBANON,SMART TRADE CO SRL,CL.206-5mm,  20 ,12/12/2023
11/1/2023,11/2/2023,265/23XK,0513/LEBANON,SMART TRADE CO SRL,CL.S02-5mm,  10 ,12/12/2023
11/1/2023,11/2/2023,265/23XK,0513/LEBANON,SMART TRADE CO SRL,ES.01,  3 ,12/12/2023
11/1/2023,11/2/2023,265/23XK,0513/LEBANON,SMART TRADE CO SRL,ES.03,  3 ,12/12/2023
11/1/2023,11/2/2023,265/23XK,0513/LEBANON,SMART TRADE CO SRL,ES.05,  3 ,12/12/2023
11/1/2023,11/2/2023,265/23XK,0513/LEBANON,SMART TRADE CO SRL,EVO.01V-14,  20 ,12/12/2023
11/1/2023,11/2/2023,265/23XK,0513/LEBANON,SMART TRADE CO SRL,EVO.02-14,  20 ,12/12/2023
11/1/2023,11/2/2023,265/23XK,0513/LEBANON,SMART TRADE CO SRL,IS.01,  6 ,12/12/2023
11/1/2023,11/2/2023,265/23XK,0513/LEBANON,SMART TRADE CO SRL,NC.01,  6 ,12/12/2023
11/1/2023,11/2/2023,265/23XK,0513/LEBANON,SMART TRADE CO SRL,NC.02,  6 ,12/12/2023
11/1/2023,11/2/2023,265/23XK,0513/LEBANON,SMART TRADE CO SRL,NC.03,  6 ,12/12/2023
11/1/2023,11/2/2023,265/23XK,0513/LEBANON,SMART TRADE CO SRL,NC.04,  6 ,12/12/2023
11/1/2023,11/2/2023,265/23XK,0513/LEBANON,SMART TRADE CO SRL,NC.05,  6 ,12/12/2023
11/1/2023,11/2/2023,265/23XK,0513/LEBANON,SMART TRADE CO SRL,NC.06,  6 ,12/12/2023
11/1/2023,11/2/2023,265/23XK,0513/LEBANON,SMART TRADE CO SRL,NL.102,  10 ,12/12/2023
11/1/2023,11/2/2023,265/23XK,0513/LEBANON,SMART TRADE CO SRL,NL.103,  10 ,12/12/2023
11/1/2023,11/2/2023,265/23XK,0513/LEBANON,SMART TRADE CO SRL,NL.201,  10 ,12/12/2023
11/1/2023,11/2/2023,265/23XK,0513/LEBANON,SMART TRADE CO SRL,NL.203,  10 ,12/12/2023
11/1/2023,11/2/2023,265/23XK,0513/LEBANON,SMART TRADE CO SRL,NL.208,  10 ,12/12/2023
11/1/2023,11/2/2023,265/23XK,0513/LEBANON,SMART TRADE CO SRL,T.01BL,  100 ,12/12/2023
11/1/2023,11/2/2023,265/23XK,0513/LEBANON,SMART TRADE CO SRL,T.01BO,  100 ,12/12/2023
11/1/2023,11/2/2023,265/23XK,0513/LEBANON,SMART TRADE CO SRL,T.01GR,  100 ,12/12/2023
11/1/2023,11/2/2023,265/23XK,0513/LEBANON,SMART TRADE CO SRL,T.01PU,  100 ,12/12/2023
11/1/2023,11/2/2023,265/23XK,0513/LEBANON,SMART TRADE CO SRL,T.01RE,  100 ,12/12/2023
11/1/2023,11/2/2023,265/23XK,0513/LEBANON,SMART TRADE CO SRL,T.02,  240 ,12/12/2023
11/1/2023,11/2/2023,265/23XK,0513/LEBANON,SMART TRADE CO SRL,T.03,  120 ,12/12/2023
11/1/2023,11/2/2023,265/23XK,0513/LEBANON,SMART TRADE CO SRL,T.06,  360 ,12/12/2023
11/1/2023,11/2/2023,265/23XK,0513/LEBANON,SMART TRADE CO SRL,T.07,  360 ,12/12/2023
11/2/2023,11/2/2023,266/23ND,GT,BAN GIÁM ĐỐC,EVO.01V-16,  110 ,HỦY
11/2/2023,11/2/2023,266/23ND,GT,BAN GIÁM ĐỐC,EVO.G01-6,  100 ,HỦY
11/2/2023,11/2/2023,266/23ND,GT,BAN GIÁM ĐỐC,GS.01CC,  60 ,4/30/2024
11/2/2023,11/2/2023,266/23ND,GT,BAN GIÁM ĐỐC,GS.01VH,  60 ,4/30/2024
11/2/2023,11/2/2023,266/23ND,GT,BAN GIÁM ĐỐC,GS.03CC,  80 ,12/25/2023
11/2/2023,11/2/2023,266/23ND,GT,BAN GIÁM ĐỐC,GS.03VH,  80 ,4/30/2024
11/2/2023,11/2/2023,266/23ND,GT,BAN GIÁM ĐỐC,GS.07CC,  150 ,12/25/2023
11/1/2023,11/3/2023,267/23XK,0330/SPAIN,COMERCIAL NEMESIO RUBIO SL,KD2-0792,  500 ,12/29/2023
11/1/2023,11/3/2023,267/23XK,0330/SPAIN,COMERCIAL NEMESIO RUBIO SL,KDT-0793,  1.500 ,12/29/2023
11/3/2023,11/8/2023,268/23XK,0514/ITALY,FEDE MAKE -UP DI HU YANGYANG,C.04-12,  360 ,11/20/2023
11/3/2023,11/8/2023,268/23XK,0514/ITALY,FEDE MAKE -UP DI HU YANGYANG,C.04-14,  360 ,11/20/2023
11/3/2023,11/8/2023,268/23XK,0514/ITALY,FEDE MAKE -UP DI HU YANGYANG,C.04-16,  360 ,11/20/2023
11/3/2023,11/8/2023,268/23XK,0514/ITALY,FEDE MAKE -UP DI HU YANGYANG,C.07-12,  360 ,11/20/2023
11/3/2023,11/8/2023,268/23XK,0514/ITALY,FEDE MAKE -UP DI HU YANGYANG,C.07-14,  360 ,11/20/2023
11/3/2023,11/8/2023,268/23XK,0514/ITALY,FEDE MAKE -UP DI HU YANGYANG,C.07-16,  360 ,11/20/2023
11/3/2023,11/8/2023,268/23XK,0514/ITALY,FEDE MAKE -UP DI HU YANGYANG,C.118,  360 ,11/20/2023
11/3/2023,11/8/2023,268/23XK,0514/ITALY,FEDE MAKE -UP DI HU YANGYANG,NC.01,  360 ,11/20/2023
11/3/2023,11/8/2023,268/23XK,0514/ITALY,FEDE MAKE -UP DI HU YANGYANG,NC.02,  360 ,11/20/2023
11/3/2023,11/8/2023,268/23XK,0514/ITALY,FEDE MAKE -UP DI HU YANGYANG,P.03,  360 ,11/20/2023
11/3/2023,11/8/2023,268/23XK,0514/ITALY,FEDE MAKE -UP DI HU YANGYANG,P.08,  360 ,11/20/2023
11/3/2023,11/8/2023,268/23XK,0514/ITALY,FEDE MAKE -UP DI HU YANGYANG,P.10,  360 ,11/20/2023
11/6/2023,11/8/2023,269/23XK,0205/JAPAN,HIKARI CORPORATION,KD2-0286,  1.000 ,1/30/2024
11/6/2023,11/8/2023,269/23XK,0205/JAPAN,HIKARI CORPORATION,KD3-0287,  1.000 ,1/30/2024
11/7/2023,11/8/2023,270/23XK,0325/UKRAINE,Mikhailovsky Andrey Maksimovich,C.07-16,  360 ,11/20/2023
11/7/2023,11/8/2023,270/23XK,0325/UKRAINE,Mikhailovsky Andrey Maksimovich,KD.707,  100 ,11/20/2023
11/7/2023,11/8/2023,270/23XK,0325/UKRAINE,Mikhailovsky Andrey Maksimovich,KM2-1968,  500 ,11/26/2023
11/7/2023,11/8/2023,270/23XK,0325/UKRAINE,Mikhailovsky Andrey Maksimovich,KSK-1969,  300 ,11/26/2023
11/7/2023,11/8/2023,270/23XK,0325/UKRAINE,Mikhailovsky Andrey Maksimovich,KSK-1970,  200 ,11/26/2023
11/7/2023,11/8/2023,271/23ND,B2B,Ồ LÁNG VIỆN,BQT.OLV,  500 ,12/4/2023
11/9/2023,11/10/2023,272/23xk,0419/MEXICO,Oleksandr Zadorozhnyi,KSK-1971,  360 ,12/5/2023
11/9/2023,11/10/2023,272/23xk,0419/MEXICO,Oleksandr Zadorozhnyi,KSK-1972,  360 ,12/5/2023
11/6/2023,11/10/2023,273/23XK,0493/UK,NAILS BY ANNABEL LTD,KD2-1945,  1.500 ,1/19/2024
11/6/2023,11/10/2023,273/23XK,0493/UK,NAILS BY ANNABEL LTD,KSB-1944,  1.500 ,3/15/2024
11/6/2023,11/10/2023,273/23XK,0493/UK,NAILS BY ANNABEL LTD,KSS-1942,  1.500 ,3/15/2024
11/6/2023,11/10/2023,273/23XK,0493/UK,NAILS BY ANNABEL LTD,KSS-1943,  1.500 ,3/15/2024
11/6/2023,11/10/2023,273/23XK,0493/UK,NAILS BY ANNABEL LTD,MD.1946,  1.500 ,1/19/2024
11/29/2023,12/2/2023,274/23XK,0516/ROMANIA,Biton Beauty SRL,KSK-1978,  300 ,1/27/2024
11/29/2023,12/2/2023,274/23XK,0516/ROMANIA,Biton Beauty SRL,KSK-1979,  300 ,1/27/2024
11/13/2023,11/16/2023,275/23XK,0404/GREECE,EVANGELOS TARES LTD -THOMAS COSMETICS,C.04-12,  180 ,1/17/2024
11/13/2023,11/16/2023,275/23XK,0404/GREECE,EVANGELOS TARES LTD -THOMAS COSMETICS,C.04-14,  180 ,1/17/2024
11/13/2023,11/16/2023,275/23XK,0404/GREECE,EVANGELOS TARES LTD -THOMAS COSMETICS,C.07-12,  180 ,1/17/2024
11/13/2023,11/16/2023,275/23XK,0404/GREECE,EVANGELOS TARES LTD -THOMAS COSMETICS,C.07-14,  180 ,1/17/2024
11/13/2023,11/16/2023,275/23XK,0404/GREECE,EVANGELOS TARES LTD -THOMAS COSMETICS,NL.202,  180 ,1/17/2024
11/11/2023,11/16/2023,276/23xk,0212/KOREA,SHINEWITH INC.,CL.201-3.5mm,  3.700 ,1/24/2024
11/11/2023,11/16/2023,276/23xk,0212/KOREA,SHINEWITH INC.,ES.05,  1.100 ,1/24/2024
11/11/2023,11/16/2023,276/23xk,0212/KOREA,SHINEWITH INC.,NC.01,  1.700 ,1/24/2024
11/11/2023,11/16/2023,276/23xk,0212/KOREA,SHINEWITH INC.,P.08,  1.500 ,1/24/2024
11/16/2023,11/16/2023,277/23xk,0405/MALAYSIA,YOUSHINE SOLUTION SDN BHD.,C.04-14,  180 ,12/16/2023
11/16/2023,11/16/2023,277/23xk,0405/MALAYSIA,YOUSHINE SOLUTION SDN BHD.,C.07-12,  360 ,12/16/2023
11/16/2023,11/16/2023,277/23xk,0405/MALAYSIA,YOUSHINE SOLUTION SDN BHD.,C.112,  360 ,12/16/2023
11/16/2023,11/16/2023,277/23xk,0405/MALAYSIA,YOUSHINE SOLUTION SDN BHD.,NC.01,  360 ,12/16/2023
11/17/2023,11/17/2023,278/23XK,0489/CHINA,MEIXIANG TRENDY CARE LIMITED,KSK-1974,  500 ,11/30/2023
11/17/2023,11/17/2023,279/23XK,0515/SENEGAL,MARIE MADELEINE GOMIS - OMAEL BEAUTY,C.08-12,  60 ,12/24/2023
11/17/2023,11/17/2023,279/23XK,0515/SENEGAL,MARIE MADELEINE GOMIS - OMAEL BEAUTY,C.111,  60 ,12/24/2023
11/17/2023,11/17/2023,279/23XK,0515/SENEGAL,MARIE MADELEINE GOMIS - OMAEL BEAUTY,ES.01,  60 ,12/24/2023
11/17/2023,11/17/2023,279/23XK,0515/SENEGAL,MARIE MADELEINE GOMIS - OMAEL BEAUTY,ES.05,  60 ,12/24/2023
11/17/2023,11/17/2023,279/23XK,0515/SENEGAL,MARIE MADELEINE GOMIS - OMAEL BEAUTY,NC.03,  60 ,12/24/2023
11/17/2023,11/17/2023,279/23XK,0515/SENEGAL,MARIE MADELEINE GOMIS - OMAEL BEAUTY,NC.06,  60 ,12/24/2023
11/17/2023,11/17/2023,279/23XK,0515/SENEGAL,MARIE MADELEINE GOMIS - OMAEL BEAUTY,NL.203,  60 ,12/24/2023
11/17/2023,11/17/2023,279/23XK,0515/SENEGAL,MARIE MADELEINE GOMIS - OMAEL BEAUTY,P.02,  60 ,12/24/2023
11/17/2023,11/17/2023,279/23XK,0515/SENEGAL,MARIE MADELEINE GOMIS - OMAEL BEAUTY,P.04,  60 ,12/24/2023
11/17/2023,11/17/2023,279/23XK,0515/SENEGAL,MARIE MADELEINE GOMIS - OMAEL BEAUTY,P.13,  60 ,12/24/2023
11/17/2023,11/17/2023,279/23XK,0515/SENEGAL,MARIE MADELEINE GOMIS - OMAEL BEAUTY,T.01BL,  60 ,12/24/2023
11/17/2023,11/17/2023,279/23XK,0515/SENEGAL,MARIE MADELEINE GOMIS - OMAEL BEAUTY,T.01BO,  60 ,12/24/2023
11/17/2023,11/17/2023,279/23XK,0515/SENEGAL,MARIE MADELEINE GOMIS - OMAEL BEAUTY,T.01GR,  60 ,12/24/2023
11/17/2023,11/17/2023,279/23XK,0515/SENEGAL,MARIE MADELEINE GOMIS - OMAEL BEAUTY,T.01PU,  60 ,12/24/2023
11/17/2023,11/17/2023,279/23XK,0515/SENEGAL,MARIE MADELEINE GOMIS - OMAEL BEAUTY,T.01RE,  60 ,12/24/2023
11/17/2023,11/17/2023,279/23XK,0515/SENEGAL,MARIE MADELEINE GOMIS - OMAEL BEAUTY,T.03,  60 ,12/24/2023
11/17/2023,11/17/2023,279/23XK,0515/SENEGAL,MARIE MADELEINE GOMIS - OMAEL BEAUTY,T.04,  60 ,12/24/2023
11/17/2023,11/17/2023,279/23XK,0515/SENEGAL,MARIE MADELEINE GOMIS - OMAEL BEAUTY,T.08,  60 ,12/24/2023
11/16/2023,11/17/2023,280/23xk,0348/KOREA,SHINY GLOBAL,KD2-0804,  2.000 ,6/20/2024
11/16/2023,11/17/2023,280/23xk,0348/KOREA,SHINY GLOBAL,KD2-0805,  4.000 ,6/20/2024
11/16/2023,11/17/2023,280/23xk,0382/KOREA,SHINY GLOBAL,KD2-0905,  500 ,6/20/2024
11/16/2023,11/17/2023,280/23xk,0348/KOREA,SHINY GLOBAL,KD2-1000,  6.500 ,6/20/2024
11/16/2023,11/17/2023,280/23xk,0348/KOREA,SHINY GLOBAL,KD2-1001,  6.500 ,6/20/2024
11/16/2023,11/17/2023,280/23xk,0348/KOREA,SHINY GLOBAL,KD3-1115,  4.000 ,6/20/2024
11/16/2023,11/17/2023,280/23xk,0348/KOREA,SHINY GLOBAL,KD3-1116,  7.500 ,6/20/2024
11/22/2023,11/23/2023,281/23XK,0270/UAE,MILIA COSMETICS MAT TR.L L C - SOLE PROPRIETORSHIP,C.111,  1.200 ,1/25/2024
11/22/2023,11/23/2023,281/23XK,0270/UAE,MILIA COSMETICS MAT TR.L L C - SOLE PROPRIETORSHIP,C.112,  1.200 ,1/25/2024
11/22/2023,11/23/2023,281/23XK,0270/UAE,MILIA COSMETICS MAT TR.L L C - SOLE PROPRIETORSHIP,C.114,  3.600 ,1/25/2024
11/22/2023,11/23/2023,281/23XK,0270/UAE,MILIA COSMETICS MAT TR.L L C - SOLE PROPRIETORSHIP,C.36-12,  4.800 ,1/25/2024
11/22/2023,11/23/2023,281/23XK,0270/UAE,MILIA COSMETICS MAT TR.L L C - SOLE PROPRIETORSHIP,P.03,  600 ,1/25/2024
11/22/2023,11/23/2023,281/23XK,0270/UAE,MILIA COSMETICS MAT TR.L L C - SOLE PROPRIETORSHIP,P.08,  600 ,1/25/2024
11/22/2023,11/23/2023,281/23XK,0270/UAE,MILIA COSMETICS MAT TR.L L C - SOLE PROPRIETORSHIP,P.09,  600 ,1/25/2024
11/22/2023,11/23/2023,281/23XK,0270/UAE,MILIA COSMETICS MAT TR.L L C - SOLE PROPRIETORSHIP,P.10,  1.200 ,1/25/2024
11/22/2023,11/23/2023,281/23XK,0270/UAE,MILIA COSMETICS MAT TR.L L C - SOLE PROPRIETORSHIP,T.04,  600 ,1/25/2024
11/22/2023,11/23/2023,281/23XK,0270/UAE,MILIA COSMETICS MAT TR.L L C - SOLE PROPRIETORSHIP,T.09,  600 ,1/25/2024
11/23/2023,11/23/2023,282/23xk,0425/CHINA,Guangzhou Xingdian Nail Products Company Limited,D.03-12NC,  1.440 ,1/28/2024
11/23/2023,11/23/2023,282/23xk,0425/CHINA,Guangzhou Xingdian Nail Products Company Limited,D.05V-12NC,  60 ,1/28/2024
11/23/2023,11/23/2023,282/23xk,0425/CHINA,Guangzhou Xingdian Nail Products Company Limited,D.07-12NC,  21.300 ,1/28/2024
11/23/2023,11/23/2023,282/23xk,0425/CHINA,Guangzhou Xingdian Nail Products Company Limited,D.07-14NC,  12.720 ,1/28/2024
11/23/2023,11/23/2023,282/23xk,0425/CHINA,Guangzhou Xingdian Nail Products Company Limited,D.18NC,  360 ,1/28/2024
11/23/2023,11/23/2023,282/23xk,0425/CHINA,Guangzhou Xingdian Nail Products Company Limited,D.22NC,  10.440 ,1/28/2024
11/23/2023,11/23/2023,282/23xk,0425/CHINA,Guangzhou Xingdian Nail Products Company Limited,D.23NC,  5.100 ,1/28/2024
11/23/2023,11/23/2023,282/23xk,0425/CHINA,Guangzhou Xingdian Nail Products Company Limited,D.501NC,  180 ,1/28/2024
11/23/2023,11/23/2023,282/23xk,0425/CHINA,Guangzhou Xingdian Nail Products Company Limited,KD.701,  180 ,12/28/2023
11/23/2023,11/23/2023,282/23xk,0425/CHINA,Guangzhou Xingdian Nail Products Company Limited,KD.702,  180 ,12/28/2023
11/23/2023,11/23/2023,282/23xk,0425/CHINA,Guangzhou Xingdian Nail Products Company Limited,KD.703,  180 ,12/28/2023
11/23/2023,11/23/2023,282/23xk,0425/CHINA,Guangzhou Xingdian Nail Products Company Limited,KD.704,  180 ,12/28/2023
11/23/2023,11/23/2023,282/23xk,0425/CHINA,Guangzhou Xingdian Nail Products Company Limited,KD.705,  360 ,12/28/2023
11/23/2023,11/23/2023,282/23xk,0425/CHINA,Guangzhou Xingdian Nail Products Company Limited,KD.706,  180 ,12/28/2023
11/23/2023,11/23/2023,282/23xk,0425/CHINA,Guangzhou Xingdian Nail Products Company Limited,KD.707,  360 ,12/28/2023
11/23/2023,11/23/2023,282/23xk,0425/CHINA,Guangzhou Xingdian Nail Products Company Limited,P.12,  120 ,12/28/2023
11/23/2023,11/23/2023,282/23xk,0425/CHINA,Guangzhou Xingdian Nail Products Company Limited,P.13,  120 ,12/28/2023
11/23/2023,11/23/2023,282/23xk,0425/CHINA,Guangzhou Xingdian Nail Products Company Limited,P.14,  120 ,12/28/2023
11/23/2023,11/23/2023,282/23xk,0425/CHINA,Guangzhou Xingdian Nail Products Company Limited,S.506NC,  1.200 ,12/28/2023
11/23/2023,11/23/2023,282/23xk,0425/CHINA,Guangzhou Xingdian Nail Products Company Limited,S.511NC,  7.500 ,12/28/2023
11/23/2023,11/23/2023,283/23XK,0425/CHINA,Guangzhou Xingdian Nail Products Company Limited,B.902NC,  1.080 ,2/28/2024
11/23/2023,11/23/2023,283/23XK,0425/CHINA,Guangzhou Xingdian Nail Products Company Limited,D.03-12NC,  1.440 ,2/28/2024
11/23/2023,11/23/2023,283/23XK,0425/CHINA,Guangzhou Xingdian Nail Products Company Limited,D.05V-12NC,  180 ,2/28/2024
11/23/2023,11/23/2023,283/23XK,0425/CHINA,Guangzhou Xingdian Nail Products Company Limited,D.05V-16NC,  60 ,2/28/2024
11/23/2023,11/23/2023,283/23XK,0425/CHINA,Guangzhou Xingdian Nail Products Company Limited,D.07-12NC,  14.400 ,2/28/2024
11/23/2023,11/23/2023,283/23XK,0425/CHINA,Guangzhou Xingdian Nail Products Company Limited,D.07-14NC,  17.280 ,2/28/2024
11/23/2023,11/23/2023,283/23XK,0425/CHINA,Guangzhou Xingdian Nail Products Company Limited,D.07-3.5NC,  3.600 ,2/28/2024
11/23/2023,11/23/2023,283/23XK,0425/CHINA,Guangzhou Xingdian Nail Products Company Limited,D.18NC,  360 ,2/28/2024
11/23/2023,11/23/2023,283/23XK,0425/CHINA,Guangzhou Xingdian Nail Products Company Limited,D.22NC,  14.400 ,2/28/2024
11/23/2023,11/23/2023,283/23XK,0425/CHINA,Guangzhou Xingdian Nail Products Company Limited,D.23NC,  7.200 ,2/28/2024
11/23/2023,11/23/2023,283/23XK,0425/CHINA,Guangzhou Xingdian Nail Products Company Limited,D.27NC,  720 ,2/28/2024
11/23/2023,11/23/2023,283/23XK,0425/CHINA,Guangzhou Xingdian Nail Products Company Limited,D.501NC,  25.200 ,2/28/2024
11/23/2023,11/23/2023,283/23XK,0425/CHINA,Guangzhou Xingdian Nail Products Company Limited,S.506NC,  1.080 ,2/28/2024
11/23/2023,11/23/2023,283/23XK,0425/CHINA,Guangzhou Xingdian Nail Products Company Limited,S.511NC,  7.200 ,2/28/2024
11/24/2023,11/25/2023,284/23XK,0475/CHINA,"NINGBO CENTURY TIMES IMPORT AND EXPORT CO., LTD",KDT-1800,  8.000 ,12/28/2023
11/24/2023,11/25/2023,284/23XK,0475/CHINA,"NINGBO CENTURY TIMES IMPORT AND EXPORT CO., LTD",KDT-1802,  2.000 ,12/28/2023
11/24/2023,11/25/2023,284/23XK,0475/CHINA,"NINGBO CENTURY TIMES IMPORT AND EXPORT CO., LTD",KDT-1836,  2.000 ,12/28/2023
11/28/2023,11/29/2023,285/23XK,0004/HAITI,CYNTHIA COSMETIC DISTRIBUTION,C.03-16,  300 ,12/21/2023
11/28/2023,11/29/2023,285/23XK,0004/HAITI,CYNTHIA COSMETIC DISTRIBUTION,C.04-16,  400 ,12/21/2023
11/28/2023,11/29/2023,285/23XK,0004/HAITI,CYNTHIA COSMETIC DISTRIBUTION,C.06-14,  480 ,12/21/2023
11/28/2023,11/29/2023,285/23XK,0004/HAITI,CYNTHIA COSMETIC DISTRIBUTION,C.06-16,  900 ,12/21/2023
11/28/2023,11/29/2023,285/23XK,0004/HAITI,CYNTHIA COSMETIC DISTRIBUTION,C.07-14,  900 ,12/21/2023
11/28/2023,11/29/2023,285/23XK,0004/HAITI,CYNTHIA COSMETIC DISTRIBUTION,C.07-16,  1.600 ,12/21/2023
11/28/2023,11/29/2023,285/23XK,0004/HAITI,CYNTHIA COSMETIC DISTRIBUTION,C.08-14,  900 ,12/21/2023
11/28/2023,11/29/2023,285/23XK,0004/HAITI,CYNTHIA COSMETIC DISTRIBUTION,C.08-16,  1.800 ,12/21/2023
11/28/2023,11/29/2023,285/23XK,0004/HAITI,CYNTHIA COSMETIC DISTRIBUTION,NC.01,  60 ,12/26/2023
11/28/2023,11/29/2023,285/23XK,0004/HAITI,CYNTHIA COSMETIC DISTRIBUTION,NC.03,  60 ,12/26/2023
11/28/2023,11/29/2023,285/23XK,0004/HAITI,CYNTHIA COSMETIC DISTRIBUTION,P.01,  480 ,12/26/2023
11/21/2023,11/29/2023,286/23ND,B2B,SONION,BQT.SONION,  4.400 ,2/28/2024
11/28/2023,11/29/2023,287/23XK,0425/CHINA,Guangzhou Xingdian Nail Products Company Limited,B.901NC,  1.080 ,1/25/2024
11/27/2023,12/4/2023,288/23xk,0342/KOREA,ROYAL NIPPER,KD2-1949,  400 ,1/31/2024
11/27/2023,12/4/2023,288/23xk,0342/KOREA,ROYAL NIPPER,KD2-1984,  400 ,1/31/2024
11/27/2023,12/4/2023,288/23xk,0342/KOREA,ROYAL NIPPER,KD2-1985,  200 ,1/31/2024
11/30/2023,12/4/2023,289/23XK,0489/CHINA,MEIXIANG TRENDY CARE LIMITED,KD2-1975,  5.000 ,1/30/2024
11/30/2023,12/4/2023,289/23XK,0489/CHINA,MEIXIANG TRENDY CARE LIMITED,KSK-1976,  5.000 ,1/30/2024
11/30/2023,12/4/2023,289/23XK,0489/CHINA,MEIXIANG TRENDY CARE LIMITED,KSK-1977,  5.000 ,1/30/2024
11/30/2023,12/4/2023,290/23xk,0475/CHINA,"NINGBO CENTURY TIMES IMPORT AND EXPORT CO., LTD",KD2-1822,  2.000 ,1/24/2024
11/30/2023,12/4/2023,290/23xk,0475/CHINA,"NINGBO CENTURY TIMES IMPORT AND EXPORT CO., LTD",KD2-1824,  2.000 ,1/24/2024
11/30/2023,12/4/2023,290/23xk,0475/CHINA,"NINGBO CENTURY TIMES IMPORT AND EXPORT CO., LTD",KD2-1826,  1.000 ,1/24/2024
11/30/2023,12/4/2023,290/23xk,0475/CHINA,"NINGBO CENTURY TIMES IMPORT AND EXPORT CO., LTD",KDT-1800,  12.500 ,1/30/2024
11/30/2023,12/4/2023,290/23xk,0475/CHINA,"NINGBO CENTURY TIMES IMPORT AND EXPORT CO., LTD",KDT-1802,  3.500 ,1/30/2024
11/30/2023,12/4/2023,290/23xk,0475/CHINA,"NINGBO CENTURY TIMES IMPORT AND EXPORT CO., LTD",KDT-1804,  5.000 ,1/24/2024
11/30/2023,12/4/2023,290/23xk,0475/CHINA,"NINGBO CENTURY TIMES IMPORT AND EXPORT CO., LTD",KDT-1836,  3.500 ,1/30/2024
11/30/2023,12/4/2023,291/23XK,0489/CHINA,MEIXIANG TRENDY CARE LIMITED,KD2-1849,  1.000 ,1/24/2024
11/30/2023,12/4/2023,291/23XK,0489/CHINA,MEIXIANG TRENDY CARE LIMITED,KM2-1994,  100 ,1/24/2024
11/30/2023,12/4/2023,291/23XK,0489/CHINA,MEIXIANG TRENDY CARE LIMITED,KSK-1846,  200 ,1/24/2024
11/30/2023,12/4/2023,291/23XK,0489/CHINA,MEIXIANG TRENDY CARE LIMITED,KSK-1847,  1.000 ,1/24/2024
11/30/2023,12/4/2023,291/23XK,0489/CHINA,MEIXIANG TRENDY CARE LIMITED,KSK-1992,  200 ,1/24/2024
11/30/2023,12/4/2023,291/23XK,0489/CHINA,MEIXIANG TRENDY CARE LIMITED,KSK-1993,  100 ,1/24/2024
11/30/2023,12/4/2023,292/23XK,0489/CHINA,MEIXIANG TRENDY CARE LIMITED,C.01-16,  60 ,3/20/2024
11/30/2023,12/4/2023,292/23XK,0489/CHINA,MEIXIANG TRENDY CARE LIMITED,C.03-14,  2.160 ,3/20/2024
11/30/2023,12/4/2023,292/23XK,0489/CHINA,MEIXIANG TRENDY CARE LIMITED,C.04-14,  2.160 ,3/20/2024
11/30/2023,12/4/2023,292/23XK,0489/CHINA,MEIXIANG TRENDY CARE LIMITED,C.06-12,  2.160 ,3/20/2024
11/30/2023,12/4/2023,292/23XK,0489/CHINA,MEIXIANG TRENDY CARE LIMITED,C.07-12,  2.160 ,3/20/2024
11/30/2023,12/4/2023,292/23XK,0489/CHINA,MEIXIANG TRENDY CARE LIMITED,C.07-14,  2.160 ,3/20/2024
11/30/2023,12/4/2023,292/23XK,0489/CHINA,MEIXIANG TRENDY CARE LIMITED,C.07-16,  2.160 ,3/20/2024
11/30/2023,12/4/2023,292/23XK,0489/CHINA,MEIXIANG TRENDY CARE LIMITED,C.08-12,  2.160 ,3/20/2024
11/30/2023,12/4/2023,292/23XK,0489/CHINA,MEIXIANG TRENDY CARE LIMITED,C.36-16,  2.160 ,3/20/2024
11/30/2023,12/4/2023,292/23XK,0489/CHINA,MEIXIANG TRENDY CARE LIMITED,C.37-14,  2.160 ,3/20/2024
11/30/2023,12/4/2023,292/23XK,0489/CHINA,MEIXIANG TRENDY CARE LIMITED,CL.205-7MM,  1.080 ,3/20/2024
11/30/2023,12/4/2023,292/23XK,0489/CHINA,MEIXIANG TRENDY CARE LIMITED,CL.206-5MM,  2.160 ,3/20/2024
11/30/2023,12/4/2023,292/23XK,0489/CHINA,MEIXIANG TRENDY CARE LIMITED,CL.207-10MM,  720 ,3/20/2024
11/30/2023,12/4/2023,292/23XK,0489/CHINA,MEIXIANG TRENDY CARE LIMITED,CL.207-7MM,  3.600 ,3/20/2024
11/30/2023,12/4/2023,292/23XK,0489/CHINA,MEIXIANG TRENDY CARE LIMITED,CL.212-8MM,  2.160 ,3/20/2024
11/30/2023,12/4/2023,292/23XK,0489/CHINA,MEIXIANG TRENDY CARE LIMITED,CL.S01-7MM,  1.080 ,3/20/2024
11/30/2023,12/4/2023,292/23XK,0489/CHINA,MEIXIANG TRENDY CARE LIMITED,CL.S02-5MM,  1.080 ,3/20/2024
11/30/2023,12/4/2023,292/23XK,0489/CHINA,MEIXIANG TRENDY CARE LIMITED,KD.701,  3.600 ,3/20/2024
11/30/2023,12/4/2023,292/23XK,0489/CHINA,MEIXIANG TRENDY CARE LIMITED,KD.702,  3.600 ,3/20/2024
11/30/2023,12/4/2023,292/23XK,0489/CHINA,MEIXIANG TRENDY CARE LIMITED,KD.703,  3.600 ,3/20/2024
11/30/2023,12/4/2023,292/23XK,0489/CHINA,MEIXIANG TRENDY CARE LIMITED,KD.704,  3.600 ,3/20/2024
11/30/2023,12/4/2023,292/23XK,0489/CHINA,MEIXIANG TRENDY CARE LIMITED,KD.705,  3.600 ,3/20/2024
11/30/2023,12/4/2023,292/23XK,0489/CHINA,MEIXIANG TRENDY CARE LIMITED,KD.706,  3.600 ,3/20/2024
11/30/2023,12/4/2023,292/23XK,0489/CHINA,MEIXIANG TRENDY CARE LIMITED,KD.707,  2.160 ,3/20/2024
11/30/2023,12/4/2023,292/23XK,0489/CHINA,MEIXIANG TRENDY CARE LIMITED,NL.201,  2.160 ,3/20/2024
11/30/2023,12/4/2023,292/23XK,0489/CHINA,MEIXIANG TRENDY CARE LIMITED,NL.202,  2.160 ,HỦY
11/30/2023,12/4/2023,292/23XK,0489/CHINA,MEIXIANG TRENDY CARE LIMITED,NL.205,  2.160 ,3/20/2024
11/30/2023,12/4/2023,292/23XK,0489/CHINA,MEIXIANG TRENDY CARE LIMITED,NL.208,  2.160 ,HỦY
11/23/2023,12/8/2023,293/23XK,KDQT,HÀNG TỒN,KD.701,  -   ,5/25/2024
11/23/2023,12/8/2023,293/23XK,KDQT,HÀNG TỒN,KD.702,  -   ,5/25/2024
11/23/2023,12/8/2023,293/23XK,KDQT,HÀNG TỒN,KD.703,  -   ,5/25/2024
11/23/2023,12/8/2023,293/23XK,KDQT,HÀNG TỒN,KD.704,  -   ,5/25/2024
11/23/2023,12/8/2023,293/23XK,KDQT,HÀNG TỒN,KD.705,  -   ,5/25/2024
11/23/2023,12/8/2023,293/23XK,KDQT,HÀNG TỒN,KD.706,  -   ,5/25/2024
11/23/2023,12/8/2023,293/23XK,KDQT,HÀNG TỒN,KD.707,  -   ,5/25/2024
12/5/2023,12/8/2023,294/23XK,0260/USA,NYDC NAIL & BEAUTY SUPPLY,C.04-14,  720 ,1/5/2024
12/5/2023,12/8/2023,294/23XK,0260/USA,NYDC NAIL & BEAUTY SUPPLY,C.04-16,  1.080 ,1/5/2024
12/5/2023,12/8/2023,295/23XK,0517/RUSSIA,Melon PROFESSIONALCo.Ltd,KSK-1995,  1.000 ,1/5/2024
12/7/2023,12/8/2023,296/23XK,0026/GERMANY,ZWILLING Beauty Group GmbH,KD2-0211,  3.000 ,3/15/2024
12/7/2023,12/8/2023,296/23XK,0026/GERMANY,ZWILLING Beauty Group GmbH,KM2-0212,  3.600 ,3/15/2024
12/7/2023,12/8/2023,297/23XK,0026/GERMANY,ZWILLING Beauty Group GmbH,KSS-0367,  6.000 ,1/31/2024
12/7/2023,12/8/2023,297/23XK,0026/GERMANY,ZWILLING Beauty Group GmbH,KSS-0714,  1.200 ,1/31/2024
12/7/2023,12/8/2023,298/23XK,0223/KOREA,JENIPER,KDT-0748,  1.000 ,1/30/2024
12/7/2023,12/8/2023,298/23XK,0223/KOREA,JENIPER,KDT-1440,  2.000 ,1/30/2024
12/7/2023,12/8/2023,299/23XK,0518/USA,LUX SOLUTION,KD2-2004,  500 ,1/30/2024
12/7/2023,12/8/2023,299/23XK,0518/USA,LUX SOLUTION,KSB-2005,  500 ,1/30/2024
12/7/2023,12/8/2023,299/23XK,0518/USA,LUX SOLUTION,KSN-2006,  500 ,1/30/2024
12/7/2023,12/8/2023,299/23XK,0518/USA,LUX SOLUTION,KSS-2007,  500 ,1/30/2024
12/8/2023,12/8/2023,300/23xk,0519/australia,Luna Beauty Store Pty Ltd,C.04-12,  60 ,12/20/2023
12/8/2023,12/8/2023,300/23xk,0519/australia,Luna Beauty Store Pty Ltd,C.07-12,  60 ,12/20/2023
12/8/2023,12/8/2023,300/23xk,0519/australia,Luna Beauty Store Pty Ltd,C.08-12,  60 ,12/20/2023
12/8/2023,12/8/2023,300/23xk,0519/australia,Luna Beauty Store Pty Ltd,C.112,  60 ,12/20/2023
12/8/2023,12/8/2023,300/23xk,0519/australia,Luna Beauty Store Pty Ltd,C.114,  60 ,12/20/2023
12/8/2023,12/8/2023,300/23xk,0519/australia,Luna Beauty Store Pty Ltd,NC.01,  60 ,12/20/2023
12/8/2023,12/8/2023,300/23xk,0519/australia,Luna Beauty Store Pty Ltd,NC.02,  60 ,12/20/2023
12/8/2023,12/8/2023,300/23xk,0519/australia,Luna Beauty Store Pty Ltd,P.03,  60 ,12/20/2023
12/8/2023,12/8/2023,300/23xk,0519/australia,Luna Beauty Store Pty Ltd,P.04,  60 ,12/20/2023
12/8/2023,12/8/2023,300/23xk,0519/australia,Luna Beauty Store Pty Ltd,P.08,  60 ,12/20/2023
12/12/2023,12/15/2023,301/23XK,0314/POLAND,INGLOT sp. z o.o,KD2-0701,  2.000 ,2/24/2024
12/12/2023,12/20/2023,302/23xk,0520/SERBIA,Alexandar Cosmetics,KD2-1959,  500 ,2/28/2024
12/12/2023,12/20/2023,302/23xk,0520/SERBIA,Alexandar Cosmetics,KD2-1961,  500 ,2/28/2024
12/12/2023,12/20/2023,302/23xk,0520/SERBIA,Alexandar Cosmetics,KD2-1964,  500 ,2/28/2024
12/12/2023,12/20/2023,302/23xk,0520/SERBIA,Alexandar Cosmetics,KSK-1955,  500 ,2/28/2024
12/12/2023,12/20/2023,302/23xk,0520/SERBIA,Alexandar Cosmetics,KSK-1957,  500 ,2/28/2024
12/12/2023,12/20/2023,302/23xk,0520/SERBIA,Alexandar Cosmetics,KSK-1958,  500 ,2/28/2024
12/12/2023,12/20/2023,302/23xk,0520/SERBIA,Alexandar Cosmetics,KSS-1950,  1.000 ,3/14/2024
12/12/2023,12/20/2023,302/23xk,0520/SERBIA,Alexandar Cosmetics,KSS-1951,  1.000 ,3/14/2024
12/12/2023,12/20/2023,302/23xk,0520/SERBIA,Alexandar Cosmetics,KSS-1953,  1.000 ,3/14/2024
12/12/2023,12/20/2023,302/23xk,0520/SERBIA,Alexandar Cosmetics,KSS-1954,  1.000 ,3/14/2024
12/18/2023,12/20/2023,303/23XK,0467/POLAND,NAIL4U,KD2-1996,  500 ,2/26/2024
12/18/2023,12/20/2023,303/23XK,0467/POLAND,NAIL4U,KD2-1997,  500 ,2/26/2024
12/18/2023,12/20/2023,303/23XK,0467/POLAND,NAIL4U,KD2-1998,  500 ,2/26/2024
12/18/2023,12/20/2023,303/23XK,0467/POLAND,NAIL4U,KD2-1999,  500 ,2/26/2024
12/18/2023,12/20/2023,304/23xk,0446/TURKEY,Şükrü kızıl,C.04-12,  180 ,1/10/2024
12/18/2023,12/20/2023,304/23xk,0446/TURKEY,Şükrü kızıl,C.07-16,  180 ,1/10/2024
12/18/2023,12/20/2023,304/23xk,0446/TURKEY,Şükrü kızıl,C.111,  120 ,1/10/2024
12/18/2023,12/20/2023,304/23xk,0446/TURKEY,Şükrü kızıl,C.114,  120 ,1/10/2024
12/18/2023,12/20/2023,304/23xk,0446/TURKEY,Şükrü kızıl,CL.206-5MM,  120 ,HỦY
12/18/2023,12/20/2023,304/23xk,0446/TURKEY,Şükrü kızıl,CL.206-7MM,  120 ,3/16/2024
12/18/2023,12/20/2023,304/23xk,0446/TURKEY,Şükrü kızıl,CL.207-10MM,  120 ,3/16/2024
12/18/2023,12/20/2023,304/23xk,0446/TURKEY,Şükrü kızıl,CL.207-7MM,  120 ,3/16/2024
12/18/2023,12/20/2023,304/23xk,0446/TURKEY,Şükrü kızıl,CL.209-12MM,  120 ,HỦY
12/18/2023,12/20/2023,304/23xk,0446/TURKEY,Şükrü kızıl,CL.S01-7MM,  120 ,1/10/2024
12/18/2023,12/20/2023,304/23xk,0446/TURKEY,Şükrü kızıl,HS.03,  60 ,1/10/2024
12/18/2023,12/20/2023,304/23xk,0446/TURKEY,Şükrü kızıl,HS.04,  60 ,1/10/2024
12/18/2023,12/20/2023,304/23xk,0446/TURKEY,Şükrü kızıl,KD.701,  180 ,1/10/2024
12/18/2023,12/20/2023,304/23xk,0446/TURKEY,Şükrü kızıl,KD.702,  180 ,1/10/2024
12/18/2023,12/20/2023,304/23xk,0446/TURKEY,Şükrü kızıl,KD.703,  60 ,1/10/2024
12/18/2023,12/20/2023,304/23xk,0446/TURKEY,Şükrü kızıl,KD.704,  120 ,1/10/2024
12/18/2023,12/20/2023,304/23xk,0446/TURKEY,Şükrü kızıl,KD.705,  120 ,1/10/2024
12/18/2023,12/20/2023,304/23xk,0446/TURKEY,Şükrü kızıl,KD.706,  60 ,1/10/2024
12/18/2023,12/20/2023,304/23xk,0446/TURKEY,Şükrü kızıl,KD.707,  60 ,1/10/2024
12/18/2023,12/20/2023,304/23xk,0446/TURKEY,Şükrü kızıl,P.12,  120 ,1/10/2024
12/18/2023,12/20/2023,304/23xk,0446/TURKEY,Şükrü kızıl,P.13,  240 ,1/10/2024
12/18/2023,12/20/2023,304/23xk,0446/TURKEY,Şükrü kızıl,P.14,  120 ,1/10/2024
10/17/2023,12/22/2023,305/23XK,KDQT,HC 2024,B.916C-HO,  3 ,2/24/2024
10/17/2023,12/22/2023,305/23XK,KDQT,HC 2024,B.916C-TR,  3 ,2/24/2024
10/17/2023,12/22/2023,305/23XK,KDQT,HC 2024,B.916C-VA,  3 ,2/24/2024
10/17/2023,12/22/2023,305/23XK,KDQT,HC 2024,B.916C-XL,  3 ,2/24/2024
10/17/2023,12/22/2023,305/23XK,KDQT,HC 2024,ES.01,  10 ,2/24/2024
10/17/2023,12/22/2023,305/23XK,KDQT,HC 2024,ES.03,  10 ,2/24/2024
10/17/2023,12/22/2023,305/23XK,KDQT,HC 2024,ES.04,  10 ,2/24/2024
10/17/2023,12/22/2023,305/23XK,KDQT,HC 2024,ES.05,  10 ,2/24/2024
10/17/2023,12/22/2023,305/23XK,KDQT,HC 2024,KD.43,  360 ,3/5/2024
10/17/2023,12/22/2023,305/23XK,KDQT,HC 2024,KD.701,  50 ,2/24/2024
10/17/2023,12/22/2023,305/23XK,KDQT,HC 2024,KD.702,  30 ,2/24/2024
10/17/2023,12/22/2023,305/23XK,KDQT,HC 2024,KD.703,  30 ,2/24/2024
10/17/2023,12/22/2023,305/23XK,KDQT,HC 2024,KD.704,  30 ,2/24/2024
10/17/2023,12/22/2023,305/23XK,KDQT,HC 2024,KD.705,  30 ,2/24/2024
10/17/2023,12/22/2023,305/23XK,KDQT,HC 2024,KD.706,  30 ,2/24/2024
10/17/2023,12/22/2023,305/23XK,KDQT,HC 2024,KD.707,  30 ,2/24/2024
10/17/2023,12/22/2023,305/23XK,KDQT,HC 2024,NC.01,  10 ,2/24/2024
10/17/2023,12/22/2023,305/23XK,KDQT,HC 2024,NC.02,  10 ,2/24/2024
10/17/2023,12/22/2023,305/23XK,KDQT,HC 2024,NC.03,  10 ,2/24/2024
10/17/2023,12/22/2023,305/23XK,KDQT,HC 2024,NC.04,  10 ,2/24/2024
10/17/2023,12/22/2023,305/23XK,KDQT,HC 2024,NC.05,  10 ,2/24/2024
10/17/2023,12/22/2023,305/23XK,KDQT,HC 2024,NC.06,  10 ,2/24/2024
10/17/2023,12/22/2023,305/23XK,KDQT,HC 2024,P.01,  10 ,2/24/2024
10/17/2023,12/22/2023,305/23XK,KDQT,HC 2024,P.02,  5 ,2/24/2024
10/17/2023,12/22/2023,305/23XK,KDQT,HC 2024,P.03,  10 ,2/24/2024
10/17/2023,12/22/2023,305/23XK,KDQT,HC 2024,P.04,  5 ,2/24/2024
10/17/2023,12/22/2023,305/23XK,KDQT,HC 2024,P.05,  5 ,2/24/2024
10/17/2023,12/22/2023,305/23XK,KDQT,HC 2024,P.08,  10 ,2/24/2024
10/17/2023,12/22/2023,305/23XK,KDQT,HC 2024,P.09,  5 ,2/24/2024
10/17/2023,12/22/2023,305/23XK,KDQT,HC 2024,P.10,  5 ,2/24/2024
10/17/2023,12/22/2023,305/23XK,KDQT,HC 2024,P.12,  30 ,2/24/2024
10/17/2023,12/22/2023,305/23XK,KDQT,HC 2024,P.13,  20 ,2/24/2024
10/17/2023,12/22/2023,305/23XK,KDQT,HC 2024,P.14,  20 ,2/24/2024
10/17/2023,12/22/2023,305/23XK,KDQT,HC 2024,T.01bl,  2 ,2/24/2024
10/17/2023,12/22/2023,305/23XK,KDQT,HC 2024,T.01BO,  2 ,2/24/2024
10/17/2023,12/22/2023,305/23XK,KDQT,HC 2024,T.01GR,  2 ,2/24/2024
10/17/2023,12/22/2023,305/23XK,KDQT,HC 2024,T.01PU,  2 ,2/24/2024
10/17/2023,12/22/2023,305/23XK,KDQT,HC 2024,T.01RE,  2 ,2/24/2024
10/17/2023,12/22/2023,305/23XK,KDQT,HC 2024,T.03,  10 ,2/24/2024
10/17/2023,12/22/2023,305/23XK,KDQT,HC 2024,T.04,  10 ,2/24/2024
10/17/2023,12/22/2023,305/23XK,KDQT,HC 2024,T.05,  10 ,2/24/2024
10/17/2023,12/22/2023,305/23XK,KDQT,HC 2024,T.06,  10 ,2/24/2024
10/17/2023,12/22/2023,305/23XK,KDQT,HC 2024,T.07,  10 ,2/24/2024
10/17/2023,12/22/2023,305/23XK,KDQT,HC 2024,T.08,  10 ,2/24/2024
10/17/2023,12/22/2023,305/23XK,KDQT,HC 2024,T.09,  10 ,2/24/2024
10/17/2023,12/22/2023,305/23XK1,KDQT,HC 2024,KD.43,  100 ,2/24/2024
1/5/2024,1/6/2024,305/23xk1,KDQT,HC 2024,KD.701,  50 ,2/28/2024
1/5/2024,1/6/2024,305/23xk1,KDQT,HC 2024,KD.702,  50 ,2/28/2024
1/5/2024,1/6/2024,305/23xk1,KDQT,HC 2024,KD.703,  50 ,2/28/2024
1/5/2024,1/6/2024,305/23xk1,KDQT,HC 2024,KD.704,  50 ,2/28/2024
1/5/2024,1/6/2024,305/23xk1,KDQT,HC 2024,KD.705,  50 ,2/28/2024
1/5/2024,1/6/2024,305/23xk1,KDQT,HC 2024,KD.706,  50 ,2/28/2024
1/5/2024,1/6/2024,305/23xk1,KDQT,HC 2024,KD.707,  50 ,2/28/2024
10/17/2023,12/22/2023,306/23XK,KDQT,HC 2024,C.01-14,  10 ,HỦY
10/17/2023,12/22/2023,306/23XK,KDQT,HC 2024,C.03-14,  5 ,2/23/2024
10/17/2023,12/22/2023,306/23XK,KDQT,HC 2024,C.04-14,  5 ,2/23/2024
10/17/2023,12/22/2023,306/23XK,KDQT,HC 2024,C.05-14,  5 ,2/23/2024
10/17/2023,12/22/2023,306/23XK,KDQT,HC 2024,C.06-16,  5 ,2/23/2024
10/17/2023,12/22/2023,306/23XK,KDQT,HC 2024,C.07-12,  5 ,2/23/2024
10/17/2023,12/22/2023,306/23XK,KDQT,HC 2024,C.07-14,  5 ,2/23/2024
10/17/2023,12/22/2023,306/23XK,KDQT,HC 2024,C.07-3.5MM,  10 ,2/23/2024
10/17/2023,12/22/2023,306/23XK,KDQT,HC 2024,C.08-16,  5 ,2/23/2024
10/17/2023,12/22/2023,306/23XK,KDQT,HC 2024,C.111,  5 ,2/23/2024
10/17/2023,12/22/2023,306/23XK,KDQT,HC 2024,C.112,  5 ,2/23/2024
10/17/2023,12/22/2023,306/23XK,KDQT,HC 2024,C.114,  5 ,2/23/2024
10/17/2023,12/22/2023,306/23XK,KDQT,HC 2024,C.118,  5 ,2/23/2024
10/17/2023,12/22/2023,306/23XK,KDQT,HC 2024,C.35-12,  5 ,2/23/2024
10/17/2023,12/22/2023,306/23XK,KDQT,HC 2024,C.36-12,  5 ,2/23/2024
10/17/2023,12/22/2023,306/23XK,KDQT,HC 2024,C.37-12,  5 ,2/23/2024
10/17/2023,12/22/2023,306/23XK,KDQT,HC 2024,CB.101-14,  5 ,2/23/2024
10/17/2023,12/22/2023,306/23XK,KDQT,HC 2024,CB.102-14,  10 ,2/23/2024
10/17/2023,12/22/2023,306/23XK,KDQT,HC 2024,CB.202-14,  5 ,2/23/2024
10/17/2023,12/22/2023,306/23XK,KDQT,HC 2024,CL.101-12,  5 ,2/23/2024
10/17/2023,12/22/2023,306/23XK,KDQT,HC 2024,CL.101-14,  5 ,2/23/2024
10/17/2023,12/22/2023,306/23XK,KDQT,HC 2024,CL.201-12,  5 ,2/23/2024
10/17/2023,12/22/2023,306/23XK,KDQT,HC 2024,CL.201GR-5MM,  10 ,2/23/2024
10/17/2023,12/22/2023,306/23XK,KDQT,HC 2024,CL.203-14,  5 ,2/23/2024
10/17/2023,12/22/2023,306/23XK,KDQT,HC 2024,CL.205-5MM,  10 ,2/23/2024
10/17/2023,12/22/2023,306/23XK,KDQT,HC 2024,CL.205-7MM,  10 ,2/23/2024
10/17/2023,12/22/2023,306/23XK,KDQT,HC 2024,CL.206-5MM,  10 ,2/23/2024
10/17/2023,12/22/2023,306/23XK,KDQT,HC 2024,CL.206-7MM,  10 ,2/23/2024
10/17/2023,12/22/2023,306/23XK,KDQT,HC 2024,CL.209-12MM,  10 ,2/23/2024
10/17/2023,12/22/2023,306/23XK,KDQT,HC 2024,CL.210-12MM,  10 ,2/23/2024
10/17/2023,12/22/2023,306/23XK,KDQT,HC 2024,CL.211-10MM,  10 ,2/23/2024
10/17/2023,12/22/2023,306/23XK,KDQT,HC 2024,CL.S01-5MM,  10 ,2/23/2024
10/17/2023,12/22/2023,306/23XK,KDQT,HC 2024,CL.S02-5MM,  5 ,2/23/2024
10/17/2023,12/22/2023,306/23XK,KDQT,HC 2024,NB.103,  5 ,2/23/2024
10/17/2023,12/22/2023,306/23XK,KDQT,HC 2024,NB.106C,  5 ,2/23/2024
10/17/2023,12/22/2023,306/23XK,KDQT,HC 2024,NB.107,  5 ,2/23/2024
10/17/2023,12/22/2023,306/23XK,KDQT,HC 2024,NL.102,  5 ,2/23/2024
10/17/2023,12/22/2023,306/23XK,KDQT,HC 2024,NL.201,  10 ,2/23/2024
10/17/2023,12/22/2023,306/23XK,KDQT,HC 2024,NL.202,  10 ,2/23/2024
10/17/2023,12/22/2023,306/23XK,KDQT,HC 2024,NL.203,  10 ,2/23/2024
10/17/2023,12/22/2023,306/23XK,KDQT,HC 2024,NL.204,  10 ,2/23/2024
10/17/2023,12/22/2023,306/23XK,KDQT,HC 2024,NL.205,  10 ,2/23/2024
10/17/2023,12/22/2023,306/23XK,KDQT,HC 2024,NL.206,  10 ,2/23/2024
10/17/2023,12/22/2023,306/23XK,KDQT,HC 2024,NL.207,  10 ,2/23/2024
10/17/2023,12/22/2023,306/23XK,KDQT,HC 2024,NL.208,  10 ,2/23/2024
1/5/2024,1/6/2024,306/23XK1,KDQT,HC 2024,CL.212-5mm,  20 ,HỦY
1/5/2024,1/6/2024,306/23XK1,KDQT,HC 2024,CL.212-8mm,  20 ,2/28/2024
1/5/2024,1/6/2024,306/23XK1,KDQT,HC 2024,CL.213-10mm,  20 ,HỦY
1/5/2024,1/6/2024,306/23XK1,KDQT,HC 2024,CL.214-10mm,  20 ,HỦY
1/5/2024,1/6/2024,306/23XK1,KDQT,HC 2024,KD2-1604,  20 ,HỦY
1/5/2024,1/6/2024,306/23XK1,KDQT,HC 2024,KD2-1605,  20 ,HỦY
1/5/2024,1/6/2024,306/23XK1,KDQT,HC 2024,NL.210,  20 ,2/28/2024
1/2/2024,1/3/2024,MAU01,GT,CHỦ TỊCH,CL.205-6MM,  1.000 ,HỦY
1/2/2024,1/3/2024,MAU01,GT,CHỦ TỊCH,CL.209-12MM,  1.000 ,HỦY
1/2/2024,1/3/2024,MAU01,GT,CHỦ TỊCH,CL.210-12MM,  1.000 ,HỦY
1/2/2024,1/3/2024,MAU01,GT,CHỦ TỊCH,CL.212-8mm,  1.000 ,HỦY
1/2/2024,1/3/2024,MAU01,GT,CHỦ TỊCH,CL.215-10MM,  1.000 ,HỦY
1/2/2024,1/3/2024,MAU01,GT,CHỦ TỊCH,D.12-10mm,  1.000 ,HỦY
1/2/2024,1/3/2024,MAU01,GT,CHỦ TỊCH,D.13-6mm,  1.000 ,HỦY
1/2/2024,1/3/2024,MAU01,GT,CHỦ TỊCH,D.17-10mm,  1.000 ,HỦY
1/2/2024,1/3/2024,MAU01,GT,CHỦ TỊCH,D.25-10mm,  1.000 ,HỦY
1/2/2024,1/3/2024,MAU01,GT,CHỦ TỊCH,D.30-12mm,  1.000 ,HỦY
1/2/2024,1/3/2024,MAU01,GT,CHỦ TỊCH,EVO.G01-6,  1.000 ,HỦY
1/2/2024,1/3/2024,MAU01,GT,CHỦ TỊCH,EVO.RG01-6,  1.000 ,HỦY
1/2/2024,1/3/2024,MAU01,GT,CHỦ TỊCH,M.09,  1.000 ,HỦY
1/2/2024,1/3/2024,MAU01,GT,CHỦ TỊCH,NL.210,  1.000 ,HỦY
11/9/2023,1/3/2024,001/24XK,0311/KOREA,DANIEL COMPANY,KD3-1663,  1.500 ,3/30/2024
11/9/2023,1/3/2024,001/24XK,0311/KOREA,DANIEL COMPANY,KD3-1664,  500 ,3/30/2024
1/10/2024,,002/24XK,NNC,NNC,B.901,  14.400 ,3/6/2024
1/10/2024,,002/24XK,NNC,NNC,KM.601,  1.620 ,3/6/2024
1/10/2024,,002/24XK,NNC,NNC,KM.603,  1.620 ,3/6/2024
1/10/2024,,002/24XK,NNC,NNC,KM.604,  1.620 ,3/6/2024
1/10/2024,,002/24XK,NNC,NNC,KM.605,  1.620 ,3/6/2024
1/10/2024,,002/24XK,NNC,NNC,KT.703,  360 ,3/6/2024
1/10/2024,,002/24XK,NNC,NNC,KT.704,  360 ,3/6/2024
1/10/2024,,002/24XK,NNC,NNC,KT.706,  360 ,3/6/2024
1/10/2024,,002/24XK,NNC,NNC,KT.707,  360 ,3/6/2024
1/10/2024,,002/24XK,NNC,NNC,N.401DO,  240 ,3/6/2024
1/10/2024,,002/24XK,NNC,NNC,N.401TI,  180 ,3/6/2024
1/10/2024,,002/24XK,NNC,NNC,N.401VD,  240 ,3/6/2024
1/10/2024,,002/24XK,NNC,NNC,N.401XD,  240 ,3/6/2024
1/10/2024,,002/24XK,NNC,NNC,N.401XL,  180 ,3/6/2024
1/10/2024,,002/24XK,NNC,NNC,N.406,  540 ,3/6/2024
1/10/2024,,002/24XK,NNC,NNC,N.407,  720 ,3/6/2024
1/10/2024,,002/24XK,NNC,NNC,N.408,  540 ,3/6/2024
1/10/2024,,002/24XK,NNC,NNC,N.409,  720 ,3/6/2024
1/10/2024,,002/24XK,NNC,NNC,S.508,  1.620 ,3/6/2024
1/10/2024,,002/24XK,NNC,NNC,S.511,  1.080 ,3/6/2024
1/10/2024,,002/24XK,NNC,NNC,S.515,  900 ,3/6/2024
1/10/2024,,002/24XK,NNC,NNC,S.516,  540 ,3/6/2024
12/25/2023,1/3/2024,003/24ND,B2B,BRENNTAG,MD.33,  250 ,1/8/2024
12/19/2023,1/3/2024,004/24XK,0342/THAILAN,"DIVA SUPPLY CO., Ltd",C.04-12,  360 ,1/30/2024
12/19/2023,1/3/2024,004/24XK,0342/THAILAN,"DIVA SUPPLY CO., Ltd",C.04-14,  360 ,1/30/2024
12/19/2023,1/3/2024,004/24XK,0342/THAILAN,"DIVA SUPPLY CO., Ltd",C.112,  360 ,1/30/2024
12/26/2023,1/3/2024,005/24XK,0489/CHINA,MEIXIANG TRENDY CARE LIMITED,KSK-1847,  1.000 ,3/30/2024
1/3/2024,1/3/2024,006/24xk,0404/GREECE,EVANGELOS TARES LTD -THOMAS COSMETICS,C.04-14,  600 ,1/27/2024
1/3/2024,1/3/2024,006/24xk,0404/GREECE,EVANGELOS TARES LTD -THOMAS COSMETICS,C.04-3.5MM,  200 ,1/27/2024
1/3/2024,1/3/2024,006/24xk,0404/GREECE,EVANGELOS TARES LTD -THOMAS COSMETICS,C.07-14,  600 ,1/27/2024
1/3/2024,1/3/2024,006/24xk,0404/GREECE,EVANGELOS TARES LTD -THOMAS COSMETICS,C.07-16,  200 ,1/27/2024
12/19/2023,1/4/2024,007/24XK,0426/GREECE,LALOO COSMECTICS,AB.101,  10 ,1/31/2024
12/19/2023,1/4/2024,007/24XK,0426/GREECE,LALOO COSMECTICS,AB.202,  5 ,1/31/2024
12/19/2023,1/4/2024,007/24XK,0426/GREECE,LALOO COSMECTICS,AL.101C,  5 ,1/31/2024
12/19/2023,1/4/2024,007/24XK,0426/GREECE,LALOO COSMECTICS,AL.201,  -   ,1/31/2024
12/19/2023,1/4/2024,007/24XK,0426/GREECE,LALOO COSMECTICS,C.01-12,  260 ,3/21/2024
12/19/2023,1/4/2024,007/24XK,0426/GREECE,LALOO COSMECTICS,C.01G-14,  5 ,1/31/2024
12/19/2023,1/4/2024,007/24XK,0426/GREECE,LALOO COSMECTICS,C.03-12,  15 ,1/31/2024
12/19/2023,1/4/2024,007/24XK,0426/GREECE,LALOO COSMECTICS,C.04-14,  15 ,1/31/2024
12/19/2023,1/4/2024,007/24XK,0426/GREECE,LALOO COSMECTICS,C.05-12,  10 ,1/31/2024
12/19/2023,1/4/2024,007/24XK,0426/GREECE,LALOO COSMECTICS,C.06-14,  10 ,1/31/2024
12/19/2023,1/4/2024,007/24XK,0426/GREECE,LALOO COSMECTICS,C.07-12,  10 ,1/31/2024
12/19/2023,1/4/2024,007/24XK,0426/GREECE,LALOO COSMECTICS,C.08-16,  5 ,1/31/2024
12/19/2023,1/4/2024,007/24XK,0426/GREECE,LALOO COSMECTICS,C.111,  10 ,1/31/2024
12/19/2023,1/4/2024,007/24XK,0426/GREECE,LALOO COSMECTICS,C.112,  5 ,1/31/2024
12/19/2023,1/4/2024,007/24XK,0426/GREECE,LALOO COSMECTICS,C.118,  5 ,1/31/2024
12/19/2023,1/4/2024,007/24XK,0426/GREECE,LALOO COSMECTICS,C.35-14,  5 ,1/31/2024
12/19/2023,1/4/2024,007/24XK,0426/GREECE,LALOO COSMECTICS,C.36-12,  5 ,1/31/2024
12/19/2023,1/4/2024,007/24XK,0426/GREECE,LALOO COSMECTICS,C.37-14,  5 ,1/31/2024
12/19/2023,1/4/2024,007/24XK,0426/GREECE,LALOO COSMECTICS,CB.101C-14,  5 ,1/31/2024
12/19/2023,1/4/2024,007/24XK,0426/GREECE,LALOO COSMECTICS,CB.102C-14,  5 ,1/31/2024
12/19/2023,1/4/2024,007/24XK,0426/GREECE,LALOO COSMECTICS,CB.202C-14,  10 ,1/31/2024
12/19/2023,1/4/2024,007/24XK,0426/GREECE,LALOO COSMECTICS,CL.101C-12,  5 ,1/31/2024
12/19/2023,1/4/2024,007/24XK,0426/GREECE,LALOO COSMECTICS,CL.201C-14,  10 ,1/31/2024
12/19/2023,1/4/2024,007/24XK,0426/GREECE,LALOO COSMECTICS,CL.201GR-5MM,  5 ,1/31/2024
12/19/2023,1/4/2024,007/24XK,0426/GREECE,LALOO COSMECTICS,CL.203C-14,  5 ,1/31/2024
12/19/2023,1/4/2024,007/24XK,0426/GREECE,LALOO COSMECTICS,CL.205-7MM,  300 ,3/21/2024
12/19/2023,1/4/2024,007/24XK,0426/GREECE,LALOO COSMECTICS,CL.206-5MM,  260 ,3/21/2024
12/19/2023,1/4/2024,007/24XK,0426/GREECE,LALOO COSMECTICS,CL.206-7MM,  260 ,3/21/2024
12/19/2023,1/4/2024,007/24XK,0426/GREECE,LALOO COSMECTICS,CL.207-10MM,  320 ,3/21/2024
12/19/2023,1/4/2024,007/24XK,0426/GREECE,LALOO COSMECTICS,CL.207-7MM,  260 ,3/21/2024
12/19/2023,1/4/2024,007/24XK,0426/GREECE,LALOO COSMECTICS,CL.209-12MM,  10 ,1/31/2024
12/19/2023,1/4/2024,007/24XK,0426/GREECE,LALOO COSMECTICS,CL.210-12MM,  10 ,1/31/2024
12/19/2023,1/4/2024,007/24XK,0426/GREECE,LALOO COSMECTICS,CL.211-10MM,  5 ,1/31/2024
12/19/2023,1/4/2024,007/24XK,0426/GREECE,LALOO COSMECTICS,CL.S01-7MM,  350 ,3/21/2024
12/19/2023,1/4/2024,007/24XK,0426/GREECE,LALOO COSMECTICS,CL.S02-5MM,  10 ,1/31/2024
12/19/2023,1/4/2024,007/24XK,0426/GREECE,LALOO COSMECTICS,EVO.01V-16,  100 ,3/21/2024
12/19/2023,1/4/2024,007/24XK,0426/GREECE,LALOO COSMECTICS,EVO.02-16,  10 ,1/31/2024
12/19/2023,1/4/2024,007/24XK,0426/GREECE,LALOO COSMECTICS,EVO.05V-16,  5 ,1/31/2024
12/19/2023,1/4/2024,007/24XK,0426/GREECE,LALOO COSMECTICS,EVO.06-16,  -   ,1/31/2024
12/19/2023,1/4/2024,007/24XK,0426/GREECE,LALOO COSMECTICS,IS.03,  10 ,1/31/2024
12/19/2023,1/4/2024,007/24XK,0426/GREECE,LALOO COSMECTICS,KD.701,  220 ,2/28/2024
12/19/2023,1/4/2024,007/24XK,0426/GREECE,LALOO COSMECTICS,KD.702,  5 ,1/31/2024
12/19/2023,1/4/2024,007/24XK,0426/GREECE,LALOO COSMECTICS,KD.703,  120 ,2/28/2024
12/19/2023,1/4/2024,007/24XK,0426/GREECE,LALOO COSMECTICS,KD.704,  5 ,1/31/2024
12/19/2023,1/4/2024,007/24XK,0426/GREECE,LALOO COSMECTICS,KD.705,  5 ,1/31/2024
12/19/2023,1/4/2024,007/24XK,0426/GREECE,LALOO COSMECTICS,KD.706,  100 ,2/28/2024
12/19/2023,1/4/2024,007/24XK,0426/GREECE,LALOO COSMECTICS,KD.707,  10 ,1/31/2024
12/19/2023,1/4/2024,007/24XK,0426/GREECE,LALOO COSMECTICS,N.01,  10 ,1/31/2024
12/19/2023,1/4/2024,007/24XK,0426/GREECE,LALOO COSMECTICS,N.01G,  5 ,1/31/2024
12/19/2023,1/4/2024,007/24XK,0426/GREECE,LALOO COSMECTICS,N.03,  10 ,1/31/2024
12/19/2023,1/4/2024,007/24XK,0426/GREECE,LALOO COSMECTICS,N.04,  10 ,1/31/2024
12/19/2023,1/4/2024,007/24XK,0426/GREECE,LALOO COSMECTICS,N.05,  15 ,1/31/2024
12/19/2023,1/4/2024,007/24XK,0426/GREECE,LALOO COSMECTICS,N.07,  5 ,1/31/2024
12/19/2023,1/4/2024,007/24XK,0426/GREECE,LALOO COSMECTICS,N.111,  10 ,1/31/2024
12/19/2023,1/4/2024,007/24XK,0426/GREECE,LALOO COSMECTICS,N.112,  10 ,1/31/2024
12/19/2023,1/4/2024,007/24XK,0426/GREECE,LALOO COSMECTICS,N.118,  5 ,1/31/2024
12/19/2023,1/4/2024,007/24XK,0426/GREECE,LALOO COSMECTICS,NB.102,  7 ,1/31/2024
12/19/2023,1/4/2024,007/24XK,0426/GREECE,LALOO COSMECTICS,NB.106C,  5 ,1/31/2024
12/19/2023,1/4/2024,007/24XK,0426/GREECE,LALOO COSMECTICS,NB.107,  5 ,1/31/2024
12/19/2023,1/4/2024,007/24XK,0426/GREECE,LALOO COSMECTICS,NC.01,  150 ,1/31/2024
12/19/2023,1/4/2024,007/24XK,0426/GREECE,LALOO COSMECTICS,NL.102C,  100 ,3/21/2024
12/19/2023,1/4/2024,007/24XK,0426/GREECE,LALOO COSMECTICS,NL.103c,  3 ,1/31/2024
12/19/2023,1/4/2024,007/24XK,0426/GREECE,LALOO COSMECTICS,NL.201,  150 ,3/21/2024
12/19/2023,1/4/2024,007/24XK,0426/GREECE,LALOO COSMECTICS,NL.202,  300 ,3/21/2024
12/19/2023,1/4/2024,007/24XK,0426/GREECE,LALOO COSMECTICS,NL.203,  10 ,1/31/2024
12/19/2023,1/4/2024,007/24XK,0426/GREECE,LALOO COSMECTICS,NL.204,  260 ,3/21/2024
12/19/2023,1/4/2024,007/24XK,0426/GREECE,LALOO COSMECTICS,NL.205,  260 ,3/21/2024
12/19/2023,1/4/2024,007/24XK,0426/GREECE,LALOO COSMECTICS,NL.206,  10 ,1/31/2024
12/19/2023,1/4/2024,007/24XK,0426/GREECE,LALOO COSMECTICS,NL.207,  10 ,1/31/2024
12/19/2023,1/4/2024,007/24XK,0426/GREECE,LALOO COSMECTICS,NL.208,  150 ,3/21/2024
12/19/2023,1/4/2024,007/24XK,0426/GREECE,LALOO COSMECTICS,P.01,  5 ,1/31/2024
12/19/2023,1/4/2024,007/24XK,0426/GREECE,LALOO COSMECTICS,P.02,  5 ,1/31/2024
12/19/2023,1/4/2024,007/24XK,0426/GREECE,LALOO COSMECTICS,P.03,  5 ,1/31/2024
12/19/2023,1/4/2024,007/24XK,0426/GREECE,LALOO COSMECTICS,P.04,  200 ,1/31/2024
12/19/2023,1/4/2024,007/24XK,0426/GREECE,LALOO COSMECTICS,P.05,  250 ,1/31/2024
12/19/2023,1/4/2024,007/24XK,0426/GREECE,LALOO COSMECTICS,P.08,  5 ,1/31/2024
12/19/2023,1/4/2024,007/24XK,0426/GREECE,LALOO COSMECTICS,P.09,  5 ,1/31/2024
12/19/2023,1/4/2024,007/24XK,0426/GREECE,LALOO COSMECTICS,P.1,  -   ,1/31/2024
12/19/2023,1/4/2024,007/24XK,0426/GREECE,LALOO COSMECTICS,P.10,  150 ,1/31/2024
12/19/2023,1/4/2024,007/24XK,0426/GREECE,LALOO COSMECTICS,P.12,  300 ,1/31/2024
12/19/2023,1/4/2024,007/24XK,0426/GREECE,LALOO COSMECTICS,P.13,  10 ,1/31/2024
12/19/2023,1/4/2024,007/24XK,0426/GREECE,LALOO COSMECTICS,P.14,  300 ,1/31/2024
12/19/2023,1/4/2024,007/24XK,0426/GREECE,LALOO COSMECTICS,P.16,  -   ,1/31/2024
12/19/2023,1/4/2024,007/24XK,0426/GREECE,LALOO COSMECTICS,P.23,  5 ,1/31/2024
12/19/2023,1/4/2024,007/24XK,0426/GREECE,LALOO COSMECTICS,P.3,  -   ,1/31/2024
12/19/2023,1/4/2024,007/24XK,0426/GREECE,LALOO COSMECTICS,P.38,  5 ,1/31/2024
12/19/2023,1/4/2024,007/24XK,0426/GREECE,LALOO COSMECTICS,P.4,  -   ,1/31/2024
12/19/2023,1/4/2024,007/24XK,0426/GREECE,LALOO COSMECTICS,P.67,  -   ,1/31/2024
1/1/2024,1/12/2024,008/24XK,0410/PAT,SETACO FOR IMPORT AND EXPORT (Patrick Ricco ),KD2-1316,  720 ,3/25/2024
1/1/2024,1/12/2024,008/24XK,0410/PAT,SETACO FOR IMPORT AND EXPORT (Patrick Ricco ),KD2-1319p,  360 ,3/25/2024
1/1/2024,1/12/2024,008/24XK,0410/PAT,SETACO FOR IMPORT AND EXPORT (Patrick Ricco ),KD2-2027,  360 ,3/25/2024
1/1/2024,1/12/2024,008/24XK,0410/PAT,SETACO FOR IMPORT AND EXPORT (Patrick Ricco ),KD2-2-1590,  360 ,3/25/2024
1/1/2024,1/12/2024,008/24XK,0410/PAT,SETACO FOR IMPORT AND EXPORT (Patrick Ricco ),KDT-1317,  1.080 ,3/25/2024
1/1/2024,1/12/2024,008/24XK,0410/PAT,SETACO FOR IMPORT AND EXPORT (Patrick Ricco ),KDT-1602,  360 ,3/25/2024
1/1/2024,1/12/2024,008/24XK,0410/PAT,SETACO FOR IMPORT AND EXPORT (Patrick Ricco ),KSS-1586,  360 ,3/25/2024
1/1/2024,1/12/2024,008/24XK,0410/PAT,SETACO FOR IMPORT AND EXPORT (Patrick Ricco ),KSS-1587,  720 ,3/25/2024
1/1/2024,1/12/2024,008/24XK,0410/PAT,SETACO FOR IMPORT AND EXPORT (Patrick Ricco ),KSS-2028,  360 ,3/25/2024
12/29/2024,1/12/2024,009/24XK,0481/FRANCE,ONIX PRO,KD2-2024,  360 ,3/25/2024
12/29/2024,1/12/2024,009/24XK,0481/FRANCE,ONIX PRO,KD2-2025,  360 ,3/25/2024
12/29/2024,1/12/2024,009/24XK,0481/FRANCE,ONIX PRO,KD2-2026,  360 ,3/25/2024
1/5/2024,1/6/2024,010/24XK,0521/LEBANON,GAFF GROUP,C.04-12,  60 ,1/30/2024
1/5/2024,1/6/2024,010/24XK,0521/LEBANON,GAFF GROUP,C.04-14,  60 ,1/30/2024
1/5/2024,1/6/2024,010/24XK,0521/LEBANON,GAFF GROUP,KD.702,  60 ,1/30/2024
1/5/2024,1/6/2024,010/24XK,0521/LEBANON,GAFF GROUP,NL.201,  60 ,1/30/2024
1/5/2024,1/6/2024,010/24XK,0521/LEBANON,GAFF GROUP,NL.203,  60 ,1/30/2024
1/5/2024,1/6/2024,010/24XK,0521/LEBANON,GAFF GROUP,NL.208,  60 ,1/30/2024
1/4/2024,1/5/2024,011/24XK,0405/MALAYSIA,YOUSHINE SOLUTION SDN BHD.,C.04-12,  720 ,2/22/2024
1/4/2024,1/5/2024,011/24XK,0405/MALAYSIA,YOUSHINE SOLUTION SDN BHD.,C.04-14,  1.080 ,2/22/2024
1/4/2024,1/5/2024,011/24XK,0405/MALAYSIA,YOUSHINE SOLUTION SDN BHD.,C.07-12,  720 ,2/22/2024
1/4/2024,1/5/2024,011/24XK,0405/MALAYSIA,YOUSHINE SOLUTION SDN BHD.,C.07-14,  360 ,2/22/2024
1/5/2024,1/5/2024,012/24XK,0435/UAE,Nails The Modern Manicure Studio,C.07-14,  500 ,1/18/2024
1/4/2024,1/6/2024,013/24ND,MKT,MAKETING,MD.32,  33 ,1/12/2024
1/4/2024,1/6/2024,013/24ND,MKT,MAKETING,MD.33,  33 ,1/12/2024
1/10/2024,1/12/2024,014/24XK,0522/MEXICO,Lizbeth Lucila Torres Nava ,KSK-2032,  500 ,3/15/2024
1/10/2024,1/12/2024,014/24XK,0522/MEXICO,Lizbeth Lucila Torres Nava ,KSS-2033,  500 ,3/15/2024
12/20/2024,1/6/2024,015/24xk,KDQT,HÀNG TỒN,KD.43,  -   ,HỦY
12/20/2024,1/6/2024,015/24xk,KDQT,HÀNG TỒN,KD.701,  -   ,HỦY
12/20/2024,1/6/2024,015/24xk,KDQT,HÀNG TỒN,KD.702,  -   ,HỦY
12/20/2024,1/6/2024,015/24xk,KDQT,HÀNG TỒN,KD.703,  -   ,HỦY
12/20/2024,1/6/2024,015/24xk,KDQT,HÀNG TỒN,KD.704,  -   ,HỦY
12/20/2024,1/6/2024,015/24xk,KDQT,HÀNG TỒN,KD.705,  -   ,HỦY
12/20/2024,1/6/2024,015/24xk,KDQT,HÀNG TỒN,KD.706,  -   ,HỦY
12/20/2024,1/6/2024,015/24xk,KDQT,HÀNG TỒN,KD.707,  -   ,HỦY
1/10/2024,3/22/2024,016/24XK,0509/TURKEY,CIGDEM KARAGULLE,KD2-1604,  1.500 ,3/22/2024
1/10/2024,3/5/2024,016/24XK,0509/TURKEY,CIGDEM KARAGULLE,KDT-1967,  500 ,4/22/2024
1/10/2024,1/12/2024,017/24xk,0336/CHINA,"QVS Global China, LTD",KD2-0211,  2.000 ,4/9/2024
1/10/2024,1/12/2024,017/24xk,0336/CHINA,"QVS Global China, LTD",KM2-0212,  1.000 ,4/9/2024
1/10/2024,1/12/2024,017/24xk,0336/CHINA,"QVS Global China, LTD",KSD-0362,  1.000 ,2/26/2024
1/10/2024,1/12/2024,017/24xk,0336/CHINA,"QVS Global China, LTD",KSS-0367,  2.000 ,2/28/2024
10/25/2024,1/12/2024,018/24xk,0246/KOREA,PARAN NAIL ,KD2-0275,  1.000 ,3/26/2024
10/25/2024,1/12/2024,018/24xk,0246/KOREA,PARAN NAIL ,KD2-0574,  2.000 ,3/26/2024
1/11/2024,1/12/2024,019/24XK,0467/POLAND,NAIL4U,KSD-1980,  2.000 ,HỦY
1/11/2024,1/12/2024,019/24XK,0467/POLAND,NAIL4U,KSS-2029,  500 ,2/26/2024
1/8/2024,1/17/2024,020/24XK,KDQT,HC2024,KD.708,  30 ,3/12/2024
1/8/2024,1/17/2024,020/24XK,KDQT,HC2024,KD.709,  30 ,3/12/2024
1/8/2024,1/17/2024,020/24XK,KDQT,HC2024,KD.710,  30 ,3/12/2024
1/8/2024,1/17/2024,020/24XK,KDQT,HC2024,KD.711,  30 ,3/12/2024
1/8/2024,1/17/2024,020/24XK,KDQT,HC2024,KD.712,  30 ,3/12/2024
1/8/2024,1/17/2024,020/24XK,KDQT,HC2024,KD.714,  30 ,3/12/2024
1/8/2024,1/17/2024,020/24XK,KDQT,HC2024,KD.715,  30 ,3/12/2024
1/8/2024,1/17/2024,020/24XK,KDQT,HC2024,KD.716,  30 ,3/12/2024
1/8/2024,1/17/2024,020/24XK,KDQT,HC2024,KDM.713,  30 ,3/12/2024
1/8/2024,1/17/2024,020/24XK,KDQT,HC2024,KDM.717,  30 ,3/12/2024
1/8/2024,1/17/2024,020/24XK1,KDQT,HC2024,KD.708,  30 ,4/5/2024
1/8/2024,1/17/2024,020/24XK1,KDQT,HC2024,KD.709,  30 ,4/5/2024
1/8/2024,1/17/2024,020/24XK1,KDQT,HC2024,KD.710,  30 ,4/5/2024
1/8/2024,1/17/2024,020/24XK1,KDQT,HC2024,KD.711,  30 ,4/5/2024
1/8/2024,1/17/2024,020/24XK1,KDQT,HC2024,KD.712,  30 ,4/5/2024
1/8/2024,1/17/2024,020/24XK1,KDQT,HC2024,KD.714,  30 ,4/5/2024
1/8/2024,1/17/2024,020/24XK1,KDQT,HC2024,KD.715,  30 ,4/5/2024
1/8/2024,1/17/2024,020/24XK1,KDQT,HC2024,KD.716,  30 ,4/5/2024
1/8/2024,1/17/2024,020/24XK1,KDQT,HC2024,KDM.713,  30 ,4/5/2024
1/8/2024,1/17/2024,020/24XK1,KDQT,HC2024,KDM.717,  30 ,4/5/2024
1/8/2024,1/17/2024,020/24XK2,KDQT,HC2024,KD.709,  -   ,5/7/2024
1/8/2024,1/17/2024,020/24XK2,KDQT,HC2024,KD.711,  -   ,5/7/2024
1/8/2024,1/17/2024,020/24XK2,KDQT,HC2024,KD.712,  -   ,5/7/2024
1/8/2024,1/17/2024,020/24XK2,KDQT,HC2024,KD.714,  -   ,5/7/2024
1/8/2024,1/17/2024,020/24XK2,KDQT,HC2024,KD.715,  -   ,5/7/2024
1/8/2024,1/17/2024,020/24XK2,KDQT,HC2024,KD.716,  -   ,5/7/2024
1/12/2024,1/17/2024,021/24XK,0251/TAIWAN,"N H BEAUTY INTERNATIONAL CO., LTD",CL.101C-12,  1.080 ,4/6/2024
1/12/2024,1/17/2024,021/24XK,0251/TAIWAN,"N H BEAUTY INTERNATIONAL CO., LTD",CL.101C-14,  1.080 ,4/6/2024
1/12/2024,1/17/2024,021/24XK,0251/TAIWAN,"N H BEAUTY INTERNATIONAL CO., LTD",CL.201C-12,  2.160 ,4/6/2024
1/12/2024,1/17/2024,021/24XK,0251/TAIWAN,"N H BEAUTY INTERNATIONAL CO., LTD",CL.201C-14,  2.160 ,4/6/2024
1/15/2024,1/17/2024,022/24XK,0302/TAIWAN,"HELENA COSMETIC CO., LTD",KM2-1845,  720 ,3/30/2024
1/16/2024,1/19/2024,023/24XK,0523/TURKEY,TIRNAK KOZMETIK VE TICARET A.Ş.,KD2-2030,  500 ,3/25/2024
1/16/2024,1/19/2024,023/24XK,0523/TURKEY,TIRNAK KOZMETIK VE TICARET A.Ş.,KSK-2031,  500 ,3/25/2024
1/16/2024,1/19/2024,024/24XK,0002/ITALY,ALPEN DEI F.LLI GIANOLA SNC,KDT-0003,  1.000 ,4/15/2024
1/16/2024,1/19/2024,024/24XK,0002/ITALY,ALPEN DEI F.LLI GIANOLA SNC,KDT-0004,  500 ,4/15/2024
1/17/2024,1/19/2024,025/24XK,0040/ITALY,WICTOR SRL,KD2-0121,  542 ,3/26/2024
1/17/2024,1/19/2024,025/24XK,0040/ITALY,WICTOR SRL,KD2-0122,  500 ,3/26/2024
1/17/2024,1/19/2024,025/24XK,0040/ITALY,WICTOR SRL,KD2-0125,  500 ,3/26/2024
1/17/2024,1/19/2024,025/24XK,0040/ITALY,WICTOR SRL,KD2-0666,  200 ,3/26/2024
1/17/2024,1/19/2024,025/24XK,0040/ITALY,WICTOR SRL,KD2-0667,  300 ,3/26/2024
1/17/2024,1/19/2024,025/24XK,0040/ITALY,WICTOR SRL,KSB-0130,  300 ,3/26/2024
1/22/2024,1/24/2024,026/24XK,0425/CHINA,Guangzhou Xingdian Nail Products Company Limited,B.901NC,  1.440 ,3/29/2024
1/22/2024,1/24/2024,026/24XK,0425/CHINA,Guangzhou Xingdian Nail Products Company Limited,B.902NC,  1.080 ,3/29/2024
1/22/2024,1/24/2024,026/24XK,0425/CHINA,Guangzhou Xingdian Nail Products Company Limited,D.03-12NC,  2.160 ,3/29/2024
1/22/2024,1/24/2024,026/24XK,0425/CHINA,Guangzhou Xingdian Nail Products Company Limited,D.07-12NC,  16.200 ,3/29/2024
1/22/2024,1/24/2024,026/24XK,0425/CHINA,Guangzhou Xingdian Nail Products Company Limited,D.07-14NC,  13.680 ,3/29/2024
1/22/2024,1/24/2024,026/24XK,0425/CHINA,Guangzhou Xingdian Nail Products Company Limited,D.07-16NC,  2.520 ,3/29/2024
1/22/2024,1/24/2024,026/24XK,0425/CHINA,Guangzhou Xingdian Nail Products Company Limited,D.07-3.5NC,  4.680 ,3/29/2024
1/22/2024,1/24/2024,026/24XK,0425/CHINA,Guangzhou Xingdian Nail Products Company Limited,D.18NC,  540 ,3/29/2024
1/22/2024,1/24/2024,026/24XK,0425/CHINA,Guangzhou Xingdian Nail Products Company Limited,D.27NC,  1.800 ,3/29/2024
1/22/2024,1/24/2024,026/24XK,0425/CHINA,Guangzhou Xingdian Nail Products Company Limited,D.28NC,  1.440 ,3/29/2024
1/22/2024,1/24/2024,026/24XK,0425/CHINA,Guangzhou Xingdian Nail Products Company Limited,D.501-14NC,  18.000 ,3/29/2024
1/22/2024,1/24/2024,026/24XK,0425/CHINA,Guangzhou Xingdian Nail Products Company Limited,D.501NC,  36.000 ,3/29/2024
1/22/2024,1/24/2024,026/24XK,0425/CHINA,Guangzhou Xingdian Nail Products Company Limited,D.555NC,  2.880 ,3/29/2024
1/22/2024,1/24/2024,026/24XK,0425/CHINA,Guangzhou Xingdian Nail Products Company Limited,KM.601NC,  360 ,3/29/2024
1/22/2024,1/24/2024,026/24XK,0425/CHINA,Guangzhou Xingdian Nail Products Company Limited,S.511NC,  2.160 ,3/29/2024
1/22/2024,1/24/2024,027/24XK,0425/CHINA,Guangzhou Xingdian Nail Products Company Limited,B.901NC,  720 ,4/19/2024
1/22/2024,1/24/2024,027/24XK,0425/CHINA,Guangzhou Xingdian Nail Products Company Limited,D.03-12NC,  1.080 ,4/19/2024
1/22/2024,1/24/2024,027/24XK,0425/CHINA,Guangzhou Xingdian Nail Products Company Limited,D.05V-12NC,  120 ,4/19/2024
1/22/2024,1/24/2024,027/24XK,0425/CHINA,Guangzhou Xingdian Nail Products Company Limited,D.07-12NC,  10.800 ,4/19/2024
1/22/2024,1/24/2024,027/24XK,0425/CHINA,Guangzhou Xingdian Nail Products Company Limited,D.07-14NC,  10.800 ,4/19/2024
1/22/2024,1/24/2024,027/24XK,0425/CHINA,Guangzhou Xingdian Nail Products Company Limited,D.07-16NC,  2.520 ,4/19/2024
1/22/2024,1/24/2024,027/24XK,0425/CHINA,Guangzhou Xingdian Nail Products Company Limited,D.07-3.5NC,  3.600 ,4/19/2024
1/22/2024,1/24/2024,027/24XK,0425/CHINA,Guangzhou Xingdian Nail Products Company Limited,D.22NC,  3.600 ,4/19/2024
1/22/2024,1/24/2024,027/24XK,0425/CHINA,Guangzhou Xingdian Nail Products Company Limited,D.23NC,  3.600 ,4/19/2024
1/22/2024,1/24/2024,027/24XK,0425/CHINA,Guangzhou Xingdian Nail Products Company Limited,D.27NC,  1.080 ,4/19/2024
1/22/2024,1/24/2024,027/24XK,0425/CHINA,Guangzhou Xingdian Nail Products Company Limited,D.28NC,  720 ,4/19/2024
1/22/2024,1/24/2024,027/24XK,0425/CHINA,Guangzhou Xingdian Nail Products Company Limited,D.501-14NC,  7.200 ,4/19/2024
1/22/2024,1/24/2024,027/24XK,0425/CHINA,Guangzhou Xingdian Nail Products Company Limited,D.501NC,  18.000 ,4/19/2024
1/22/2024,1/24/2024,027/24XK,0425/CHINA,Guangzhou Xingdian Nail Products Company Limited,D.555NC,  1.080 ,4/19/2024
1/22/2024,1/24/2024,027/24XK,0425/CHINA,Guangzhou Xingdian Nail Products Company Limited,S.506NC,  720 ,4/19/2024
1/22/2024,1/24/2024,027/24XK,0425/CHINA,Guangzhou Xingdian Nail Products Company Limited,S.511NC,  2.160 ,4/19/2024
1/22/2024,1/24/2024,028/24XK,0531/CHINA,"TONG DE INDUSTRY AND TRADE (YANGJIANG YANGDONG DISTRICT) CO., LTD",KD2-2044,  1.000 ,3/25/2024
1/22/2024,1/24/2024,028/24XK,0531/CHINA,"TONG DE INDUSTRY AND TRADE (YANGJIANG YANGDONG DISTRICT) CO., LTD",KD2-2045,  1.000 ,3/25/2024
1/22/2024,1/24/2024,028/24XK,0531/CHINA,"TONG DE INDUSTRY AND TRADE (YANGJIANG YANGDONG DISTRICT) CO., LTD",KD2-2046,  1.000 ,3/25/2024
1/22/2024,1/24/2024,028/24XK,0531/CHINA,"TONG DE INDUSTRY AND TRADE (YANGJIANG YANGDONG DISTRICT) CO., LTD",KD2-2047,  1.000 ,3/25/2024
1/22/2024,1/24/2024,028/24XK,0531/CHINA,"TONG DE INDUSTRY AND TRADE (YANGJIANG YANGDONG DISTRICT) CO., LTD",KD2-2048,  1.000 ,3/25/2024
1/22/2024,1/24/2024,028/24XK,0531/CHINA,"TONG DE INDUSTRY AND TRADE (YANGJIANG YANGDONG DISTRICT) CO., LTD",KD2-2049,  1.000 ,3/25/2024
1/22/2024,1/24/2024,028/24XK,0531/CHINA,"TONG DE INDUSTRY AND TRADE (YANGJIANG YANGDONG DISTRICT) CO., LTD",KD2-2050,  1.000 ,3/25/2024
1/22/2024,1/24/2024,028/24XK,0531/CHINA,"TONG DE INDUSTRY AND TRADE (YANGJIANG YANGDONG DISTRICT) CO., LTD",KD2-2051,  1.000 ,3/25/2024
1/22/2024,1/24/2024,028/24XK,0531/CHINA,"TONG DE INDUSTRY AND TRADE (YANGJIANG YANGDONG DISTRICT) CO., LTD",KD2-2052,  1.000 ,3/25/2024
1/22/2024,1/24/2024,028/24XK,0531/CHINA,"TONG DE INDUSTRY AND TRADE (YANGJIANG YANGDONG DISTRICT) CO., LTD",KD2-2053,  1.000 ,3/25/2024
1/22/2024,1/24/2024,029/24XK,0026/GERMANY,ZWILLING Beauty Group GmbH,KD2-0211,  6.500 ,5/9/2024
1/22/2024,1/24/2024,029/24XK,0026/GERMANY,ZWILLING Beauty Group GmbH,KM2-0212,  7.600 ,5/9/2024
1/22/2024,1/24/2024,029/24XK,0026/GERMANY,ZWILLING Beauty Group GmbH,KSS-0228,  2.400 ,4/25/2024
1/22/2024,1/24/2024,029/24XK,0026/GERMANY,ZWILLING Beauty Group GmbH,KSS-0367,  2.000 ,5/25/2024
1/22/2024,1/24/2024,029/24XK1,0026/GERMANY,ZWILLING Beauty Group GmbH,KSS-0367,  4.200 ,6/25/2024
1/22/2024,1/24/2024,029/24XK2,0026/GERMANY,ZWILLING Beauty Group GmbH,KSS-0367,  5.800 ,7/25/2024
1/22/2024,1/24/2024,030/24XK,0026/GERMANY,ZWILLING Beauty Group GmbH,KD2-0568,  2.000 ,3/29/2024
1/22/2024,1/24/2024,030/24XK,0026/GERMANY,ZWILLING Beauty Group GmbH,KSS-0213,  5.400 ,5/25/2024
1/24/2024,1/25/2024,031/24XK,0205/JAPAN,HIKARI CORPORATION,KD2-0286,  1.000 ,5/5/2024
1/24/2024,1/25/2024,031/24XK,0205/JAPAN,HIKARI CORPORATION,KD3-0287,  1.000 ,5/5/2024
1/24/2024,1/25/2024,031/24XK,0205/JAPAN,HIKARI CORPORATION,KD3-0520,  1.000 ,5/5/2024
1/23/2024,1/25/2024,032/24XK,0525/PANAMA,LDA BUSINESS INC 1,CL.205-5MM,  30 ,1/31/2024
1/23/2024,1/25/2024,032/24XK,0525/PANAMA,LDA BUSINESS INC 1,CL.205-7MM,  30 ,1/31/2024
1/23/2024,1/25/2024,032/24XK,0525/PANAMA,LDA BUSINESS INC 1,CL.206-5MM,  30 ,1/31/2024
1/23/2024,1/25/2024,032/24XK,0525/PANAMA,LDA BUSINESS INC 1,CL.206-7MM,  30 ,1/31/2024
1/23/2024,1/25/2024,032/24XK,0525/PANAMA,LDA BUSINESS INC 1,CL.S01-5MM,  30 ,1/31/2024
1/23/2024,1/25/2024,032/24XK,0525/PANAMA,LDA BUSINESS INC 1,CL.S01-7MM,  30 ,1/31/2024
1/23/2024,1/25/2024,032/24XK,0525/PANAMA,LDA BUSINESS INC 1,CL.S02-5MM,  30 ,1/31/2024
1/23/2024,1/25/2024,032/24XK,0525/PANAMA,LDA BUSINESS INC 1,KD.43,  10 ,1/31/2024
1/23/2024,1/25/2024,032/24XK,0525/PANAMA,LDA BUSINESS INC 1,KD.707,  10 ,1/31/2024
1/23/2024,1/25/2024,032/24XK,0525/PANAMA,LDA BUSINESS INC 1,NL.202,  20 ,1/31/2024
1/23/2024,1/25/2024,032/24XK,0525/PANAMA,LDA BUSINESS INC 1,NL.203,  20 ,1/31/2024
1/23/2024,1/25/2024,032/24XK,0525/PANAMA,LDA BUSINESS INC 1,P.12,  20 ,1/31/2024
1/23/2024,1/25/2024,032/24XK,0525/PANAMA,LDA BUSINESS INC 1,P.13,  20 ,1/31/2024
1/23/2024,1/25/2024,032/24XK,0525/PANAMA,LDA BUSINESS INC 1,P.14,  20 ,1/31/2024
1/25/2024,1/25/2024,033/24xk,0419/MEXICO,Oleksandr Zadorozhnyi,KSK-1972,  500 ,1/30/2024
1/25/2024,1/25/2024,033/24xk,0419/MEXICO,Oleksandr Zadorozhnyi,KSK-2078,  400 ,1/30/2024
1/24/2024,1/25/2024,034/24XK,0489/CHINA,MEIXIANG TRENDY CARE LIMITED,KD2-2044,  2 ,3/8/2024
1/24/2024,1/25/2024,034/24XK,0489/CHINA,MEIXIANG TRENDY CARE LIMITED,KD2-2045,  2 ,3/8/2024
1/24/2024,1/25/2024,034/24XK,0489/CHINA,MEIXIANG TRENDY CARE LIMITED,KD2-2046,  2 ,3/8/2024
1/24/2024,1/25/2024,034/24XK,0489/CHINA,MEIXIANG TRENDY CARE LIMITED,KD2-2047,  2 ,3/8/2024
1/24/2024,1/25/2024,034/24XK,0489/CHINA,MEIXIANG TRENDY CARE LIMITED,KD2-2048,  2 ,3/8/2024
1/24/2024,1/25/2024,034/24XK,0489/CHINA,MEIXIANG TRENDY CARE LIMITED,KD2-2049,  2 ,3/8/2024
1/24/2024,1/25/2024,034/24XK,0489/CHINA,MEIXIANG TRENDY CARE LIMITED,KD2-2050,  2 ,3/8/2024
1/24/2024,1/25/2024,034/24XK,0489/CHINA,MEIXIANG TRENDY CARE LIMITED,KD2-2051,  2 ,3/8/2024
1/24/2024,1/25/2024,034/24XK,0489/CHINA,MEIXIANG TRENDY CARE LIMITED,KD2-2052,  2 ,3/8/2024
1/24/2024,1/25/2024,034/24XK,0489/CHINA,MEIXIANG TRENDY CARE LIMITED,KD2-2053,  2 ,3/8/2024
1/12/2024,1/25/2024,035/24XK,0393/RUSSIA,LLC RINGO,KD2-1118,  7 ,3/8/2024
1/12/2024,1/25/2024,035/24XK,0393/RUSSIA,LLC RINGO,KD2-1119,  7 ,3/8/2024
1/12/2024,1/25/2024,035/24XK,0393/RUSSIA,LLC RINGO,KD2-1121,  7 ,3/8/2024
1/12/2024,1/25/2024,035/24XK,0393/RUSSIA,LLC RINGO,KD2-1123,  7 ,3/8/2024
1/12/2024,1/25/2024,035/24XK,0393/RUSSIA,LLC RINGO,KD2-1125,  7 ,3/8/2024
1/12/2024,1/25/2024,035/24XK,0393/RUSSIA,LLC RINGO,KD2-1126,  7 ,3/8/2024
1/12/2024,1/25/2024,035/24XK,0393/RUSSIA,LLC RINGO,KD2-1127,  7 ,3/8/2024
1/12/2024,1/25/2024,035/24XK,0393/RUSSIA,LLC RINGO,KD2-1131,  7 ,3/8/2024
1/12/2024,1/25/2024,035/24XK,0393/RUSSIA,LLC RINGO,KD2-1133,  7 ,3/8/2024
1/12/2024,1/25/2024,035/24XK,0393/RUSSIA,LLC RINGO,KM2-1176,  3 ,2/1/2024
1/12/2024,1/25/2024,035/24XK,0393/RUSSIA,LLC RINGO,KM2-1434,  5 ,2/1/2024
1/12/2024,1/25/2024,035/24XK,0393/RUSSIA,LLC RINGO,KM2-1487,  5 ,2/1/2024
1/23/2024,1/29/2024,036/24XK,0524/UK,MINOVO,KD2-2037,  500 ,3/29/2024
1/23/2024,1/29/2024,036/24XK,0524/UK,MINOVO,KSK-2036,  500 ,3/29/2024
1/23/2024,1/29/2024,036/24XK,0524/UK,MINOVO,KSS-2035,  500 ,3/29/2024
1/25/2024,1/29/2024,037/24XK,0504/UAE,WELLBE TRADING LLC,C.05-14,  410 ,2/28/2024
1/25/2024,1/29/2024,037/24XK,0504/UAE,WELLBE TRADING LLC,C.08-14,  60 ,2/28/2024
1/25/2024,1/29/2024,037/24XK,0504/UAE,WELLBE TRADING LLC,NC.02,  350 ,2/28/2024
1/25/2024,1/29/2024,037/24XK,0504/UAE,WELLBE TRADING LLC,NC.04,  240 ,2/28/2024
1/25/2024,1/29/2024,037/24XK,0504/UAE,WELLBE TRADING LLC,P.38,  280 ,2/28/2024
1/25/2024,1/29/2024,038/24XK,0475/CHINA,"NINGBO CENTURY TIMES IMPORT AND EXPORT CO., LTD",KD2-1816,  1.000 ,4/10/2024
1/25/2024,1/29/2024,038/24XK,0475/CHINA,"NINGBO CENTURY TIMES IMPORT AND EXPORT CO., LTD",KD2-1818,  1.000 ,4/10/2024
1/25/2024,1/29/2024,038/24XK,0475/CHINA,"NINGBO CENTURY TIMES IMPORT AND EXPORT CO., LTD",KDT-1800,  10.000 ,4/10/2024
1/25/2024,1/29/2024,038/24XK,0475/CHINA,"NINGBO CENTURY TIMES IMPORT AND EXPORT CO., LTD",KDT-1802,  5.000 ,4/10/2024
1/25/2024,1/29/2024,038/24XK,0475/CHINA,"NINGBO CENTURY TIMES IMPORT AND EXPORT CO., LTD",KDT-1804,  2.000 ,4/10/2024
1/25/2024,1/29/2024,038/24XK,0475/CHINA,"NINGBO CENTURY TIMES IMPORT AND EXPORT CO., LTD",KDT-1836,  5.000 ,4/10/2024
1/29/2024,1/29/2024,039/24XK,0526/RUSSIA,Microsurgical Instruments ltd.,KSK-2056,  2.500 ,HỦY
1/29/2024,1/29/2024,039/24XK,0526/RUSSIA,Microsurgical Instruments ltd.,KSK-2057,  2.100 ,HỦY
1/29/2024,1/29/2024,039/24XK,0526/RUSSIA,Microsurgical Instruments ltd.,KSK-2058,  2.100 ,HỦY
1/29/2024,1/29/2024,039/24XK,0526/RUSSIA,Microsurgical Instruments ltd.,KSK-2059,  -   ,HỦY
1/3/2024,1/30/2024,040/24xk,0312/KOREA,H2NAIL,C.07-14,  1.000 ,2/29/2024
1/30/2024,1/31/2024,041/24xk,0210/JAPAN,"BEAUTY NAILER CO.,LTD.",CL.101-12,  5.000 ,4/20/2024
1/30/2024,1/31/2024,041/24xk,0210/JAPAN,"BEAUTY NAILER CO.,LTD.",CL.101C-12,  1.000 ,4/20/2024
1/30/2024,1/31/2024,041/24xk,0210/JAPAN,"BEAUTY NAILER CO.,LTD.",P.04,  1.000 ,3/30/2024
1/26/2024,2/1/2024,042/24XK,0509/TURKEY,CIGDEM KARAGULLE,KDT-1967,  5 ,3/4/2024
1/28/2024,2/1/2024,043/24ND,MKT,MAKETING,CL.205-5mm,  5 ,x
1/28/2024,2/1/2024,043/24ND,MKT,MAKETING,CL.206-5mm,  5 ,x
1/28/2024,2/1/2024,043/24ND,MKT,MAKETING,CL.207-5mm,  5 ,x
1/28/2024,2/1/2024,043/24ND,MKT,MAKETING,CL.208,  5 ,x
1/28/2024,2/1/2024,043/24ND,MKT,MAKETING,CL.209-12mm,  5 ,x
1/28/2024,2/1/2024,043/24ND,MKT,MAKETING,CL.210-12mm,  5 ,x
1/28/2024,2/1/2024,043/24ND,MKT,MAKETING,CL.211-10mm,  5 ,x
1/28/2024,2/1/2024,043/24ND,MKT,MAKETING,CL.212-8mm,  5 ,x
1/28/2024,2/1/2024,043/24ND,MKT,MAKETING,CL.213-10mm,  5 ,x
1/28/2024,2/1/2024,043/24ND,MKT,MAKETING,CL.214-10mm,  5 ,x
1/28/2024,2/1/2024,043/24ND,MKT,MAKETING,D.13-6mm,  5 ,x
1/28/2024,2/1/2024,043/24ND,MKT,MAKETING,D.27,  5 ,x
1/28/2024,2/1/2024,043/24ND,MKT,MAKETING,D.30,  5 ,x
1/28/2024,2/1/2024,043/24ND,MKT,MAKETING,KD.43,  5 ,x
1/28/2024,2/1/2024,043/24ND,MKT,MAKETING,KD.708,  5 ,x
1/28/2024,2/1/2024,043/24ND,MKT,MAKETING,KD.709,  5 ,x
1/28/2024,2/1/2024,043/24ND,MKT,MAKETING,KD.710,  5 ,x
1/28/2024,2/1/2024,043/24ND,MKT,MAKETING,KD.711,  5 ,x
1/28/2024,2/1/2024,043/24ND,MKT,MAKETING,KD.712,  5 ,x
1/28/2024,2/1/2024,043/24ND,MKT,MAKETING,KD.714,  5 ,x
1/28/2024,2/1/2024,043/24ND,MKT,MAKETING,KD.715,  5 ,x
1/28/2024,2/1/2024,043/24ND,MKT,MAKETING,KD.716,  5 ,x
1/28/2024,2/1/2024,043/24ND,MKT,MAKETING,KDM.713,  5 ,x
1/28/2024,2/1/2024,043/24ND,MKT,MAKETING,M.09,  5 ,x
1/28/2024,2/1/2024,043/24ND,MKT,MAKETING,NL.210,  5 ,x
1/28/2024,2/1/2024,043/24ND,MKT,MAKETING,P.13,  5 ,x
1/28/2024,2/1/2024,043/24ND,MKT,MAKETING,P.14,  5 ,x
2/2/2024,2/2/2024,044/24XK,0443/ITALY,SUN NAILS S.R.L.S,P.08,  360 ,2/2/2024
9/28/2023,2/2/2024,045/24xk,0026/GERMANY,ZWILLING Beauty Group GmbH,KSD-0362,  9.000 ,3/25/2024
9/28/2023,2/2/2024,045/24xk1,0026/GERMANY,ZWILLING Beauty Group GmbH,KSD-0362,  4.000 ,4/29/2024
9/28/2023,2/2/2024,045/24xk2,0026/GERMANY,ZWILLING Beauty Group GmbH,KSD-0362,  6.100 ,5/27/2024
9/28/2023,2/2/2024,045/24xk3,0026/GERMANY,ZWILLING Beauty Group GmbH,KSD-0362,  1.900 ,6/11/2024
11/28/2024,2/19/2024,046/24XK,KDQT,HC 2024,C.07-12,  10 ,HỦY
11/28/2024,2/19/2024,046/24XK,KDQT,HC 2024,CL.206-5mm,  10 ,HỦY
11/28/2024,2/19/2024,046/24XK,KDQT,HC 2024,KD.701,  50 ,HỦY
11/28/2024,2/19/2024,046/24XK,KDQT,HC 2024,KD.707,  50 ,HỦY
11/28/2024,2/19/2024,046/24XK,KDQT,HC 2024,KSS-1763,  50 ,HỦY
11/28/2024,2/19/2024,046/24XK,KDQT,HC 2024,NC.01,  50 ,HỦY
11/28/2024,2/19/2024,046/24XK,KDQT,HC 2024,NC.06,  50 ,HỦY
11/28/2024,2/19/2024,046/24XK,KDQT,HC 2024,NL.206,  10 ,3/8/2024
11/28/2024,2/19/2024,046/24XK1,KDQT,HC 2024,C.07-12,  40 ,HỦY
11/28/2024,2/19/2024,046/24XK1,KDQT,HC 2024,CL.201GR-5mm,  40 ,HỦY
11/28/2024,2/19/2024,046/24XK1,KDQT,HC 2024,CL.206-5mm,  40 ,HỦY
11/28/2024,2/19/2024,046/24XK1,KDQT,HC 2024,KD.704,  50 ,HỦY
11/28/2024,2/19/2024,046/24XK1,KDQT,HC 2024,KD.707,  50 ,HỦY
11/28/2024,2/19/2024,046/24XK1,KDQT,HC 2024,NC.01,  50 ,HỦY
11/28/2024,2/19/2024,046/24XK1,KDQT,HC 2024,NC.06,  50 ,HỦY
11/28/2024,2/19/2024,046/24XK1,KDQT,HC 2024,NL.206,  40 ,HỦY
11/28/2024,2/19/2024,046/24XK1,KDQT,HC 2024,P.03,  50 ,HỦY
11/28/2024,2/19/2024,046/24XK1,KDQT,HC 2024,P.12,  50 ,HỦY
2/19/2024,2/19/2024,047/24ND,GT,GT,MD.QT,  100 ,2/29/2024
2/19/2024,2/22/2024,048/24XK,0013/ITALY,TECNIWORK S.P.A,KD3-0100,  1.000 ,5/20/2024
2/19/2024,2/22/2024,048/24XK,0013/ITALY,TECNIWORK S.P.A,KD3-0101,  250 ,5/20/2024
2/19/2024,2/22/2024,048/24XK,0013/ITALY,TECNIWORK S.P.A,KD3-0102,  1.250 ,5/20/2024
2/19/2024,2/22/2024,048/24XK,0013/ITALY,TECNIWORK S.P.A,KD3-0103,  250 ,5/20/2024
2/19/2024,2/22/2024,048/24XK,0013/ITALY,TECNIWORK S.P.A,KD3-0104,  500 ,5/20/2024
2/19/2024,2/22/2024,048/24XK,0013/ITALY,TECNIWORK S.P.A,KD3-0105,  500 ,5/20/2024
2/19/2024,2/22/2024,048/24XK,0013/ITALY,TECNIWORK S.P.A,KD3-0252,  350 ,5/20/2024
2/19/2024,2/22/2024,048/24XK,0013/ITALY,TECNIWORK S.P.A,KM2-0108,  250 ,5/20/2024
2/19/2024,2/22/2024,048/24XK,0013/ITALY,TECNIWORK S.P.A,KM3-0106,  250 ,5/20/2024
2/19/2024,2/22/2024,048/24XK,0013/ITALY,TECNIWORK S.P.A,KM3-0107,  500 ,5/20/2024
2/19/2024,2/22/2024,048/24XK,0013/ITALY,TECNIWORK S.P.A,KM3-0254,  350 ,5/20/2024
2/21/2024,2/22/2024,049/24XK,0027/KOREA,"NAIL MALL CO., LTD",KD2-0260,  2.000 ,4/13/2024
2/21/2024,2/22/2024,049/24XK,0027/KOREA,"NAIL MALL CO., LTD",KD2-0274,  2.000 ,4/13/2024
2/21/2024,2/22/2024,050/24XK,0395/ESTONIA, VIIS ILUSALONG ( MOSAIC ),KD2-1242,  500 ,4/15/2024
2/21/2024,2/22/2024,050/24XK,0395/ESTONIA, VIIS ILUSALONG ( MOSAIC ),KD2-1243,  500 ,4/15/2024
2/21/2024,2/22/2024,050/24XK,0395/ESTONIA, VIIS ILUSALONG ( MOSAIC ),KSS-1287,  500 ,2/28/2024
2/21/2024,2/22/2024,051/24xk,0503/SPAIN,Salón manicura y pedicura Siberia S.L.,KSK-1899,  1.000 ,4/15/2024
2/21/2024,2/22/2024,051/24xk,0503/SPAIN,Salón manicura y pedicura Siberia S.L.,KSK-2089,  1.000 ,4/15/2024
2/21/2024,2/22/2024,051/24xk,0503/SPAIN,Salón manicura y pedicura Siberia S.L.,KSK-2090,  1.000 ,4/15/2024
2/21/2024,2/22/2024,051/24xk,0503/SPAIN,Salón manicura y pedicura Siberia S.L.,KSK-2092,  1.000 ,4/15/2024
2/21/2024,2/22/2024,052/24XK,0223/KOREA,JENIPER,KD2-0706,  500 ,4/20/2024
2/21/2024,2/22/2024,052/24XK,0223/KOREA,JENIPER,KDT-1440,  2.000 ,4/20/2024
2/22/2024,2/23/2024,053/24xk,0512/ROMANIA,HEAD STEEL SRL,KD.43,  40 ,3/4/2024
2/22/2024,2/23/2024,053/24xk,0512/ROMANIA,HEAD STEEL SRL,KD.707,  40 ,3/4/2024
2/22/2024,2/23/2024,053/24xk,0512/ROMANIA,HEAD STEEL SRL,NL.202,  10 ,3/4/2024
2/22/2024,2/23/2024,053/24xk,0512/ROMANIA,HEAD STEEL SRL,P.12,  30 ,3/4/2024
2/22/2024,2/23/2024,053/24xk,0512/ROMANIA,HEAD STEEL SRL,P.14,  20 ,3/4/2024
3/23/2024,2/24/2024,054/24nd,CHAOBA,CHAOBA,D.03-16,  600 ,3/25/2024
3/23/2024,2/24/2024,054/24nd,CHAOBA,CHAOBA,D.05-14,  360 ,3/11/2024
3/23/2024,2/24/2024,054/24nd,CHAOBA,CHAOBA,D.06-16,  400 ,3/11/2024
3/23/2024,2/24/2024,054/24nd,CHAOBA,CHAOBA,D.07-16,  3.000 ,3/25/2024
3/23/2024,2/24/2024,054/24nd,CHAOBA,CHAOBA,D.501,  4.200 ,3/11/2024
3/23/2024,2/24/2024,054/24nd,CHAOBA,CHAOBA,D.555KD,  2.400 ,3/11/2024
2/26/2024,2/27/2024,055/24xk,0419/MEXICO,Oleksandr Zadorozhnyi,C.112,  250 ,4/23/2024
2/26/2024,2/27/2024,055/24xk,0419/MEXICO,Oleksandr Zadorozhnyi,CL.201GR-5MM,  200 ,4/23/2024
2/26/2024,2/27/2024,055/24xk,0419/MEXICO,Oleksandr Zadorozhnyi,CL.201GR-7MM,  200 ,4/23/2024
2/26/2024,2/27/2024,055/24xk,0419/MEXICO,Oleksandr Zadorozhnyi,CL.205-5MM,  500 ,4/23/2024
2/26/2024,2/27/2024,055/24xk,0419/MEXICO,Oleksandr Zadorozhnyi,ES.03,  300 ,4/23/2024
2/26/2024,2/27/2024,055/24xk,0419/MEXICO,Oleksandr Zadorozhnyi,KD.43,  750 ,4/23/2024
2/26/2024,2/27/2024,055/24xk,0419/MEXICO,Oleksandr Zadorozhnyi,KD.707,  500 ,4/23/2024
2/26/2024,2/27/2024,055/24xk,0419/MEXICO,Oleksandr Zadorozhnyi,KD.708,  500 ,4/23/2024
2/26/2024,2/27/2024,055/24xk,0419/MEXICO,Oleksandr Zadorozhnyi,KD.709,  200 ,4/23/2024
2/26/2024,2/27/2024,055/24xk,0419/MEXICO,Oleksandr Zadorozhnyi,KD.710,  200 ,4/23/2024
2/26/2024,2/27/2024,055/24xk,0419/MEXICO,Oleksandr Zadorozhnyi,KD.711,  300 ,4/23/2024
2/26/2024,2/27/2024,055/24xk,0419/MEXICO,Oleksandr Zadorozhnyi,KD.712,  500 ,4/23/2024
2/26/2024,2/27/2024,055/24xk,0419/MEXICO,Oleksandr Zadorozhnyi,KD.714,  300 ,4/23/2024
2/26/2024,2/27/2024,055/24xk,0419/MEXICO,Oleksandr Zadorozhnyi,KD.715,  500 ,4/23/2024
2/26/2024,2/27/2024,055/24xk,0419/MEXICO,Oleksandr Zadorozhnyi,KD.716,  500 ,4/23/2024
2/26/2024,2/27/2024,055/24xk,0419/MEXICO,Oleksandr Zadorozhnyi,KDM.713,  100 ,4/23/2024
2/26/2024,2/27/2024,055/24xk,0419/MEXICO,Oleksandr Zadorozhnyi,KDM.717,  100 ,4/23/2024
2/26/2024,2/27/2024,055/24xk,0419/MEXICO,Oleksandr Zadorozhnyi,P.08,  300 ,4/23/2024
2/26/2024,2/27/2024,055/24xk,0419/MEXICO,Oleksandr Zadorozhnyi,P.12,  500 ,4/23/2024
2/26/2024,2/27/2024,055/24xk,0419/MEXICO,Oleksandr Zadorozhnyi,P.13,  500 ,4/23/2024
2/26/2024,2/27/2024,055/24xk,0419/MEXICO,Oleksandr Zadorozhnyi,P.14,  500 ,4/23/2024
2/26/2024,2/27/2024,055/24xk,0419/MEXICO,Oleksandr Zadorozhnyi,P.15,  300 ,HỦY
2/26/2024,2/27/2024,055/24xk,0419/MEXICO,Oleksandr Zadorozhnyi,P.17,  500 ,4/23/2024
2/26/2024,2/27/2024,056/24XK,0302/TAIWAN,"HELENA COSMETIC CO., LTD",KD2-0764,  720 ,4/20/2024
2/24/2024,2/27/2024,057/24XK,UK,JOANE,C.01G-14,  5 ,x
2/24/2024,2/27/2024,057/24XK,UK,JOANE,C.118,  5 ,x
2/24/2024,2/27/2024,057/24XK,UK,JOANE,N.01G,  5 ,x
2/24/2024,2/27/2024,057/24XK,UK,JOANE,P.02,  5 ,x
2/24/2024,2/27/2024,057/24XK,UK,JOANE,P.03,  5 ,x
2/24/2024,2/27/2024,057/24XK,UK,JOANE,P.05,  5 ,x
2/24/2024,2/27/2024,057/24XK,UK,JOANE,P.08,  5 ,x
2/24/2024,2/27/2024,057/24XK,UK,JOANE,P.09,  5 ,x
2/26/2024,2/27/2024,058/24XK,0527/QATAR,Beauty Box Salon,C.05-14,  100 ,3/1/2024
2/26/2024,2/27/2024,058/24XK,0527/QATAR,Beauty Box Salon,C.07-14,  500 ,3/1/2024
2/26/2024,2/27/2024,058/24XK,0527/QATAR,Beauty Box Salon,C.08-14,  100 ,3/1/2024
2/26/2024,2/27/2024,059/24ND,B2B,ANSELL,MD.32,  700 ,3/5/2024
2/26/2024,3/1/2024,060/24xk,0528/SPAIN,TIENDA CHICARU,CL.209-12mm,  1 ,4/20/2024
2/26/2024,3/1/2024,060/24xk,0528/SPAIN,TIENDA CHICARU,KD.703,  1 ,4/20/2024
2/26/2024,3/1/2024,060/24xk,0528/SPAIN,TIENDA CHICARU,KD.704,  1 ,4/20/2024
2/26/2024,3/1/2024,060/24xk,0528/SPAIN,TIENDA CHICARU,KD.705,  1 ,4/20/2024
2/26/2024,3/1/2024,060/24xk,0528/SPAIN,TIENDA CHICARU,KD.706,  1 ,4/20/2024
2/26/2024,3/1/2024,060/24xk,0528/SPAIN,TIENDA CHICARU,KD.707,  1 ,4/20/2024
2/26/2024,3/1/2024,060/24xk,0528/SPAIN,TIENDA CHICARU,KD2-2109,  50 ,4/20/2024
2/26/2024,3/1/2024,060/24xk,0528/SPAIN,TIENDA CHICARU,KD2-2110,  50 ,4/20/2024
2/26/2024,3/1/2024,060/24xk,0528/SPAIN,TIENDA CHICARU,KD2-2111,  50 ,4/20/2024
2/26/2024,3/1/2024,060/24xk,0528/SPAIN,TIENDA CHICARU,KD2-2112,  50 ,HỦY
2/26/2024,3/1/2024,060/24xk,0528/SPAIN,TIENDA CHICARU,KM2-2113,  50 ,4/20/2024
2/26/2024,3/1/2024,060/24xk,0528/SPAIN,TIENDA CHICARU,KSS-2114,  50 ,4/20/2024
2/26/2024,3/1/2024,060/24xk,0528/SPAIN,TIENDA CHICARU,KSS-2115,  50 ,4/20/2024
2/26/2024,2/27/2024,061/24xk,0270/UAE,MILIA COSMETICS MAT TR.L L C - SOLE PROPRIETORSHIP,C.36-12,  4.000 ,6/20/2024
2/28/2024,3/1/2024,062/24XK,0419/MEXICO,Oleksandr Zadorozhnyi,KSK-1971,  400 ,3/7/2024
2/28/2024,3/1/2024,062/24XK,0419/MEXICO,Oleksandr Zadorozhnyi,KSK-2078,  400 ,3/7/2024
2/28/2024,3/1/2024,062/24XK,0419/MEXICO,Oleksandr Zadorozhnyi,KSS-2117,  300 ,3/7/2024
2/28/2024,3/1/2024,062/24XK,0419/MEXICO,Oleksandr Zadorozhnyi,KSS-2118,  300 ,3/7/2024
2/29/2024,3/1/2024,063/24xk,0407/ITALY,ROBUR SRL,KD2-2099,  50 ,3/20/2024
2/27/2024,3/1/2024,064/24xk,UK,JOANAS,C.01G-14,  5 ,3/26/2024
2/27/2024,3/1/2024,064/24xk,UK,JOANAS,C.118,  5 ,3/26/2024
2/27/2024,3/1/2024,064/24xk,UK,JOANAS,KD2-2070,  2 ,3/26/2024
2/27/2024,3/1/2024,064/24xk,UK,JOANAS,KDT-2076,  2 ,3/26/2024
2/27/2024,3/1/2024,064/24xk,UK,JOANAS,KM2-1433,  5 ,3/26/2024
2/27/2024,3/1/2024,064/24xk,UK,JOANAS,KM2-2069,  2 ,3/26/2024
2/27/2024,3/1/2024,064/24xk,UK,JOANAS,KM2-2077,  2 ,3/26/2024
2/27/2024,3/1/2024,064/24xk,UK,JOANAS,N.01G,  5 ,3/26/2024
2/26/2024,3/4/2024,065/24xk,0343/KOREA,SHINY GLOBAL,KD3-2008,  200 ,3/30/2024
2/26/2024,3/4/2024,065/24xk,0343/KOREA,SHINY GLOBAL,KD3-2009,  200 ,3/30/2024
2/26/2024,3/4/2024,065/24xk,0343/KOREA,SHINY GLOBAL,KD3-2087,  200 ,3/30/2024
2/26/2024,3/4/2024,065/24xk,0343/KOREA,SHINY GLOBAL,KD3-2088,  200 ,3/30/2024
2/26/2024,3/4/2024,065/24xk1,0343/KOREA,SHINY GLOBAL,KD3-2008,  300 ,5/20/2024
2/26/2024,3/4/2024,065/24xk1,0343/KOREA,SHINY GLOBAL,KD3-2009,  300 ,5/20/2024
2/26/2024,3/4/2024,065/24xk1,0343/KOREA,SHINY GLOBAL,KD3-2087,  300 ,5/20/2024
2/26/2024,3/4/2024,065/24xk1,0343/KOREA,SHINY GLOBAL,KD3-2088,  300 ,5/20/2024
3/2/2024,3/5/2024,066/24XK,0405/MALAYSIA,YOUSHINE SOLUTION SDN BHD.,C.04-14,  720 ,4/4/2024
3/2/2024,3/5/2024,066/24XK,0405/MALAYSIA,YOUSHINE SOLUTION SDN BHD.,C.112,  1.800 ,4/4/2024
3/1/2024,3/5/2024,067/24XK,0251/TAIWAN,"N H BEAUTY INTERNATIONAL CO., LTD",C.03-12,  720 ,4/6/2024
3/1/2024,3/5/2024,067/24XK,0251/TAIWAN,"N H BEAUTY INTERNATIONAL CO., LTD",C.03-14,  360 ,4/6/2024
3/1/2024,3/5/2024,067/24XK,0251/TAIWAN,"N H BEAUTY INTERNATIONAL CO., LTD",C.04-12,  2.520 ,4/6/2024
3/1/2024,3/5/2024,067/24XK,0251/TAIWAN,"N H BEAUTY INTERNATIONAL CO., LTD",C.05-14,  360 ,4/6/2024
3/1/2024,3/5/2024,067/24XK,0251/TAIWAN,"N H BEAUTY INTERNATIONAL CO., LTD",C.06-12,  720 ,4/6/2024
3/1/2024,3/5/2024,067/24XK,0251/TAIWAN,"N H BEAUTY INTERNATIONAL CO., LTD",C.07-12,  1.800 ,4/6/2024
3/1/2024,3/5/2024,067/24XK,0251/TAIWAN,"N H BEAUTY INTERNATIONAL CO., LTD",C.07-14,  1.440 ,4/6/2024
3/1/2024,3/5/2024,067/24XK,0251/TAIWAN,"N H BEAUTY INTERNATIONAL CO., LTD",C.119,  360 ,4/6/2024
3/1/2024,3/5/2024,067/24XK,0251/TAIWAN,"N H BEAUTY INTERNATIONAL CO., LTD",NC.01,  1.080 ,4/6/2024
3/1/2024,3/5/2024,067/24XK,0251/TAIWAN,"N H BEAUTY INTERNATIONAL CO., LTD",P.04,  360 ,4/6/2024
3/1/2024,3/5/2024,067/24XK,0251/TAIWAN,"N H BEAUTY INTERNATIONAL CO., LTD",P.08,  720 ,4/6/2024
3/5/2024,3/8/2024,068/24XK,0002/ITALY,ALPEN DEI F.LLI GIANOLA SNC,KD3-0017,  250 ,5/8/2024
3/5/2024,3/8/2024,068/24XK,0002/ITALY,ALPEN DEI F.LLI GIANOLA SNC,KD3-0019,  250 ,5/8/2024
3/5/2024,3/8/2024,068/24XK,0002/ITALY,ALPEN DEI F.LLI GIANOLA SNC,KDT-0004,  500 ,5/8/2024
2/29/2024,3/8/2024,069/24xk,0026/GERMANY,ZWILLING Beauty Group GmbH,KSS-0367,  6.600 ,8/12/2024
2/28/2024,3/8/2024,070/24XK,0336/CHINA,"QVS Global China, LTD",KD2-0211,  2.000 ,6/10/2024
2/28/2024,3/8/2024,070/24XK,0336/CHINA,"QVS Global China, LTD",KD2-0568,  1.000 ,6/10/2024
3/7/2024,3/8/2024,071/24xk,0003/JAPAN,BLUE INC,KD2-0266,  500 ,3/12/2024
3/7/2024,3/8/2024,072/24xk,0527/KOREA,"COZLAB CO, LTD",C.07-14,  5.000 ,4/13/2024
3/6/2024,3/8/2024,073/24XK,0393/RUSSIA,LLC RINGO,KD2-1118,  4.000 ,5/17/2024
3/6/2024,3/8/2024,073/24XK,0393/RUSSIA,LLC RINGO,KD2-1119,  3.750 ,5/17/2024
3/6/2024,3/8/2024,073/24XK,0393/RUSSIA,LLC RINGO,KD2-1121,  3.250 ,5/17/2024
3/6/2024,3/8/2024,073/24XK,0393/RUSSIA,LLC RINGO,KD2-1123,  4.750 ,5/17/2024
3/6/2024,3/8/2024,073/24XK,0393/RUSSIA,LLC RINGO,KD2-1125,  3.750 ,5/17/2024
3/6/2024,3/8/2024,073/24XK,0393/RUSSIA,LLC RINGO,KD2-1126,  4.250 ,5/17/2024
3/6/2024,3/8/2024,073/24XK,0393/RUSSIA,LLC RINGO,KD2-1131,  2.000 ,5/17/2024
3/6/2024,3/8/2024,073/24XK,0393/RUSSIA,LLC RINGO,KD2-1133,  4.000 ,5/17/2024
3/6/2024,3/8/2024,073/24XK,0393/RUSSIA,LLC RINGO,KM2-1176,  5.000 ,5/17/2024
3/6/2024,3/8/2024,073/24XK,0393/RUSSIA,LLC RINGO,KM2-1434,  5.000 ,5/17/2024
3/6/2024,3/8/2024,073/24XK,0393/RUSSIA,LLC RINGO,KM2-1914,  2.500 ,5/17/2024
3/6/2024,3/8/2024,073/24XK1,0393/RUSSIA,LLC RINGO,KM2-1176,  500 ,5/17/2024
3/6/2024,3/8/2024,073/24XK1,0393/RUSSIA,LLC RINGO,KM2-1434,  500 ,5/17/2024
3/6/2024,3/8/2024,073/24XK1,0393/RUSSIA,LLC RINGO,KM2-1914,  500 ,5/17/2024
3/8/2024,3/12/2024,074/24xk,0528/UAE,Mayar Cosmetic LLC ,C.36-12,  200 ,3/15/2024
3/8/2024,3/12/2024,074/24xk,0528/UAE,Mayar Cosmetic LLC ,NC.02,  200 ,3/15/2024
3/8/2024,3/12/2024,074/24xk,0528/UAE,Mayar Cosmetic LLC ,NC.03,  50 ,3/15/2024
3/8/2024,3/12/2024,074/24xk,0528/UAE,Mayar Cosmetic LLC ,P.10,  360 ,3/15/2024
3/8/2024,3/12/2024,075/24xk,0510/ESTONIA,Mereneid Trading OÜ,C.01G-12,  60 ,4/20/2024
3/8/2024,3/12/2024,075/24xk,0510/ESTONIA,Mereneid Trading OÜ,C.01G-3.5MM,  60 ,4/20/2024
3/8/2024,3/12/2024,075/24xk,0510/ESTONIA,Mereneid Trading OÜ,C.04-12,  60 ,4/20/2024
3/8/2024,3/12/2024,075/24xk,0510/ESTONIA,Mereneid Trading OÜ,C.04-3.5MM,  60 ,4/20/2024
3/8/2024,3/12/2024,075/24xk,0510/ESTONIA,Mereneid Trading OÜ,CL.201GR-5MM,  60 ,4/20/2024
3/8/2024,3/12/2024,075/24xk,0510/ESTONIA,Mereneid Trading OÜ,CL.205-3.5MM,  60 ,4/20/2024
3/8/2024,3/12/2024,075/24xk,0510/ESTONIA,Mereneid Trading OÜ,IS.03,  60 ,4/20/2024
3/8/2024,3/12/2024,075/24xk,0510/ESTONIA,Mereneid Trading OÜ,KD.43,  60 ,4/20/2024
3/8/2024,3/12/2024,075/24xk,0510/ESTONIA,Mereneid Trading OÜ,KD.704,  60 ,4/20/2024
3/8/2024,3/12/2024,075/24xk,0510/ESTONIA,Mereneid Trading OÜ,KD.705,  60 ,4/20/2024
3/8/2024,3/12/2024,075/24xk,0510/ESTONIA,Mereneid Trading OÜ,NC.02,  60 ,4/20/2024
3/8/2024,3/12/2024,075/24xk,0510/ESTONIA,Mereneid Trading OÜ,NL.202,  60 ,4/20/2024
3/8/2024,3/12/2024,075/24xk,0510/ESTONIA,Mereneid Trading OÜ,NL.203,  60 ,4/20/2024
3/8/2024,3/12/2024,075/24xk,0510/ESTONIA,Mereneid Trading OÜ,P.12,  60 ,4/20/2024
3/8/2024,3/12/2024,075/24xk,0510/ESTONIA,Mereneid Trading OÜ,P.14,  60 ,4/20/2024
3/8/2024,3/12/2024,075/24xk,0510/ESTONIA,Mereneid Trading OÜ,P.15,  60 ,HỦY
3/8/2024,3/12/2024,075/24xk,0510/ESTONIA,Mereneid Trading OÜ,P.17,  60 ,4/20/2024
3/7/2024,3/12/2024,076/24xk,0426/GREECE,LALOO COSMECTICS,C.03-12,  85 ,3/22/2024
3/7/2024,3/12/2024,076/24xk,0426/GREECE,LALOO COSMECTICS,C.04-14,  85 ,3/22/2024
3/7/2024,3/12/2024,076/24xk,0426/GREECE,LALOO COSMECTICS,C.04-16,  100 ,3/22/2024
3/7/2024,3/12/2024,076/24xk,0426/GREECE,LALOO COSMECTICS,C.05-12,  90 ,3/22/2024
3/7/2024,3/12/2024,076/24xk,0426/GREECE,LALOO COSMECTICS,C.06-14,  10 ,3/22/2024
3/7/2024,3/12/2024,076/24xk,0426/GREECE,LALOO COSMECTICS,C.07-12,  90 ,3/22/2024
3/7/2024,3/12/2024,076/24xk,0426/GREECE,LALOO COSMECTICS,C.07-14,  100 ,3/22/2024
3/7/2024,3/12/2024,076/24xk,0426/GREECE,LALOO COSMECTICS,C.07-16,  100 ,3/22/2024
3/7/2024,3/12/2024,076/24xk,0426/GREECE,LALOO COSMECTICS,C.07-3.5MM,  100 ,3/22/2024
3/7/2024,3/12/2024,076/24xk,0426/GREECE,LALOO COSMECTICS,C.08-12,  100 ,3/22/2024
3/7/2024,3/12/2024,076/24xk,0426/GREECE,LALOO COSMECTICS,C.08-14,  100 ,3/22/2024
3/7/2024,3/12/2024,076/24xk,0426/GREECE,LALOO COSMECTICS,C.08-16,  95 ,3/22/2024
3/7/2024,3/12/2024,076/24xk,0426/GREECE,LALOO COSMECTICS,CL.S01-7MM,  150 ,3/22/2024
3/7/2024,3/12/2024,076/24xk,0426/GREECE,LALOO COSMECTICS,NL.201,  100 ,3/22/2024
3/7/2024,3/12/2024,076/24xk,0426/GREECE,LALOO COSMECTICS,NL.203,  40 ,3/22/2024
3/7/2024,3/12/2024,076/24xk,0426/GREECE,LALOO COSMECTICS,NL.205,  100 ,3/22/2024
3/7/2024,3/12/2024,076/24xk,0426/GREECE,LALOO COSMECTICS,NL.208,  100 ,3/22/2024
3/7/2024,3/12/2024,076/24xk,0426/GREECE,LALOO COSMECTICS,P.04,  100 ,3/22/2024
3/7/2024,3/12/2024,076/24xk,0426/GREECE,LALOO COSMECTICS,P.10,  50 ,3/22/2024
3/7/2024,3/12/2024,076/24xk,0426/GREECE,LALOO COSMECTICS,P.13,  290 ,3/22/2024
3/7/2024,3/12/2024,076/24xk,0426/GREECE,LALOO COSMECTICS,P.14,  10 ,3/22/2024
3/6/2024,3/12/2024,077/24XK,0426/GREECE,LALOO COSMECTICS,KD.43,  140 ,HỦY
3/6/2024,3/12/2024,077/24XK,0426/GREECE,LALOO COSMECTICS,P.17,  2.000 ,3/28/2024
3/6/2024,3/12/2024,077/24XK1,0426/GREECE,LALOO COSMECTICS,P.17,  1.970 ,tồn
3/8/2024,3/12/2024,078/24ND,B2B,SIÊU THANH,S.THANH23,  300 ,3/28/2024
3/8/2024,3/12/2024,078/24ND1,B2B,SIÊU THANH,S.THANH23,  300 ,6/3/2024
3/8/2024,3/12/2024,078/24ND2,B2B,SIÊU THANH,S.THANH23,  400 ,9/25/2024
3/12/2024,3/13/2024,079/24XK,0342/KOREA,ROYAL NIPPER,KD2-1947,  200 ,5/13/2024
3/12/2024,3/13/2024,079/24XK,0342/KOREA,ROYAL NIPPER,KD2-1986,  400 ,5/13/2024
3/12/2024,3/13/2024,079/24XK,0342/KOREA,ROYAL NIPPER,KD2-1987,  400 ,5/13/2024
3/12/2024,3/13/2024,079/24XK,0342/KOREA,ROYAL NIPPER,KD2-2123,  400 ,5/13/2024
3/12/2024,3/13/2024,079/24XK,0342/KOREA,ROYAL NIPPER,KD2-2124,  200 ,5/13/2024
3/12/2024,3/13/2024,079/24XK,0342/KOREA,ROYAL NIPPER,KD2-2127,  400 ,5/13/2024
3/12/2024,3/13/2024,080/24ND,CHAOBA,CHAOBA,B.901,  720 ,4/15/2024
3/12/2024,3/13/2024,080/24ND,CHAOBA,CHAOBA,B.902,  360 ,4/15/2024
3/12/2024,3/13/2024,080/24ND,CHAOBA,CHAOBA,D.03-12,  300 ,4/15/2024
3/12/2024,3/13/2024,080/24ND,CHAOBA,CHAOBA,D.03-16,  1.200 ,4/15/2024
3/12/2024,3/13/2024,080/24ND,CHAOBA,CHAOBA,D.05V-12,  120 ,4/15/2024
3/12/2024,3/13/2024,080/24ND,CHAOBA,CHAOBA,D.06-12,  400 ,4/15/2024
3/12/2024,3/13/2024,080/24ND,CHAOBA,CHAOBA,D.06-14,  600 ,4/15/2024
3/12/2024,3/13/2024,080/24ND,CHAOBA,CHAOBA,D.06-16,  1.200 ,4/15/2024
3/12/2024,3/13/2024,080/24ND,CHAOBA,CHAOBA,D.07-12,  300 ,4/15/2024
3/12/2024,3/13/2024,080/24ND,CHAOBA,CHAOBA,D.07-14,  1.200 ,4/15/2024
3/12/2024,3/13/2024,080/24ND,CHAOBA,CHAOBA,D.07-16,  4.600 ,4/15/2024
3/12/2024,3/13/2024,080/24ND,CHAOBA,CHAOBA,D.08-12,  200 ,4/15/2024
3/12/2024,3/13/2024,080/24ND,CHAOBA,CHAOBA,D.18,  600 ,4/15/2024
3/12/2024,3/13/2024,080/24ND,CHAOBA,CHAOBA,D.501,  5.100 ,4/15/2024
3/12/2024,3/13/2024,080/24ND,CHAOBA,CHAOBA,D.555KD,  6.000 ,4/15/2024
3/12/2024,3/13/2024,080/24ND,CHAOBA,CHAOBA,M.05V,  60 ,4/15/2024
3/12/2024,3/13/2024,080/24ND,CHAOBA,CHAOBA,S.507,  180 ,4/15/2024
3/12/2024,3/13/2024,080/24ND,CHAOBA,CHAOBA,S.512,  240 ,4/15/2024
3/13/2024,3/13/2024,081/24XK,KDQT,JEAN RAYMOND,C.06-16,  50 ,3/18/2024
3/13/2024,3/13/2024,081/24XK,KDQT,JEAN RAYMOND,C.07-16,  50 ,3/18/2024
3/15/2024,3/15/2024,082/24XK,0393/RUSSIA,LLC RINGO,KD2-1118,  500 ,5/14/2024
3/15/2024,3/15/2024,082/24XK,0393/RUSSIA,LLC RINGO,KD2-1119,  500 ,5/14/2024
3/15/2024,3/15/2024,082/24XK,0393/RUSSIA,LLC RINGO,KD2-1120,  500 ,5/14/2024
3/15/2024,3/15/2024,082/24XK,0393/RUSSIA,LLC RINGO,KD2-1121,  500 ,5/14/2024
3/15/2024,3/15/2024,082/24XK,0393/RUSSIA,LLC RINGO,KD2-1122,  500 ,5/14/2024
3/15/2024,3/15/2024,082/24XK,0393/RUSSIA,LLC RINGO,KD2-1123,  500 ,5/14/2024
3/15/2024,3/15/2024,082/24XK,0393/RUSSIA,LLC RINGO,KD2-1124,  500 ,5/14/2024
3/15/2024,3/15/2024,082/24XK,0393/RUSSIA,LLC RINGO,KD2-1125,  500 ,5/14/2024
3/15/2024,3/15/2024,082/24XK,0393/RUSSIA,LLC RINGO,KD2-1126,  500 ,5/14/2024
3/15/2024,3/15/2024,082/24XK,0393/RUSSIA,LLC RINGO,KD2-1127,  500 ,5/14/2024
3/15/2024,3/15/2024,082/24XK,0393/RUSSIA,LLC RINGO,KD2-1128,  500 ,5/14/2024
3/15/2024,3/15/2024,082/24XK,0393/RUSSIA,LLC RINGO,KD2-1129,  500 ,5/14/2024
3/15/2024,3/15/2024,082/24XK,0393/RUSSIA,LLC RINGO,KD2-1130,  500 ,5/14/2024
3/15/2024,3/15/2024,082/24XK,0393/RUSSIA,LLC RINGO,KD2-1131,  500 ,5/14/2024
3/15/2024,3/15/2024,082/24XK,0393/RUSSIA,LLC RINGO,KD2-1132,  500 ,5/14/2024
3/15/2024,3/15/2024,082/24XK,0393/RUSSIA,LLC RINGO,KD2-1133,  500 ,5/14/2024
3/15/2024,3/15/2024,082/24XK,0393/RUSSIA,LLC RINGO,KD2-1144,  500 ,5/14/2024
3/15/2024,3/15/2024,082/24XK,0393/RUSSIA,LLC RINGO,KD2-1549,  500 ,5/14/2024
3/15/2024,3/15/2024,082/24XK,0393/RUSSIA,LLC RINGO,KD2-1550,  500 ,5/14/2024
3/15/2024,3/15/2024,082/24XK,0393/RUSSIA,LLC RINGO,KD2-1551,  500 ,5/14/2024
3/15/2024,3/15/2024,082/24XK,0457/UK,K&K BEAUTY,KSB-1652,  500 ,3/20/2024
3/18/2024,3/19/2024,083/24xk,0327/KOREA,BEAUTY H,KD3-0851,  1.000 ,6/4/2024
3/18/2024,3/19/2024,084/24xk,0139/japan,"UTSUMI CO., LTD",KD2-0282,  1.000 ,5/20/2024
3/18/2024,3/19/2024,084/24xk,0139/japan,"UTSUMI CO., LTD",KD2-0288,  1.000 ,5/20/2024
3/18/2024,3/19/2024,084/24xk,0139/japan,"UTSUMI CO., LTD",KSS-0283,  2.000 ,5/20/2024
3/21/2024,3/22/2024,085/24XK,0325/UKRAINE,Mikhailovsky Andrey Maksimovich,KD.707,  100 ,3/28/2024
3/21/2024,3/22/2024,085/24XK,0325/UKRAINE,Mikhailovsky Andrey Maksimovich,KSK-1970,  500 ,3/28/2024
3/21/2024,3/22/2024,086/24XK,0425/CHINA,Guangzhou Xingdian Nail Products Company Limited,KD.701,  720 ,4/12/2024
3/21/2024,3/22/2024,086/24XK,0425/CHINA,Guangzhou Xingdian Nail Products Company Limited,KD.702,  720 ,4/12/2024
3/21/2024,3/22/2024,086/24XK,0425/CHINA,Guangzhou Xingdian Nail Products Company Limited,KD.703,  360 ,4/12/2024
3/21/2024,3/22/2024,086/24XK,0425/CHINA,Guangzhou Xingdian Nail Products Company Limited,KD.704,  360 ,4/12/2024
3/21/2024,3/22/2024,086/24XK,0425/CHINA,Guangzhou Xingdian Nail Products Company Limited,KD.705,  360 ,4/12/2024
3/21/2024,3/22/2024,086/24XK,0425/CHINA,Guangzhou Xingdian Nail Products Company Limited,KD.706,  720 ,4/12/2024
3/21/2024,3/22/2024,086/24XK,0425/CHINA,Guangzhou Xingdian Nail Products Company Limited,KD.707,  720 ,4/12/2024
3/21/2024,3/22/2024,086/24XK,0425/CHINA,Guangzhou Xingdian Nail Products Company Limited,P.12,  360 ,4/12/2024
3/21/2024,3/22/2024,086/24XK,0425/CHINA,Guangzhou Xingdian Nail Products Company Limited,P.13,  1.080 ,4/12/2024
3/21/2024,3/22/2024,086/24XK,0425/CHINA,Guangzhou Xingdian Nail Products Company Limited,P.14,  360 ,4/12/2024
3/21/2024,3/22/2024,087/24XK,0534/NETHERLAND,Bloblu Shop,C.04-12,  1 ,4/15/2024
3/21/2024,3/22/2024,087/24XK,0534/NETHERLAND,Bloblu Shop,C.07-12,  1 ,4/15/2024
3/21/2024,3/22/2024,087/24XK,0534/NETHERLAND,Bloblu Shop,CL.101-12,  1 ,4/15/2024
3/21/2024,3/22/2024,087/24XK,0534/NETHERLAND,Bloblu Shop,CL.S01-5MM,  1 ,4/15/2024
3/21/2024,3/22/2024,087/24XK,0534/NETHERLAND,Bloblu Shop,KSK-2135,  500 ,4/29/2024
3/21/2024,3/22/2024,087/24XK,0534/NETHERLAND,Bloblu Shop,NL.202,  1 ,4/15/2024
3/21/2024,3/22/2024,087/24XK,0534/NETHERLAND,Bloblu Shop,NL.205,  1 ,4/15/2024
3/21/2024,3/22/2024,087/24XK,0534/NETHERLAND,Bloblu Shop,P.04,  1 ,4/15/2024
3/21/2024,3/22/2024,087/24XK,0534/NETHERLAND,Bloblu Shop,P.09,  1 ,4/15/2024
3/21/2024,3/22/2024,087/24XK,0534/NETHERLAND,Bloblu Shop,P.12,  1 ,4/15/2024
3/21/2024,3/22/2024,088/24XK,0531/CHINA,"TONG DE INDUSTRY AND TRADE (YANGJIANG YANGDONG DISTRICT) CO., LTD",KD2-2148,  500 ,5/14/2024
3/21/2024,3/22/2024,088/24XK,0531/CHINA,"TONG DE INDUSTRY AND TRADE (YANGJIANG YANGDONG DISTRICT) CO., LTD",KD2-2149,  500 ,5/14/2024
3/20/2024,3/22/2024,089/24xk,0529/USA,MICRO BURS COMPANY,KD2-2065,  500 ,5/23/2024
3/20/2024,3/22/2024,089/24xk,0529/USA,MICRO BURS COMPANY,KD2-2066,  500 ,5/23/2024
3/20/2024,3/22/2024,089/24xk,0529/USA,MICRO BURS COMPANY,KM2-2067,  500 ,5/23/2024
3/20/2024,3/22/2024,089/24xk,0529/USA,MICRO BURS COMPANY,KSS-2068,  500 ,5/23/2024
3/26/2024,3/26/2024,090/24xk,0405/MALAYSIA,YOUSHINE SOLUTION SDN BHD.,C.07-14,  480 ,3/30/2024
3/26/2024,3/26/2024,090/24xk,0405/MALAYSIA,YOUSHINE SOLUTION SDN BHD.,P.02,  480 ,3/30/2024
1/10/2024,3/28/2024,091/24XK,NNC,NNC,B.901,  7.200 ,5/25/2024
1/10/2024,3/28/2024,091/24XK,NNC,NNC,B.902,  1.080 ,5/25/2024
1/10/2024,3/28/2024,091/24XK,NNC,NNC,B.916C-HO,  720 ,5/25/2024
1/10/2024,3/28/2024,091/24XK,NNC,NNC,B.916C-TR,  720 ,5/25/2024
1/10/2024,3/28/2024,091/24XK,NNC,NNC,B.916C-VA,  360 ,5/25/2024
1/10/2024,3/28/2024,091/24XK,NNC,NNC,B.916C-XL,  720 ,5/25/2024
1/10/2024,3/28/2024,091/24XK,NNC,NNC,D.01-14,  1.800 ,5/25/2024
1/10/2024,3/28/2024,091/24XK,NNC,NNC,D.03-14,  1.800 ,5/25/2024
1/10/2024,3/28/2024,091/24XK,NNC,NNC,D.03-16,  4.320 ,5/25/2024
1/10/2024,3/28/2024,091/24XK,NNC,NNC,D.04-14,  4.680 ,5/25/2024
1/10/2024,3/28/2024,091/24XK,NNC,NNC,D.04-16,  1.800 ,5/25/2024
1/10/2024,3/28/2024,091/24XK,NNC,NNC,D.05-14,  2.160 ,5/25/2024
1/10/2024,3/28/2024,091/24XK,NNC,NNC,D.05-16,  1.800 ,5/25/2024
1/10/2024,3/28/2024,091/24XK,NNC,NNC,D.05V-12,  180 ,5/25/2024
1/10/2024,3/28/2024,091/24XK,NNC,NNC,D.05V-14,  540 ,5/25/2024
1/10/2024,3/28/2024,091/24XK,NNC,NNC,D.05V-16,  540 ,5/25/2024
1/10/2024,3/28/2024,091/24XK,NNC,NNC,D.06-14,  1.440 ,5/25/2024
1/10/2024,3/28/2024,091/24XK,NNC,NNC,D.06-16,  2.520 ,5/25/2024
1/10/2024,3/28/2024,091/24XK,NNC,NNC,D.07-14,  3.600 ,5/25/2024
1/10/2024,3/28/2024,091/24XK,NNC,NNC,D.07-16,  10.800 ,5/25/2024
1/10/2024,3/28/2024,091/24XK,NNC,NNC,D.08-12,  180 ,5/25/2024
1/10/2024,3/28/2024,091/24XK,NNC,NNC,D.08-14,  1.080 ,5/25/2024
1/10/2024,3/28/2024,091/24XK,NNC,NNC,D.08-16,  720 ,5/25/2024
1/10/2024,3/28/2024,091/24XK,NNC,NNC,D.09-14,  2.880 ,5/25/2024
1/10/2024,3/28/2024,091/24XK,NNC,NNC,D.09-16,  3.240 ,5/25/2024
1/10/2024,3/28/2024,091/24XK,NNC,NNC,D.501,  8.280 ,5/25/2024
1/10/2024,3/28/2024,091/24XK,NNC,NNC,D.506,  6.840 ,5/25/2024
1/10/2024,3/28/2024,091/24XK,NNC,NNC,D.555,  9.000 ,5/25/2024
1/10/2024,3/28/2024,091/24XK,NNC,NNC,KM.601,  1.620 ,5/25/2024
1/10/2024,3/28/2024,091/24XK,NNC,NNC,KM.603,  1.620 ,5/25/2024
1/10/2024,3/28/2024,091/24XK,NNC,NNC,KM.604,  1.620 ,5/25/2024
1/10/2024,3/28/2024,091/24XK,NNC,NNC,KM.605,  1.620 ,5/25/2024
1/10/2024,3/28/2024,091/24XK,NNC,NNC,KT.703,  400 ,5/25/2024
1/10/2024,3/28/2024,091/24XK,NNC,NNC,KT.704,  400 ,5/25/2024
1/10/2024,3/28/2024,091/24XK,NNC,NNC,KT.706,  400 ,5/25/2024
1/10/2024,3/28/2024,091/24XK,NNC,NNC,KT.707,  400 ,5/25/2024
1/10/2024,3/28/2024,091/24XK,NNC,NNC,M.501,  360 ,5/25/2024
1/10/2024,3/28/2024,091/24XK,NNC,NNC,N.401DO,  240 ,5/25/2024
1/10/2024,3/28/2024,091/24XK,NNC,NNC,N.401TI,  240 ,5/25/2024
1/10/2024,3/28/2024,091/24XK,NNC,NNC,N.401VD,  240 ,5/25/2024
1/10/2024,3/28/2024,091/24XK,NNC,NNC,N.401XD,  180 ,5/25/2024
1/10/2024,3/28/2024,091/24XK,NNC,NNC,N.401XL,  180 ,5/25/2024
1/10/2024,3/28/2024,091/24XK,NNC,NNC,N.404,  2.160 ,5/25/2024
1/10/2024,3/28/2024,091/24XK,NNC,NNC,N.404BA,  1.440 ,5/25/2024
1/10/2024,3/28/2024,091/24XK,NNC,NNC,N.404HO,  2.160 ,5/25/2024
5/25/2024,5/25/2024,091/24XK,NNC,NNC,N.404VA,  2.160 ,6/7/2024
1/10/2024,3/28/2024,091/24XK,NNC,NNC,N.405,  900 ,5/25/2024
1/10/2024,3/28/2024,091/24XK,NNC,NNC,N.406,  540 ,5/25/2024
1/10/2024,3/28/2024,091/24XK,NNC,NNC,N.407,  720 ,5/25/2024
1/10/2024,3/28/2024,091/24XK,NNC,NNC,N.408,  540 ,5/25/2024
1/10/2024,3/28/2024,091/24XK,NNC,NNC,N.409,  720 ,5/25/2024
1/10/2024,3/28/2024,091/24XK,NNC,NNC,N.425XD,  180 ,5/25/2024
1/10/2024,3/28/2024,091/24XK,NNC,NNC,N.426A,  1.440 ,5/25/2024
1/10/2024,3/28/2024,091/24XK,NNC,NNC,N.426B,  1.440 ,5/25/2024
1/10/2024,3/28/2024,091/24XK,NNC,NNC,N.426C,  1.440 ,5/25/2024
1/10/2024,3/28/2024,091/24XK,NNC,NNC,S.504,  720 ,5/25/2024
1/10/2024,3/28/2024,091/24XK,NNC,NNC,S.505,  540 ,5/25/2024
1/10/2024,3/28/2024,091/24XK,NNC,NNC,S.506,  9.000 ,5/25/2024
1/10/2024,3/28/2024,091/24XK,NNC,NNC,S.507,  1.080 ,5/25/2024
1/10/2024,3/28/2024,091/24XK,NNC,NNC,S.508,  1.620 ,5/25/2024
1/10/2024,3/28/2024,091/24XK,NNC,NNC,S.511,  1.080 ,5/25/2024
1/10/2024,3/28/2024,091/24XK,NNC,NNC,S.515,  900 ,5/25/2024
1/10/2024,3/28/2024,091/24XK,NNC,NNC,S.516,  540 ,5/25/2024
3/26/2024,3/28/2024,092/24xk,0535/FRANCE,M’novae M’Nails,KD2-2141,  500 ,5/27/2024
3/26/2024,3/28/2024,092/24xk,0535/FRANCE,M’novae M’Nails,KSK-2138,  500 ,5/27/2024
3/26/2024,3/28/2024,092/24xk,0535/FRANCE,M’novae M’Nails,KSK-2139,  500 ,5/27/2024
3/26/2024,3/28/2024,092/24xk,0535/FRANCE,M’novae M’Nails,KSK-2140,  500 ,5/27/2024
3/26/2024,3/28/2024,092/24xk,0535/FRANCE,M’novae M’Nails,KSS-2142,  500 ,5/27/2024
3/26/2024,3/28/2024,092/24xk,0535/FRANCE,M’novae M’Nails,KSS-2143,  500 ,5/27/2024
3/26/2024,3/28/2024,093/24XK,0531/CHINA,"TONG DE INDUSTRY AND TRADE (YANGJIANG YANGDONG DISTRICT) CO., LTD",KD2-2147,  1.000 ,5/27/2024
3/26/2024,3/28/2024,093/24XK,0531/CHINA,"TONG DE INDUSTRY AND TRADE (YANGJIANG YANGDONG DISTRICT) CO., LTD",KSS-2146,  1.000 ,5/27/2024
3/27/2024,4/17/2024,094/24XK,0475/CHINA,"NINGBO CENTURY TIMES IMPORT AND EXPORT CO., LTD",KDT-1800,  15.000 ,5/10/2024
3/27/2024,3/28/2024,095/24xk,0241/UAE,BEDASHING BEAUTY LOUNGE LLC,KD2-0339,  1.000 ,5/20/2024
4/1/2024,4/2/2024,095/24XK,0241/UAE,BEDASHING BEAUTY LOUNGE LLC,KSB-1488,  1.500 ,5/10/2024
4/1/2024,4/2/2024,095/24XK,0241/UAE,BEDASHING BEAUTY LOUNGE LLC,KSS-0338,  2.000 ,5/10/2024
3/27/2024,3/28/2024,095/24xk1,0241/UAE,BEDASHING BEAUTY LOUNGE LLC,KD2-0339,  4.000 ,6/6/2024
3/27/2024,3/28/2024,096/24xk,0246/KOREA,PARAN NAIL ,KD2-1340,  3.000 ,6/10/2024
4/1/2024,4/2/2024,097/24ND,B2B,ADC,BQT.ADC,  400 ,5/15/2024
4/1/2024,4/2/2024,097/24ND1,B2B,ADC,BQT.ADC,  300 ,5/30/2024
4/1/2024,4/2/2024,098/24XK,0403/NEWZEALAND,DIPPING WORLD LTD ,C.03-14,  240 ,4/28/2024
4/1/2024,4/2/2024,098/24XK,0403/NEWZEALAND,DIPPING WORLD LTD ,C.35-14,  240 ,4/28/2024
4/1/2024,4/2/2024,098/24XK,0403/NEWZEALAND,DIPPING WORLD LTD ,NC.01,  150 ,4/28/2024
3/29/2024,4/2/2024,099/24XK,0425/CHINA,Guangzhou Xingdian Nail Products Company Limited,D.05V-16NC,  60 ,5/20/2024
4/2/2024,4/5/2024,100/24XK,0445/RUSSIA,"WE'R'A-TM, LLC",KD2-1492,  500 ,6/13/2024
4/2/2024,4/5/2024,100/24XK,0445/RUSSIA,"WE'R'A-TM, LLC",KD2-2209,  500 ,6/13/2024
4/2/2024,4/5/2024,100/24XK,0445/RUSSIA,"WE'R'A-TM, LLC",KD2-2210,  500 ,6/13/2024
4/2/2024,4/5/2024,100/24XK,0445/RUSSIA,"WE'R'A-TM, LLC",KD2-2211,  500 ,6/13/2024
4/2/2024,4/5/2024,100/24XK,0445/RUSSIA,"WE'R'A-TM, LLC",KM2-1491,  500 ,6/13/2024
4/2/2024,4/5/2024,100/24XK,0445/RUSSIA,"WE'R'A-TM, LLC",KSB-1501,  1.000 ,6/20/2024
4/2/2024,4/5/2024,100/24XK,0445/RUSSIA,"WE'R'A-TM, LLC",KSB-1502,  1.000 ,6/20/2024
4/2/2024,4/5/2024,100/24XK,0445/RUSSIA,"WE'R'A-TM, LLC",KSB-1906,  500 ,6/20/2024
4/2/2024,4/5/2024,100/24XK,0445/RUSSIA,"WE'R'A-TM, LLC",KSB-1907,  500 ,6/20/2024
4/2/2024,4/5/2024,100/24XK,0445/RUSSIA,"WE'R'A-TM, LLC",KSB-1908,  500 ,6/20/2024
4/2/2024,4/5/2024,100/24XK,0445/RUSSIA,"WE'R'A-TM, LLC",KSB-1909,  500 ,6/20/2024
4/2/2024,4/5/2024,100/24XK,0445/RUSSIA,"WE'R'A-TM, LLC",KSB-1910,  750 ,6/20/2024
4/2/2024,4/5/2024,100/24XK,0445/RUSSIA,"WE'R'A-TM, LLC",KSB-1911,  750 ,6/20/2024
4/2/2024,4/5/2024,100/24XK,0445/RUSSIA,"WE'R'A-TM, LLC",KSK-1508,  500 ,6/20/2024
4/2/2024,4/5/2024,100/24XK,0445/RUSSIA,"WE'R'A-TM, LLC",KSK-1905,  500 ,6/20/2024
4/2/2024,4/5/2024,100/24XK,0445/RUSSIA,"WE'R'A-TM, LLC",KSN-1503,  1.000 ,6/20/2024
4/2/2024,4/5/2024,100/24XK,0445/RUSSIA,"WE'R'A-TM, LLC",KSN-1504,  1.000 ,6/20/2024
4/2/2024,4/5/2024,100/24XK,0445/RUSSIA,"WE'R'A-TM, LLC",KSN-1505,  500 ,6/20/2024
4/2/2024,4/5/2024,100/24XK,0445/RUSSIA,"WE'R'A-TM, LLC",KSN-1506,  1.000 ,6/20/2024
4/2/2024,4/5/2024,100/24XK,0445/RUSSIA,"WE'R'A-TM, LLC",KSN-1507,  1.000 ,6/20/2024
4/2/2024,4/5/2024,100/24XK,0445/RUSSIA,"WE'R'A-TM, LLC",KSN-1912,  500 ,6/20/2024
4/1/2024,4/2/2024,101/24xk,0496/POLAND,APM GROUP,KD2-1856,  500 ,5/28/2024
4/1/2024,4/2/2024,101/24xk,0496/POLAND,APM GROUP,KD2-1857,  500 ,5/28/2024
4/1/2024,4/2/2024,101/24xk,0496/POLAND,APM GROUP,KSK-1858,  500 ,5/28/2024
3/28/2024,4/1/2024,102/24xk,0297/MONGOLIA,ULEMJ GREASE LLC,C.04-14,  360 ,4/15/2024
3/28/2024,4/1/2024,102/24xk,0297/MONGOLIA,ULEMJ GREASE LLC,C.07-14,  360 ,4/15/2024
3/28/2024,4/1/2024,102/24xk,0297/MONGOLIA,ULEMJ GREASE LLC,P.08,  360 ,4/15/2024
4/2/2024,4/8/2024,103/24XK,0270/UAE,MILIA COSMETICS MAT TR.L L C - SOLE PROPRIETORSHIP,C.03-12,  600 ,6/11/2024
4/2/2024,4/8/2024,103/24XK,0270/UAE,MILIA COSMETICS MAT TR.L L C - SOLE PROPRIETORSHIP,C.06-12,  600 ,6/10/2024
4/2/2024,4/8/2024,103/24XK,0270/UAE,MILIA COSMETICS MAT TR.L L C - SOLE PROPRIETORSHIP,C.07-12,  360 ,6/10/2024
4/2/2024,4/8/2024,103/24XK,0270/UAE,MILIA COSMETICS MAT TR.L L C - SOLE PROPRIETORSHIP,C.111,  1.200 ,6/10/2024
4/2/2024,4/8/2024,103/24XK,0270/UAE,MILIA COSMETICS MAT TR.L L C - SOLE PROPRIETORSHIP,C.112,  1.200 ,6/10/2024
4/2/2024,4/8/2024,103/24XK,0270/UAE,MILIA COSMETICS MAT TR.L L C - SOLE PROPRIETORSHIP,C.114,  1.200 ,6/10/2024
4/2/2024,4/8/2024,103/24XK,0270/UAE,MILIA COSMETICS MAT TR.L L C - SOLE PROPRIETORSHIP,C.118,  600 ,6/10/2024
4/2/2024,4/8/2024,103/24XK,0270/UAE,MILIA COSMETICS MAT TR.L L C - SOLE PROPRIETORSHIP,CL.205-7MM,  360 ,6/10/2024
4/2/2024,4/8/2024,103/24XK,0270/UAE,MILIA COSMETICS MAT TR.L L C - SOLE PROPRIETORSHIP,CL.206-5MM,  360 ,6/11/2024
4/2/2024,4/8/2024,103/24XK,0270/UAE,MILIA COSMETICS MAT TR.L L C - SOLE PROPRIETORSHIP,CL.S02-5MM,  360 ,6/11/2024
4/2/2024,4/8/2024,103/24XK,0270/UAE,MILIA COSMETICS MAT TR.L L C - SOLE PROPRIETORSHIP,KD.43,  120 ,6/10/2024
4/2/2024,4/8/2024,103/24XK,0270/UAE,MILIA COSMETICS MAT TR.L L C - SOLE PROPRIETORSHIP,KD.703,  120 ,6/10/2024
4/2/2024,4/8/2024,103/24XK,0270/UAE,MILIA COSMETICS MAT TR.L L C - SOLE PROPRIETORSHIP,KD.704,  120 ,6/10/2024
4/2/2024,4/8/2024,103/24XK,0270/UAE,MILIA COSMETICS MAT TR.L L C - SOLE PROPRIETORSHIP,KD.705,  120 ,6/10/2024
4/2/2024,4/8/2024,103/24XK,0270/UAE,MILIA COSMETICS MAT TR.L L C - SOLE PROPRIETORSHIP,KD.706,  120 ,6/10/2024
4/2/2024,4/8/2024,103/24XK,0270/UAE,MILIA COSMETICS MAT TR.L L C - SOLE PROPRIETORSHIP,KD.707,  120 ,6/10/2024
4/2/2024,4/8/2024,103/24XK,0270/UAE,MILIA COSMETICS MAT TR.L L C - SOLE PROPRIETORSHIP,KD.709,  120 ,6/10/2024
4/2/2024,4/8/2024,103/24XK,0270/UAE,MILIA COSMETICS MAT TR.L L C - SOLE PROPRIETORSHIP,KD.710,  120 ,6/10/2024
4/2/2024,4/8/2024,103/24XK,0270/UAE,MILIA COSMETICS MAT TR.L L C - SOLE PROPRIETORSHIP,KD.714,  120 ,6/10/2024
4/2/2024,4/8/2024,103/24XK,0270/UAE,MILIA COSMETICS MAT TR.L L C - SOLE PROPRIETORSHIP,KD.715,  120 ,6/11/2024
4/2/2024,4/8/2024,103/24XK,0270/UAE,MILIA COSMETICS MAT TR.L L C - SOLE PROPRIETORSHIP,KDM.713,  60 ,6/10/2024
4/2/2024,4/8/2024,103/24XK,0270/UAE,MILIA COSMETICS MAT TR.L L C - SOLE PROPRIETORSHIP,N.118,  240 ,6/10/2024
4/2/2024,4/8/2024,103/24XK,0270/UAE,MILIA COSMETICS MAT TR.L L C - SOLE PROPRIETORSHIP,NC.01,  600 ,6/10/2024
4/2/2024,4/8/2024,103/24XK,0270/UAE,MILIA COSMETICS MAT TR.L L C - SOLE PROPRIETORSHIP,NC.02,  600 ,6/10/2024
4/2/2024,4/8/2024,103/24XK,0270/UAE,MILIA COSMETICS MAT TR.L L C - SOLE PROPRIETORSHIP,NC.03,  600 ,6/10/2024
4/2/2024,4/8/2024,103/24XK,0270/UAE,MILIA COSMETICS MAT TR.L L C - SOLE PROPRIETORSHIP,NC.04,  360 ,6/11/2024
4/2/2024,4/8/2024,103/24XK,0270/UAE,MILIA COSMETICS MAT TR.L L C - SOLE PROPRIETORSHIP,NL.201,  360 ,6/10/2024
4/2/2024,4/8/2024,103/24XK,0270/UAE,MILIA COSMETICS MAT TR.L L C - SOLE PROPRIETORSHIP,NL.202,  360 ,6/10/2024
4/2/2024,4/8/2024,103/24XK,0270/UAE,MILIA COSMETICS MAT TR.L L C - SOLE PROPRIETORSHIP,NL.203,  360 ,6/11/2024
4/2/2024,4/8/2024,103/24XK,0270/UAE,MILIA COSMETICS MAT TR.L L C - SOLE PROPRIETORSHIP,NL.204,  360 ,6/11/2024
4/2/2024,4/8/2024,103/24XK,0270/UAE,MILIA COSMETICS MAT TR.L L C - SOLE PROPRIETORSHIP,NL.205,  360 ,6/10/2024
4/2/2024,4/8/2024,103/24XK,0270/UAE,MILIA COSMETICS MAT TR.L L C - SOLE PROPRIETORSHIP,NL.207,  360 ,6/11/2024
4/2/2024,4/8/2024,103/24XK,0270/UAE,MILIA COSMETICS MAT TR.L L C - SOLE PROPRIETORSHIP,NL.208,  360 ,6/11/2024
4/2/2024,4/8/2024,103/24XK,0270/UAE,MILIA COSMETICS MAT TR.L L C - SOLE PROPRIETORSHIP,P.12,  360 ,6/10/2024
4/2/2024,4/8/2024,103/24XK,0270/UAE,MILIA COSMETICS MAT TR.L L C - SOLE PROPRIETORSHIP,P.15,  360 ,6/20/2024
4/2/2024,4/8/2024,103/24XK,0270/UAE,MILIA COSMETICS MAT TR.L L C - SOLE PROPRIETORSHIP,P.17,  360 ,6/10/2024
4/2/2024,4/8/2024,103/24XK,0270/UAE,MILIA COSMETICS MAT TR.L L C - SOLE PROPRIETORSHIP,T.10,  360 ,HỦY
4/3/2024,4/5/2024,104/24XK,0327/KOREA,BEAUTY H,KD2-0742,  1.000 ,6/14/2024
4/2/2024,4/5/2024,105/24XK,KDQT,HÀNG TỒN,C.07.2-12,  1.000 ,5/29/2024
4/2/2024,4/5/2024,105/24XK,KDQT,HÀNG TỒN,CL.206.2-12,  1.000 ,HỦY
4/2/2024,4/5/2024,106/24xk,0341/KOREA,FROM N,KD2-1108,  1.000 ,6/12/2024
4/3/2024,4/5/2024,107/24xk,0024/RUSSIA,KHARMANT LTD (METZGER LTD),KD2-0157,  500 ,5/30/2024
4/3/2024,4/5/2024,107/24xk,0024/RUSSIA,KHARMANT LTD (METZGER LTD),KD2-0158,  5.000 ,5/30/2024
4/3/2024,4/5/2024,107/24xk,0024/RUSSIA,KHARMANT LTD (METZGER LTD),KD2-0159,  500 ,5/30/2024
4/3/2024,4/5/2024,107/24xk,0024/RUSSIA,KHARMANT LTD (METZGER LTD),KD2-0160,  500 ,5/30/2024
4/3/2024,4/5/2024,107/24xk,0024/RUSSIA,KHARMANT LTD (METZGER LTD),KD2-0161,  500 ,5/30/2024
4/9/2024,4/11/2024,108/24XK,0026/GERMANY,ZWILLING Beauty Group GmbH,KD2-0211,  2.000 ,7/10/2024
4/9/2024,5/14/2024,108/24XK,0026/GERMANY,ZWILLING Beauty Group GmbH,KD2-0568,  1.350 ,7/10/2024
4/9/2024,4/11/2024,108/24XK,0026/GERMANY,ZWILLING Beauty Group GmbH,KM2-0212,  3.000 ,7/10/2024
4/9/2024,4/11/2024,108/24XK,0026/GERMANY,ZWILLING Beauty Group GmbH,KM2-0550,  1.000 ,6/10/2024
4/9/2024,5/14/2024,108/24XK,0026/GERMANY,ZWILLING Beauty Group GmbH,KSD-0361,  3.000 ,10/28/2024
4/9/2024,5/14/2024,108/24XK,0026/GERMANY,ZWILLING Beauty Group GmbH,KSD-0362,  2.250 ,8/28/2024
4/9/2024,5/14/2024,108/24XK,0026/GERMANY,ZWILLING Beauty Group GmbH,KSS-0213,  600 ,7/27/2024
4/9/2024,5/14/2024,108/24XK,0026/GERMANY,ZWILLING Beauty Group GmbH,KSS-0228,  1.500 ,10/28/2024
4/9/2024,5/14/2024,108/24XK,0026/GERMANY,ZWILLING Beauty Group GmbH,KSS-0367,  2.600 ,9/28/2024
4/9/2024,5/14/2024,108/24XK,0026/GERMANY,ZWILLING Beauty Group GmbH,KSS-0714,  500 ,10/28/2024
4/9/2024,5/14/2024,108/24XK1,0026/GERMANY,ZWILLING Beauty Group GmbH,KSD-0362,  4.400 ,9/28/2024
4/9/2024,5/14/2024,108/24xk1,0026/GERMANY,ZWILLING Beauty Group GmbH,KSS-0213,  2.400 ,9/28/2024
4/9/2024,5/14/2024,108/24xk1,0026/GERMANY,ZWILLING Beauty Group GmbH,KSS-0367,  2.400 ,10/28/2024
4/9/2024,5/14/2024,108/24xk2,0026/GERMANY,ZWILLING Beauty Group GmbH,KSD-0362,  3.350 ,10/28/2024
4/5/2024,6/11/2024,109/24XK,0426/GREECE,LALOO COSMECTICS,P.15,  1.000 ,7/20/2024
4/5/2024,4/9/2024,110/24XK,0069/POLAND,ACTIV TOMASZ PACHOLCZYK,B.999,  180 ,6/20/2024
4/5/2024,4/9/2024,110/24XK,0069/POLAND,ACTIV TOMASZ PACHOLCZYK,C.04-12,  3.840 ,6/14/2024
4/5/2024,4/9/2024,110/24XK,0069/POLAND,ACTIV TOMASZ PACHOLCZYK,C.04-14,  720 ,6/14/2024
4/5/2024,4/9/2024,110/24XK,0069/POLAND,ACTIV TOMASZ PACHOLCZYK,C.04-16,  360 ,6/14/2024
4/5/2024,4/9/2024,110/24XK,0069/POLAND,ACTIV TOMASZ PACHOLCZYK,C.07-12,  360 ,6/14/2024
4/5/2024,4/9/2024,110/24XK,0069/POLAND,ACTIV TOMASZ PACHOLCZYK,C.07-14,  1.080 ,6/14/2024
4/5/2024,4/9/2024,110/24XK,0069/POLAND,ACTIV TOMASZ PACHOLCZYK,C.37-14,  360 ,6/14/2024
4/5/2024,4/9/2024,110/24XK,0069/POLAND,ACTIV TOMASZ PACHOLCZYK,CL.209-12MM,  360 ,6/14/2024
4/5/2024,4/9/2024,110/24XK,0069/POLAND,ACTIV TOMASZ PACHOLCZYK,CL.210-12MM,  360 ,6/14/2024
4/5/2024,4/9/2024,110/24XK,0069/POLAND,ACTIV TOMASZ PACHOLCZYK,CL.211-10MM,  360 ,6/14/2024
4/5/2024,4/9/2024,110/24XK,0069/POLAND,ACTIV TOMASZ PACHOLCZYK,CL.212-8MM,  360 ,6/14/2024
4/5/2024,4/9/2024,110/24XK,0069/POLAND,ACTIV TOMASZ PACHOLCZYK,CL.213-10MM,  360 ,6/14/2024
4/5/2024,4/9/2024,110/24XK,0069/POLAND,ACTIV TOMASZ PACHOLCZYK,CL.214-10MM,  360 ,6/14/2024
4/5/2024,4/9/2024,110/24XK,0069/POLAND,ACTIV TOMASZ PACHOLCZYK,KD.43,  360 ,6/20/2024
4/5/2024,4/9/2024,110/24XK,0069/POLAND,ACTIV TOMASZ PACHOLCZYK,KD.705,  360 ,6/20/2024
4/5/2024,4/9/2024,110/24XK,0069/POLAND,ACTIV TOMASZ PACHOLCZYK,KD.706,  360 ,6/20/2024
4/5/2024,4/9/2024,110/24XK,0069/POLAND,ACTIV TOMASZ PACHOLCZYK,KD.708,  360 ,6/20/2024
4/5/2024,4/9/2024,110/24XK,0069/POLAND,ACTIV TOMASZ PACHOLCZYK,KD.709,  360 ,6/20/2024
4/5/2024,4/9/2024,110/24XK,0069/POLAND,ACTIV TOMASZ PACHOLCZYK,KD.710,  360 ,6/20/2024
4/5/2024,4/9/2024,110/24XK,0069/POLAND,ACTIV TOMASZ PACHOLCZYK,KD.711,  360 ,6/20/2024
4/5/2024,4/9/2024,110/24XK,0069/POLAND,ACTIV TOMASZ PACHOLCZYK,KD.712,  360 ,6/20/2024
4/5/2024,4/9/2024,110/24XK,0069/POLAND,ACTIV TOMASZ PACHOLCZYK,KD.714,  360 ,6/20/2024
4/5/2024,4/9/2024,110/24XK,0069/POLAND,ACTIV TOMASZ PACHOLCZYK,KD.715,  360 ,6/20/2024
4/5/2024,4/9/2024,110/24XK,0069/POLAND,ACTIV TOMASZ PACHOLCZYK,KD.716,  360 ,6/20/2024
4/5/2024,4/9/2024,110/24XK,0069/POLAND,ACTIV TOMASZ PACHOLCZYK,KDM.713,  360 ,6/20/2024
4/5/2024,4/9/2024,110/24XK,0069/POLAND,ACTIV TOMASZ PACHOLCZYK,KDM.717,  360 ,6/20/2024
4/5/2024,4/9/2024,110/24XK,0069/POLAND,ACTIV TOMASZ PACHOLCZYK,N.111,  360 ,6/20/2024
4/5/2024,4/9/2024,110/24XK,0069/POLAND,ACTIV TOMASZ PACHOLCZYK,N.112,  360 ,6/20/2024
4/5/2024,4/9/2024,110/24XK,0069/POLAND,ACTIV TOMASZ PACHOLCZYK,N.118,  360 ,6/20/2024
4/5/2024,4/9/2024,110/24XK,0069/POLAND,ACTIV TOMASZ PACHOLCZYK,N.404BA,  360 ,6/20/2024
4/5/2024,4/9/2024,110/24XK,0069/POLAND,ACTIV TOMASZ PACHOLCZYK,N.404HO,  360 ,6/20/2024
4/5/2024,4/9/2024,110/24XK,0069/POLAND,ACTIV TOMASZ PACHOLCZYK,N.404VA,  360 ,6/20/2024
4/5/2024,4/9/2024,110/24XK,0069/POLAND,ACTIV TOMASZ PACHOLCZYK,N.425DO,  360 ,6/20/2024
4/5/2024,4/9/2024,110/24XK,0069/POLAND,ACTIV TOMASZ PACHOLCZYK,N.425TI,  360 ,6/20/2024
4/5/2024,4/9/2024,110/24XK,0069/POLAND,ACTIV TOMASZ PACHOLCZYK,N.425XD,  360 ,6/20/2024
4/5/2024,4/9/2024,110/24XK,0069/POLAND,ACTIV TOMASZ PACHOLCZYK,N.425XL,  360 ,6/20/2024
4/5/2024,4/9/2024,110/24XK,0069/POLAND,ACTIV TOMASZ PACHOLCZYK,NB.106,  180 ,6/14/2024
4/5/2024,4/9/2024,110/24XK,0069/POLAND,ACTIV TOMASZ PACHOLCZYK,NC.03,  180 ,6/14/2024
4/5/2024,4/9/2024,110/24XK,0069/POLAND,ACTIV TOMASZ PACHOLCZYK,NC.04,  180 ,6/14/2024
4/5/2024,4/9/2024,110/24XK,0069/POLAND,ACTIV TOMASZ PACHOLCZYK,NL.201,  360 ,6/14/2024
4/5/2024,4/9/2024,110/24XK,0069/POLAND,ACTIV TOMASZ PACHOLCZYK,NL.202,  360 ,6/14/2024
4/5/2024,4/9/2024,110/24XK,0069/POLAND,ACTIV TOMASZ PACHOLCZYK,NL.203,  360 ,6/14/2024
4/5/2024,4/9/2024,110/24XK,0069/POLAND,ACTIV TOMASZ PACHOLCZYK,NL.204,  360 ,6/14/2024
4/5/2024,4/9/2024,110/24XK,0069/POLAND,ACTIV TOMASZ PACHOLCZYK,NL.205,  360 ,6/14/2024
4/5/2024,4/9/2024,110/24XK,0069/POLAND,ACTIV TOMASZ PACHOLCZYK,NL.206,  360 ,6/14/2024
4/5/2024,4/9/2024,110/24XK,0069/POLAND,ACTIV TOMASZ PACHOLCZYK,NL.207,  360 ,6/14/2024
4/5/2024,4/9/2024,110/24XK,0069/POLAND,ACTIV TOMASZ PACHOLCZYK,NL.208,  360 ,6/14/2024
4/5/2024,4/9/2024,110/24XK,0069/POLAND,ACTIV TOMASZ PACHOLCZYK,NL.209,  360 ,6/14/2024
4/5/2024,4/9/2024,110/24XK,0069/POLAND,ACTIV TOMASZ PACHOLCZYK,NL.210,  360 ,6/14/2024
4/5/2024,4/9/2024,110/24XK,0069/POLAND,ACTIV TOMASZ PACHOLCZYK,P.12,  360 ,6/14/2024
4/5/2024,4/9/2024,110/24XK,0069/POLAND,ACTIV TOMASZ PACHOLCZYK,P.13,  360 ,6/14/2024
4/5/2024,4/9/2024,110/24XK,0069/POLAND,ACTIV TOMASZ PACHOLCZYK,P.14,  360 ,6/14/2024
4/5/2024,4/9/2024,110/24XK,0069/POLAND,ACTIV TOMASZ PACHOLCZYK,P.15,  360 ,6/15/2024
4/5/2024,4/9/2024,110/24XK,0069/POLAND,ACTIV TOMASZ PACHOLCZYK,P.17,  360 ,6/14/2024
4/5/2024,4/9/2024,110/24XK,0069/POLAND,ACTIV TOMASZ PACHOLCZYK,T.01PU,  360 ,6/14/2024
4/5/2024,4/9/2024,110/24XK,0069/POLAND,ACTIV TOMASZ PACHOLCZYK,T.02,  180 ,6/14/2024
4/5/2024,4/9/2024,110/24XK,0069/POLAND,ACTIV TOMASZ PACHOLCZYK,T.05,  180 ,6/14/2024
4/5/2024,4/9/2024,110/24XK,0069/POLAND,ACTIV TOMASZ PACHOLCZYK,T.10,  360 ,HỦY
4/5/2024,4/9/2024,110/24XK,0069/POLAND,ACTIV TOMASZ PACHOLCZYK,T.11,  360 ,HỦY
4/6/2024,4/9/2024,111/24ND,CHAOBA,CHAOBA,B.901,  720 ,4/25/2024
4/6/2024,4/9/2024,111/24ND,CHAOBA,CHAOBA,D.03-16,  1.200 ,4/25/2024
4/6/2024,4/9/2024,111/24ND,CHAOBA,CHAOBA,D.06-12,  200 ,4/25/2024
4/6/2024,4/9/2024,111/24ND,CHAOBA,CHAOBA,D.07-12,  300 ,4/25/2024
4/6/2024,4/9/2024,111/24ND,CHAOBA,CHAOBA,D.07-14,  1.200 ,4/25/2024
4/6/2024,4/9/2024,111/24ND,CHAOBA,CHAOBA,D.07-16,  200 ,4/25/2024
4/6/2024,4/9/2024,111/24ND,CHAOBA,CHAOBA,D.206,  400 ,4/25/2024
4/6/2024,4/9/2024,111/24ND,CHAOBA,CHAOBA,D.501,  900 ,4/25/2024
4/6/2024,4/9/2024,111/24ND,CHAOBA,CHAOBA,D.506,  400 ,4/25/2024
4/6/2024,4/9/2024,111/24ND,CHAOBA,CHAOBA,D.555KD,  1.200 ,4/25/2024
4/6/2024,4/9/2024,111/24ND,CHAOBA,CHAOBA,S.505,  60 ,4/25/2024
4/8/2024,4/9/2024,112/24ND,BGĐ,BAN GIÁM ĐÓC,GS.EVO-01,  250 ,4/29/2024
4/8/2024,4/9/2024,113/24XK,0309/ITALY,Ten Artis,KM2-0837,  500 ,6/15/2024
10/5/2023,4/9/2024,114/24XK,0079/RUSSIA,Vectorgroup Company,KD2-1458,  3.000 ,6/26/2024
10/5/2024,4/9/2024,114/24XK,0079/RUSSIA,Vectorgroup Company,KD2-1582,  3.000 ,6/26/2024
4/9/2024,4/11/2024,115/24XK,0059/KOREA,CAREN BEAUTY,KD2-0152,  2.000 ,6/15/2024
4/9/2024,4/11/2024,115/24XK,0059/KOREA,CAREN BEAUTY,KD2-0153,  1.000 ,6/15/2024
4/10/2024,4/11/2024,116/24XK,0425/CHINA,Guangzhou Xingdian Nail Products Company Limited,B.901NC,  1.800 ,6/28/2024
4/10/2024,4/11/2024,116/24XK,0425/CHINA,Guangzhou Xingdian Nail Products Company Limited,B.902NC,  2.880 ,6/28/2024
4/10/2024,4/11/2024,116/24XK,0425/CHINA,Guangzhou Xingdian Nail Products Company Limited,D.04-12NC,  180 ,6/28/2024
4/10/2024,4/11/2024,116/24XK,0425/CHINA,Guangzhou Xingdian Nail Products Company Limited,D.04-14NC,  120 ,6/28/2024
4/10/2024,4/11/2024,116/24XK,0425/CHINA,Guangzhou Xingdian Nail Products Company Limited,D.05V-12NC,  60 ,6/28/2024
4/10/2024,4/11/2024,116/24XK,0425/CHINA,Guangzhou Xingdian Nail Products Company Limited,D.05V-16NC,  60 ,6/28/2024
4/10/2024,4/11/2024,116/24XK,0425/CHINA,Guangzhou Xingdian Nail Products Company Limited,D.06-12NC,  180 ,6/28/2024
4/10/2024,4/11/2024,116/24XK,0425/CHINA,Guangzhou Xingdian Nail Products Company Limited,D.06-14NC,  360 ,6/28/2024
4/10/2024,4/11/2024,116/24XK,0425/CHINA,Guangzhou Xingdian Nail Products Company Limited,D.06-16NC,  60 ,6/28/2024
4/10/2024,4/11/2024,116/24XK,0425/CHINA,Guangzhou Xingdian Nail Products Company Limited,D.07-12NC,  10.800 ,6/28/2024
4/10/2024,4/11/2024,116/24XK,0425/CHINA,Guangzhou Xingdian Nail Products Company Limited,D.07-14NC,  10.800 ,6/28/2024
4/10/2024,4/11/2024,116/24XK,0425/CHINA,Guangzhou Xingdian Nail Products Company Limited,D.07-16NC,  3.600 ,6/28/2024
4/10/2024,4/11/2024,116/24XK,0425/CHINA,Guangzhou Xingdian Nail Products Company Limited,D.22NC,  18.000 ,6/28/2024
4/10/2024,4/11/2024,116/24XK,0425/CHINA,Guangzhou Xingdian Nail Products Company Limited,D.23NC,  10.800 ,6/28/2024
4/10/2024,4/11/2024,116/24XK,0425/CHINA,Guangzhou Xingdian Nail Products Company Limited,D.27NC,  360 ,6/28/2024
4/10/2024,4/11/2024,116/24XK,0425/CHINA,Guangzhou Xingdian Nail Products Company Limited,D.501-14NC,  20.340 ,6/28/2024
4/10/2024,4/11/2024,116/24XK,0425/CHINA,Guangzhou Xingdian Nail Products Company Limited,D.501NC,  28.800 ,6/28/2024
4/10/2024,4/11/2024,116/24XK,0425/CHINA,Guangzhou Xingdian Nail Products Company Limited,D.555NC,  4.320 ,6/28/2024
4/10/2024,4/11/2024,116/24XK,0425/CHINA,Guangzhou Xingdian Nail Products Company Limited,DL.02C-14NC,  720 ,6/28/2024
4/10/2024,4/11/2024,116/24XK,0425/CHINA,Guangzhou Xingdian Nail Products Company Limited,S.507NC,  360 ,6/28/2024
4/10/2024,4/11/2024,116/24XK,0425/CHINA,Guangzhou Xingdian Nail Products Company Limited,S.511NC,  1.440 ,6/28/2024
4/10/2024,4/11/2024,117/24XK,0425/CHINA,Guangzhou Xingdian Nail Products Company Limited,B.901NC,  1.080 ,7/29/2024
4/10/2024,4/11/2024,117/24XK,0425/CHINA,Guangzhou Xingdian Nail Products Company Limited,B.902NC,  1.080 ,7/29/2024
4/10/2024,4/11/2024,117/24XK,0425/CHINA,Guangzhou Xingdian Nail Products Company Limited,D.05V-12NC,  60 ,7/29/2024
4/10/2024,4/11/2024,117/24XK,0425/CHINA,Guangzhou Xingdian Nail Products Company Limited,D.05V-16NC,  60 ,7/29/2024
4/10/2024,4/11/2024,117/24XK,0425/CHINA,Guangzhou Xingdian Nail Products Company Limited,D.07-12NC,  10.800 ,7/29/2024
4/10/2024,4/11/2024,117/24XK,0425/CHINA,Guangzhou Xingdian Nail Products Company Limited,D.07-14NC,  10.800 ,7/29/2024
4/10/2024,4/11/2024,117/24XK,0425/CHINA,Guangzhou Xingdian Nail Products Company Limited,D.07-16NC,  3.600 ,7/29/2024
4/10/2024,4/11/2024,117/24XK,0425/CHINA,Guangzhou Xingdian Nail Products Company Limited,D.22NC,  12.600 ,7/29/2024
4/10/2024,4/11/2024,117/24XK,0425/CHINA,Guangzhou Xingdian Nail Products Company Limited,D.23NC,  2.880 ,7/29/2024
4/10/2024,4/11/2024,117/24XK,0425/CHINA,Guangzhou Xingdian Nail Products Company Limited,D.27NC,  720 ,7/29/2024
4/10/2024,4/11/2024,117/24XK,0425/CHINA,Guangzhou Xingdian Nail Products Company Limited,D.501-14NC,  14.400 ,7/29/2024
4/10/2024,4/11/2024,117/24XK,0425/CHINA,Guangzhou Xingdian Nail Products Company Limited,D.501NC,  23.400 ,7/29/2024
4/10/2024,4/11/2024,117/24XK,0425/CHINA,Guangzhou Xingdian Nail Products Company Limited,D.555NC,  2.160 ,7/29/2024
4/10/2024,4/11/2024,117/24XK,0425/CHINA,Guangzhou Xingdian Nail Products Company Limited,S.511NC,  2.160 ,7/29/2024
4/10/2024,4/17/2024,118/24XK,0079/RUSSIA,Vectorgroup Company,KD2-0049,  7.000 ,6/18/2024
4/10/2024,4/17/2024,118/24XK,0079/RUSSIA,Vectorgroup Company,KD2-0065,  3.000 ,6/18/2024
4/10/2024,4/17/2024,118/24XK,0079/RUSSIA,Vectorgroup Company,KD2-0552,  5.440 ,6/18/2024
4/10/2024,4/17/2024,118/24XK,0079/RUSSIA,Vectorgroup Company,KD2-0619,  2.000 ,6/18/2024
4/10/2024,4/17/2024,118/24XK,0079/RUSSIA,Vectorgroup Company,KD2-0628,  3.000 ,6/18/2024
4/10/2024,4/17/2024,118/24XK,0079/RUSSIA,Vectorgroup Company,KD2-1224,  2.000 ,6/18/2024
4/10/2024,4/17/2024,118/24XK,0079/RUSSIA,Vectorgroup Company,KD2-1225,  1.500 ,6/18/2024
4/10/2024,4/17/2024,118/24XK,0079/RUSSIA,Vectorgroup Company,KD2-1228,  1.500 ,6/18/2024
4/10/2024,4/17/2024,118/24XK,0079/RUSSIA,Vectorgroup Company,KD2-1646,  3.000 ,6/18/2024
4/10/2024,4/17/2024,118/24XK,0079/RUSSIA,Vectorgroup Company,KD2-1647,  3.000 ,6/18/2024
4/10/2024,4/17/2024,118/24XK,0079/RUSSIA,Vectorgroup Company,KD2-1926,  2.000 ,10/15/2024
4/10/2024,4/17/2024,118/24XK,0079/RUSSIA,Vectorgroup Company,KD2-1927,  2.000 ,10/15/2024
4/9/2024,,119/24XK,0529/KOREA,NARA BEAUTY ,KD2-2054,  500 ,7/22/2024
4/9/2024,,119/24XK,0529/KOREA,NARA BEAUTY ,KD2-2055,  500 ,7/22/2024
4/9/2024,,119/24XK,0529/KOREA,NARA BEAUTY ,KD2-2202,  500 ,7/22/2024
4/9/2024,,119/24XK,0529/KOREA,NARA BEAUTY ,KD2-2203,  500 ,7/22/2024
4/5/2024,4/17/2024,120/24XK,0505/PORTUGAL,DUOBEAUTY UNIPESSOAL LDA,KD2-2185,  200 ,6/18/2024
4/5/2024,4/17/2024,120/24XK,0505/PORTUGAL,DUOBEAUTY UNIPESSOAL LDA,KD2-2186,  150 ,6/18/2024
4/5/2024,4/17/2024,120/24XK,0505/PORTUGAL,DUOBEAUTY UNIPESSOAL LDA,KD2-2187,  150 ,6/18/2024
4/5/2024,4/17/2024,120/24XK,0505/PORTUGAL,DUOBEAUTY UNIPESSOAL LDA,KD2-2188,  150 ,6/18/2024
4/5/2024,4/17/2024,120/24XK,0505/PORTUGAL,DUOBEAUTY UNIPESSOAL LDA,KSK-2189,  200 ,6/18/2024
4/5/2024,4/17/2024,120/24XK,0505/PORTUGAL,DUOBEAUTY UNIPESSOAL LDA,KSK-2190,  200 ,6/18/2024
4/5/2024,4/17/2024,120/24XK,0505/PORTUGAL,DUOBEAUTY UNIPESSOAL LDA,KSK-2191,  200 ,6/18/2024
4/5/2024,4/17/2024,120/24XK,0505/PORTUGAL,DUOBEAUTY UNIPESSOAL LDA,KSK-2192,  200 ,6/18/2024
4/5/2024,4/17/2024,120/24XK,0505/PORTUGAL,DUOBEAUTY UNIPESSOAL LDA,KSK-2193,  200 ,6/18/2024
4/5/2024,4/17/2024,120/24XK,0505/PORTUGAL,DUOBEAUTY UNIPESSOAL LDA,KSK-2194,  200 ,6/18/2024
4/15/2024,4/19/2024,121/24XK,0419/MEXICO,Oleksandr Zadorozhnyi,KD2-2207,  500 ,6/17/2024
4/15/2024,4/19/2024,121/24XK,0419/MEXICO,Oleksandr Zadorozhnyi,KSS-2034,  1.000 ,6/17/2024
4/15/2024,4/19/2024,121/24XK,0419/MEXICO,Oleksandr Zadorozhnyi,KSS-2118,  500 ,6/17/2024
4/17/2024,4/25/2024,122/24XK,0211/JAPAN,MARUTO HASEGAWA KOSAKUJO INC.,KD2-0956,  1.000 ,6/25/2024
4/17/2024,4/25/2024,122/24XK,0211/JAPAN,MARUTO HASEGAWA KOSAKUJO INC.,KSK-0484,  500 ,6/27/2024
4/19/2024,4/19/2024,123/24XK,0003/JAPAN,BLUE INC,KD2-0984,  500 ,6/24/2024
4/18/2024,4/19/2024,124/24XK,0327/KOREA,BEAUTY H,KSS-0852,  2.000 ,6/12/2024
4/19/2024,4/23/2024,125/24XK,0425/CHINA,Guangzhou Xingdian Nail Products Company Limited,B.901NC,  720 ,5/7/2024
4/17/2024,4/23/2024,126/24XK,0475/CHINA,"NINGBO CENTURY TIMES IMPORT AND EXPORT CO., LTD",KDT-1802,  1.054 ,5/30/2024
4/17/2024,4/23/2024,126/24XK,0475/CHINA,"NINGBO CENTURY TIMES IMPORT AND EXPORT CO., LTD",KDT-1804,  411 ,x
4/17/2024,4/23/2024,126/24XK,0475/CHINA,"NINGBO CENTURY TIMES IMPORT AND EXPORT CO., LTD",KDT-1836,  1.292 ,5/30/2024
4/19/2024,4/23/2024,127/24xk,0537/USA,Coco LD LLC,KDT-2234,  1.080 ,6/11/2024
4/22/2024,4/23/2024,128/24xk,0540/SPAIN,Sandy Europa cosmético S. L,C.07-6mm,  5.000 ,6/18/2024
4/22/2024,4/23/2024,128/24xk,0540/SPAIN,Sandy Europa cosmético S. L,C.07-7mm,  5.000 ,6/18/2024
4/22/2024,4/23/2024,128/24xk,0540/SPAIN,Sandy Europa cosmético S. L,C.118,  10.000 ,6/18/2024
4/22/2024,4/23/2024,129/24xk,0002/ITALY,ALPEN DEI F.LLI GIANOLA SNC,KD2-0006,  1.000 ,6/19/2024
4/19/2024,4/23/2024,130/24XK,0531/CHINA,"TONG DE INDUSTRY AND TRADE (YANGJIANG YANGDONG DISTRICT) CO., LTD",KD.43,  120 ,5/30/2024
4/19/2024,4/23/2024,130/24XK,0531/CHINA,"TONG DE INDUSTRY AND TRADE (YANGJIANG YANGDONG DISTRICT) CO., LTD",KD.708,  360 ,5/30/2024
4/19/2024,4/23/2024,130/24XK,0531/CHINA,"TONG DE INDUSTRY AND TRADE (YANGJIANG YANGDONG DISTRICT) CO., LTD",KD.709,  360 ,5/30/2024
4/19/2024,4/23/2024,130/24XK,0531/CHINA,"TONG DE INDUSTRY AND TRADE (YANGJIANG YANGDONG DISTRICT) CO., LTD",KD.710,  360 ,5/30/2024
4/19/2024,4/23/2024,130/24XK,0531/CHINA,"TONG DE INDUSTRY AND TRADE (YANGJIANG YANGDONG DISTRICT) CO., LTD",KD.711,  360 ,5/30/2024
4/19/2024,4/23/2024,130/24XK,0531/CHINA,"TONG DE INDUSTRY AND TRADE (YANGJIANG YANGDONG DISTRICT) CO., LTD",KD.712,  360 ,5/30/2024
4/19/2024,4/23/2024,130/24XK,0531/CHINA,"TONG DE INDUSTRY AND TRADE (YANGJIANG YANGDONG DISTRICT) CO., LTD",KD.714,  360 ,5/30/2024
4/19/2024,4/23/2024,130/24XK,0531/CHINA,"TONG DE INDUSTRY AND TRADE (YANGJIANG YANGDONG DISTRICT) CO., LTD",KD.715,  360 ,5/30/2024
4/19/2024,4/23/2024,130/24XK,0531/CHINA,"TONG DE INDUSTRY AND TRADE (YANGJIANG YANGDONG DISTRICT) CO., LTD",KD.716,  360 ,5/30/2024
4/19/2024,4/23/2024,130/24XK,0531/CHINA,"TONG DE INDUSTRY AND TRADE (YANGJIANG YANGDONG DISTRICT) CO., LTD",KDM.713,  360 ,5/30/2024
4/22/2024,4/23/2024,131/24xk,0531/CHINA,"TONG DE INDUSTRY AND TRADE (YANGJIANG YANGDONG DISTRICT) CO., LTD",KSK-2136,  3.000 ,6/20/2024
4/22/2024,4/23/2024,131/24xk,0531/CHINA,"TONG DE INDUSTRY AND TRADE (YANGJIANG YANGDONG DISTRICT) CO., LTD",KSK-2137,  7.000 ,6/20/2024
4/24/2024,4/25/2024,132/24xk,0410/pat,SETACO FOR IMPORT AND EXPORT (Patrick Ricco ),KSS-1586,  720 ,5/30/2024
4/24/2024,4/26/2024,133/24XK,0407/ITALY,ROBUR SRL,KD2-2099,  300 ,7/7/2024
4/24/2024,4/26/2024,133/24XK,0407/ITALY,ROBUR SRL,KD2-2212,  300 ,7/7/2024
4/24/2024,4/26/2024,133/24XK,0407/ITALY,ROBUR SRL,KM2-2098,  500 ,7/7/2024
4/25/2024,4/26/2024,134/24XK,0393/RUSSIA,LLC RINGO,KD2-1119,  1.000 ,6/27/2024
4/25/2024,4/26/2024,134/24XK,0393/RUSSIA,LLC RINGO,KD2-1123,  1.250 ,6/27/2024
4/25/2024,4/26/2024,134/24XK,0393/RUSSIA,LLC RINGO,KD2-1125,  1.250 ,6/27/2024
4/25/2024,4/26/2024,134/24XK,0393/RUSSIA,LLC RINGO,KD2-1131,  2.000 ,6/27/2024
4/25/2024,4/26/2024,134/24XK,0393/RUSSIA,LLC RINGO,KD2-1133,  1.000 ,6/27/2024
4/25/2024,5/3/2024,135/24XK,0418/OMAN,MAYA NAILSHOP,C.06-12,  120 ,5/30/2024
4/25/2024,5/3/2024,135/24XK,0418/OMAN,MAYA NAILSHOP,C.07-12,  120 ,5/30/2024
4/25/2024,5/3/2024,135/24XK,0418/OMAN,MAYA NAILSHOP,C.36-12,  360 ,5/30/2024
4/25/2024,5/3/2024,135/24XK,0418/OMAN,MAYA NAILSHOP,CL.201C-14,  120 ,5/30/2024
4/25/2024,5/3/2024,135/24XK,0418/OMAN,MAYA NAILSHOP,KD.701,  120 ,5/30/2024
4/25/2024,5/3/2024,135/24XK,0418/OMAN,MAYA NAILSHOP,KSS-2237,  120 ,5/30/2024
4/25/2024,5/3/2024,135/24XK,0418/OMAN,MAYA NAILSHOP,P.01,  120 ,5/30/2024
4/25/2024,5/3/2024,135/24XK,0418/OMAN,MAYA NAILSHOP,P.12,  120 ,5/30/2024
4/24/2024,5/3/2024,136/24XK,0311/KOREA,DANIEL COMPANY,KD2-0881,  1.000 ,7/12/2024
4/24/2024,5/3/2024,136/24XK,0311/KOREA,DANIEL COMPANY,KD2-1156,  1.000 ,7/12/2024
4/25/2024,5/3/2024,137/24XK,0343/KOREA,SHINY GLOBAL,KM2-0784,  1.000 ,7/14/2024
4/24/2024,5/3/2024,138/24XK,0212/KOREA,SHINEWITH INC.,C.07-14,  3.600 ,7/17/2024
4/24/2024,5/3/2024,138/24XK,0212/KOREA,SHINEWITH INC.,NL.102,  1.500 ,7/17/2024
4/25/2024,5/3/2024,139/24XK,0531/CHINA,"TONG DE INDUSTRY AND TRADE (YANGJIANG YANGDONG DISTRICT) CO., LTD",KD2-2229,  500 ,6/26/2024
4/25/2024,5/3/2024,139/24XK,0531/CHINA,"TONG DE INDUSTRY AND TRADE (YANGJIANG YANGDONG DISTRICT) CO., LTD",KD2-2230,  500 ,6/26/2024
4/25/2024,5/3/2024,139/24XK,0531/CHINA,"TONG DE INDUSTRY AND TRADE (YANGJIANG YANGDONG DISTRICT) CO., LTD",KD2-2231,  500 ,6/26/2024
4/25/2024,5/3/2024,139/24XK,0531/CHINA,"TONG DE INDUSTRY AND TRADE (YANGJIANG YANGDONG DISTRICT) CO., LTD",KD2-2232,  500 ,6/26/2024
4/25/2024,5/3/2024,139/24XK,0531/CHINA,"TONG DE INDUSTRY AND TRADE (YANGJIANG YANGDONG DISTRICT) CO., LTD",KD2-2233,  500 ,6/26/2024
4/15/2024,5/3/2024,140/24xk,0419/MEXICO,Oleksandr Zadorozhnyi,KD.43,  10 ,5/10/2024
4/15/2024,5/3/2024,140/24xk,0419/MEXICO,Oleksandr Zadorozhnyi,KD.701,  3 ,5/10/2024
4/15/2024,5/3/2024,140/24xk,0419/MEXICO,Oleksandr Zadorozhnyi,KD.704,  1 ,5/10/2024
4/15/2024,5/3/2024,140/24xk,0419/MEXICO,Oleksandr Zadorozhnyi,KD.711,  3 ,5/10/2024
4/15/2024,5/3/2024,140/24xk,0419/MEXICO,Oleksandr Zadorozhnyi,KD.716,  3 ,5/10/2024
4/15/2024,5/3/2024,140/24xk,0419/MEXICO,Oleksandr Zadorozhnyi,MD-2101,  50 ,5/10/2024
4/15/2024,5/3/2024,140/24xk,0419/MEXICO,Oleksandr Zadorozhnyi,P.03,  1 ,5/10/2024
4/15/2024,5/3/2024,140/24xk,0419/MEXICO,Oleksandr Zadorozhnyi,P.08,  3 ,5/10/2024
4/15/2024,5/3/2024,140/24xk,0419/MEXICO,Oleksandr Zadorozhnyi,P.13,  2 ,5/10/2024
4/15/2024,5/3/2024,140/24xk,0419/MEXICO,Oleksandr Zadorozhnyi,P.17,  3 ,5/10/2024
5/2/2024,5/6/2024,141/24XK,0541/TURKEY,ERAY AÇIKGÖZ EXPERTYOL,KD2-2238,  100 ,7/16/2024
5/2/2024,5/6/2024,141/24XK,0541/TURKEY,ERAY AÇIKGÖZ EXPERTYOL,KD2-2239,  100 ,7/16/2024
5/2/2024,5/6/2024,141/24XK,0541/TURKEY,ERAY AÇIKGÖZ EXPERTYOL,KD2-2240,  100 ,7/16/2024
5/2/2024,5/6/2024,141/24XK,0541/TURKEY,ERAY AÇIKGÖZ EXPERTYOL,KD2-2241,  50 ,7/16/2024
5/2/2024,5/6/2024,141/24XK,0541/TURKEY,ERAY AÇIKGÖZ EXPERTYOL,KD2-2242,  50 ,7/16/2024
5/2/2024,5/6/2024,141/24XK,0541/TURKEY,ERAY AÇIKGÖZ EXPERTYOL,KM2-2243,  20 ,7/16/2024
5/2/2024,5/6/2024,141/24XK,0541/TURKEY,ERAY AÇIKGÖZ EXPERTYOL,KM2-2244,  20 ,7/16/2024
5/2/2024,5/6/2024,141/24XK,0541/TURKEY,ERAY AÇIKGÖZ EXPERTYOL,KSK-2249,  100 ,7/16/2024
5/2/2024,5/6/2024,141/24XK,0541/TURKEY,ERAY AÇIKGÖZ EXPERTYOL,KSK-2250,  50 ,7/16/2024
5/2/2024,5/6/2024,141/24XK,0541/TURKEY,ERAY AÇIKGÖZ EXPERTYOL,KSK-2251,  100 ,7/16/2024
5/2/2024,5/6/2024,141/24XK,0541/TURKEY,ERAY AÇIKGÖZ EXPERTYOL,KSK-2252,  100 ,7/16/2024
5/2/2024,5/6/2024,141/24XK,0541/TURKEY,ERAY AÇIKGÖZ EXPERTYOL,KSK-2253,  100 ,7/16/2024
5/2/2024,5/6/2024,141/24XK,0541/TURKEY,ERAY AÇIKGÖZ EXPERTYOL,KSK-2254,  100 ,7/16/2024
5/2/2024,5/6/2024,141/24XK,0541/TURKEY,ERAY AÇIKGÖZ EXPERTYOL,KSK-2255,  200 ,7/16/2024
5/2/2024,5/6/2024,141/24XK,0541/TURKEY,ERAY AÇIKGÖZ EXPERTYOL,KSK-2256,  50 ,7/16/2024
5/2/2024,5/6/2024,141/24XK,0541/TURKEY,ERAY AÇIKGÖZ EXPERTYOL,KSK-2257,  100 ,7/16/2024
5/2/2024,5/6/2024,141/24XK,0541/TURKEY,ERAY AÇIKGÖZ EXPERTYOL,KSK-2258,  100 ,7/16/2024
5/2/2024,5/6/2024,141/24XK,0541/TURKEY,ERAY AÇIKGÖZ EXPERTYOL,KSS-2245,  100 ,7/16/2024
5/2/2024,5/6/2024,141/24XK,0541/TURKEY,ERAY AÇIKGÖZ EXPERTYOL,KSS-2246,  100 ,7/16/2024
5/2/2024,5/6/2024,141/24XK,0541/TURKEY,ERAY AÇIKGÖZ EXPERTYOL,KSS-2247,  100 ,7/16/2024
5/2/2024,5/6/2024,141/24XK,0541/TURKEY,ERAY AÇIKGÖZ EXPERTYOL,KSS-2248,  100 ,7/24/2024
5/3/2024,5/6/2024,142/24XK,0343/PHILIPPINES,ERRA ENTERPRISE ,C.07-12,  750 ,6/26/2024
5/3/2024,5/6/2024,142/24XK,0343/PHILIPPINES,ERRA ENTERPRISE ,C.111-12,  2.880 ,6/26/2024
5/3/2024,5/6/2024,142/24XK,0343/PHILIPPINES,ERRA ENTERPRISE ,C.112-14,  360 ,6/26/2024
5/3/2024,5/6/2024,142/24XK,0343/PHILIPPINES,ERRA ENTERPRISE ,C.37-12,  720 ,7/16/2024
5/3/2024,5/6/2024,142/24XK,0343/PHILIPPINES,ERRA ENTERPRISE ,CL.203-12,  360 ,7/16/2024
5/3/2024,5/6/2024,142/24XK,0343/PHILIPPINES,ERRA ENTERPRISE ,CL.203-14,  1.080 ,7/16/2024
5/3/2024,5/6/2024,142/24XK,0343/PHILIPPINES,ERRA ENTERPRISE ,CL.203-3.5MM,  1.080 ,7/16/2024
5/3/2024,5/6/2024,142/24XK,0343/PHILIPPINES,ERRA ENTERPRISE ,D.205,  1.440 ,6/26/2024
4/22/2024,5/8/2024,143/24XK,0538/BULGARIA,Premium Beauty Partners,KD2-2215,  100 ,7/15/2024
4/22/2024,5/8/2024,143/24XK,0538/BULGARIA,Premium Beauty Partners,KD2-2216,  100 ,7/15/2024
4/22/2024,5/8/2024,143/24XK,0538/BULGARIA,Premium Beauty Partners,KD2-2217,  100 ,7/15/2024
4/22/2024,5/8/2024,143/24XK,0538/BULGARIA,Premium Beauty Partners,KD2-2218,  100 ,7/15/2024
4/22/2024,5/8/2024,143/24XK,0538/BULGARIA,Premium Beauty Partners,KD2-2227,  100 ,7/15/2024
4/22/2024,5/8/2024,143/24XK,0538/BULGARIA,Premium Beauty Partners,KD2-2228,  100 ,7/15/2024
4/22/2024,5/8/2024,143/24XK,0538/BULGARIA,Premium Beauty Partners,KM2-2219,  100 ,7/15/2024
4/22/2024,5/8/2024,143/24XK,0538/BULGARIA,Premium Beauty Partners,KM2-2220,  100 ,7/15/2024
4/22/2024,5/8/2024,143/24XK,0538/BULGARIA,Premium Beauty Partners,KSK-2225,  100 ,7/15/2024
4/22/2024,5/8/2024,143/24XK,0538/BULGARIA,Premium Beauty Partners,KSK-2226,  100 ,7/15/2024
4/22/2024,5/8/2024,143/24XK,0538/BULGARIA,Premium Beauty Partners,KSS-2221,  100 ,7/15/2024
4/22/2024,5/8/2024,143/24XK,0538/BULGARIA,Premium Beauty Partners,KSS-2222,  100 ,7/15/2024
4/22/2024,5/8/2024,143/24XK,0538/BULGARIA,Premium Beauty Partners,KSS-2223,  100 ,7/24/2024
4/22/2024,5/8/2024,143/24XK,0538/BULGARIA,Premium Beauty Partners,KSS-2224,  100 ,7/15/2024
5/6/2024,5/9/2024,144/24XK,0531/CHINA,"TONG DE INDUSTRY AND TRADE (YANGJIANG YANGDONG DISTRICT) CO., LTD",KD2.2-2260,  1.080 ,6/26/2024
5/6/2024,5/9/2024,144/24XK,0531/CHINA,"TONG DE INDUSTRY AND TRADE (YANGJIANG YANGDONG DISTRICT) CO., LTD",KSK-2261,  720 ,6/22/2024
5/6/2024,5/9/2024,144/24XK,0531/CHINA,"TONG DE INDUSTRY AND TRADE (YANGJIANG YANGDONG DISTRICT) CO., LTD",KSK-2262,  360 ,6/22/2024
3/5/2024,5/10/2024,145/24xk,0539/Germany,Heiko Wild,KSK-2214,  500 ,7/15/2024
3/5/2024,5/10/2024,145/24xk,0539/Germany,Heiko Wild,KSS-2130,  1.000 ,7/15/2024
4/25/2024,5/9/2024,146/24ND,B2B,HÀNG TỒN,EVO.01V-14,  120 ,6/22/2024
4/25/2024,5/9/2024,146/24ND,B2B,HÀNG TỒN,EVO.01V-16,  120 ,6/25/2024
4/25/2024,5/9/2024,146/24ND,B2B,HÀNG TỒN,GS.01CC,  60 ,7/12/2024
4/25/2024,5/9/2024,146/24ND,B2B,HÀNG TỒN,GS.03CC,  300 ,7/12/2024
4/25/2024,5/9/2024,146/24ND,B2B,HÀNG TỒN,GS.08TC,  200 ,6/15/2024
4/25/2024,5/9/2024,146/24ND,B2B,HÀNG TỒN,GS.12TC,  1.500 ,7/10/2024
4/25/2024,5/9/2024,146/24ND,B2B,HÀNG TỒN,MD.32,  600 ,6/12/2024
4/25/2024,5/9/2024,146/24ND,B2B,HÀNG TỒN,MD.33,  600 ,6/20/2024
4/25/2024,5/9/2024,146/24ND,B2B,HÀNG TỒN,NCMINI.02,  300 ,6/15/2024
5/7/2024,5/9/2024,147/24XK,0405/MALAYSIA,YOUSHINE SOLUTION SDN BHD.,C.07-14,  720 ,6/21/2024
5/7/2024,5/9/2024,147/24XK,0405/MALAYSIA,YOUSHINE SOLUTION SDN BHD.,C.07-3.5MM,  360 ,6/21/2024
5/7/2024,5/9/2024,147/24XK,0405/MALAYSIA,YOUSHINE SOLUTION SDN BHD.,CL.101-12,  180 ,7/12/2024
5/7/2024,5/9/2024,147/24XK,0405/MALAYSIA,YOUSHINE SOLUTION SDN BHD.,CL.201-12,  180 ,7/12/2024
5/7/2024,5/9/2024,147/24XK,0405/MALAYSIA,YOUSHINE SOLUTION SDN BHD.,NC.01,  360 ,6/21/2024
5/7/2024,5/9/2024,147/24XK,0405/MALAYSIA,YOUSHINE SOLUTION SDN BHD.,NC.02,  360 ,6/21/2024
5/7/2024,5/9/2024,147/24XK,0405/MALAYSIA,YOUSHINE SOLUTION SDN BHD.,NL.102,  180 ,7/12/2024
5/7/2024,5/9/2024,147/24XK,0405/MALAYSIA,YOUSHINE SOLUTION SDN BHD.,P.03,  360 ,6/21/2024
5/7/2024,5/9/2024,147/24XK,0405/MALAYSIA,YOUSHINE SOLUTION SDN BHD.,P.08,  360 ,6/21/2024
4/8/2024,5/14/2024,148/24xk,0026/GERMANY,ZWILLING Beauty Group GmbH,KSS-0213,  1.800 ,7/15/2024
4/8/2024,5/14/2024,148/24xk,0026/GERMANY,ZWILLING Beauty Group GmbH,KSS-0228,  1.200 ,6/30/2024
4/8/2024,5/14/2024,148/24xk,0026/GERMANY,ZWILLING Beauty Group GmbH,KSS-0367,  1.200 ,6/25/2024
4/8/2024,5/14/2024,148/24xk1,0026/GERMANY,ZWILLING Beauty Group GmbH,KSS-0367,  2.400 ,9/10/2024
2/27/2024,7/6/2024,149/24xk,0026/GERMANY,ZWILLING Beauty Group GmbH,KSD-0362,  3.600 ,7/20/2024
2/27/2024,7/6/2024,149/24xk1,0026/GERMANY,ZWILLING Beauty Group GmbH,KSD-0362,  3.600 ,8/20/2024
2/27/2024,7/6/2024,149/24xk2,0336/CHINA,"QVS Global China, LTD",KSD-0362,  1.000 ,10/10/2024
2/27/2024,7/6/2024,149/24xk3,0026/GERMANY,ZWILLING Beauty Group GmbH,KSD-0362,  7.200 ,12/28/2024
2/27/2024,7/6/2024,149/24xk4,0026/GERMANY,ZWILLING Beauty Group GmbH,KSD-0362,  7.200 ,2/28/2025
5/9/2024,5/14/2024,150/24XK,0336/CHINA,"QVS Global China, LTD",KM2-0550,  1.000 ,8/10/2024
5/9/2024,5/14/2024,150/24XK,0336/CHINA,"QVS Global China, LTD",KSS-0228,  1.500 ,6/25/2024
5/13/2024,5/14/2024,151/24xk,0069/POLAND,ACTIV TOMASZ PACHOLCZYK,MD.2268,  500 ,6/5/2024
5/9/2024,5/14/2024,152/24XK,0512/ROMANIA,HEAD STEEL SRL,CL.206-5MM,  20 ,6/1/2024
5/9/2024,5/14/2024,152/24XK,0512/ROMANIA,HEAD STEEL SRL,CL.206-7MM,  20 ,6/1/2024
5/9/2024,5/14/2024,152/24XK,0512/ROMANIA,HEAD STEEL SRL,KD.43,  50 ,6/1/2024
5/9/2024,5/14/2024,152/24XK,0512/ROMANIA,HEAD STEEL SRL,KD.701,  70 ,6/1/2024
5/9/2024,5/14/2024,152/24XK,0512/ROMANIA,HEAD STEEL SRL,KD.702,  70 ,6/1/2024
5/9/2024,5/14/2024,152/24XK,0512/ROMANIA,HEAD STEEL SRL,KD.703,  70 ,6/1/2024
5/9/2024,5/14/2024,152/24XK,0512/ROMANIA,HEAD STEEL SRL,KD.704,  70 ,6/1/2024
5/9/2024,5/14/2024,152/24XK,0512/ROMANIA,HEAD STEEL SRL,KD.705,  70 ,6/1/2024
5/9/2024,5/14/2024,152/24XK,0512/ROMANIA,HEAD STEEL SRL,KD.706,  70 ,6/1/2024
5/9/2024,5/14/2024,152/24XK,0512/ROMANIA,HEAD STEEL SRL,KD.707,  70 ,6/1/2024
5/9/2024,5/14/2024,152/24XK,0512/ROMANIA,HEAD STEEL SRL,NL.201,  10 ,6/1/2024
5/9/2024,5/14/2024,152/24XK,0512/ROMANIA,HEAD STEEL SRL,NL.202,  30 ,6/1/2024
5/9/2024,5/14/2024,152/24XK,0512/ROMANIA,HEAD STEEL SRL,NL.204,  10 ,6/1/2024
5/9/2024,5/14/2024,152/24XK,0512/ROMANIA,HEAD STEEL SRL,P.03,  30 ,6/1/2024
5/9/2024,5/14/2024,152/24XK,0512/ROMANIA,HEAD STEEL SRL,P.08,  30 ,6/1/2024
5/9/2024,5/14/2024,152/24XK,0512/ROMANIA,HEAD STEEL SRL,P.09,  20 ,6/1/2024
5/9/2024,5/14/2024,152/24XK,0512/ROMANIA,HEAD STEEL SRL,P.12,  50 ,6/1/2024
5/9/2024,5/14/2024,152/24XK,0512/ROMANIA,HEAD STEEL SRL,P.13,  20 ,6/1/2024
5/9/2024,5/14/2024,152/24XK,0512/ROMANIA,HEAD STEEL SRL,P.14,  50 ,6/1/2024
5/9/2024,5/14/2024,152/24XK,0512/ROMANIA,HEAD STEEL SRL,P.17,  50 ,6/1/2024
5/14/2024,5/15/2024,153/24xk,0026/GERMANY,ZWILLING Beauty Group GmbH,KSS-0714,  2.000 ,7/15/2024
4/17/2024,5/15/2024,154/24xk,0536/FRANCE,ElyaMaje,KD2-2156,  1.000 ,7/27/2024
4/17/2024,5/15/2024,154/24xk,0536/FRANCE,ElyaMaje,KD2-2157,  1.000 ,7/27/2024
4/17/2024,5/15/2024,154/24xk,0536/FRANCE,ElyaMaje,KD2-2162,  1.000 ,9/18/2024
4/17/2024,5/15/2024,154/24xk,0536/FRANCE,ElyaMaje,KD2-2163,  1.000 ,7/27/2024
4/17/2024,5/15/2024,154/24xk,0536/FRANCE,ElyaMaje,KD2-2164,  1.000 ,7/27/2024
4/17/2024,5/15/2024,154/24xk,0536/FRANCE,ElyaMaje,KD2-2165,  1.000 ,8/10/2024
4/17/2024,5/15/2024,154/24xk,0536/FRANCE,ElyaMaje,KD2-2166,  1.000 ,9/12/2024
4/17/2024,5/15/2024,154/24xk,0536/FRANCE,ElyaMaje,KD2-2167,  1.000 ,9/12/2024
4/17/2024,5/15/2024,154/24xk,0536/FRANCE,ElyaMaje,KD2-2168,  1.000 ,9/12/2024
4/17/2024,5/15/2024,154/24xk,0536/FRANCE,ElyaMaje,KD2-2169,  1.000 ,8/10/2024
4/17/2024,5/15/2024,154/24xk,0536/FRANCE,ElyaMaje,KD2-2170,  1.000 ,8/10/2024
4/17/2024,5/15/2024,154/24xk,0536/FRANCE,ElyaMaje,KD2-2171,  1.000 ,8/10/2024
4/17/2024,5/15/2024,154/24xk,0536/FRANCE,ElyaMaje,KM2-2158,  1.000 ,9/18/2024
4/17/2024,5/15/2024,154/24xk,0536/FRANCE,ElyaMaje,KSK-2159,  2.000 ,8/13/2024
4/17/2024,5/15/2024,154/24xk,0536/FRANCE,ElyaMaje,KSK-2160,  2.000 ,8/13/2024
4/17/2024,5/15/2024,154/24xk,0536/FRANCE,ElyaMaje,KSK-2161,  2.000 ,8/13/2024
4/17/2024,5/15/2024,154/24xk,0536/FRANCE,ElyaMaje,KSK-2172,  2.000 ,8/13/2024
4/17/2024,5/15/2024,154/24xk,0536/FRANCE,ElyaMaje,KSK-2173,  2.000 ,8/13/2024
4/17/2024,5/15/2024,154/24xk,0536/FRANCE,ElyaMaje,KSK-2174,  2.000 ,8/13/2024
4/17/2024,5/15/2024,154/24xk,0536/FRANCE,ElyaMaje,KSK-2175,  2.000 ,8/13/2024
4/17/2024,5/15/2024,154/24xk,0536/FRANCE,ElyaMaje,KSK-2195,  2.000 ,8/13/2024
4/17/2024,5/15/2024,154/24xk,0536/FRANCE,ElyaMaje,KSN-2208,  1.000 ,8/20/2024
4/17/2024,5/15/2024,154/24xk,0536/FRANCE,ElyaMaje,KSS-2176,  1.000 ,8/13/2024
4/17/2024,5/15/2024,154/24xk,0536/FRANCE,ElyaMaje,KSS-2177,  1.000 ,8/13/2024
4/17/2024,5/15/2024,154/24xk,0536/FRANCE,ElyaMaje,KSS-2178,  1.000 ,8/13/2024
4/17/2024,5/15/2024,154/24xk,0536/FRANCE,ElyaMaje,KSS-2179,  1.000 ,8/13/2024
4/17/2024,5/15/2024,154/24xk,0536/FRANCE,ElyaMaje,KSS-2180,  1.000 ,8/13/2024
4/17/2024,5/15/2024,154/24xk,0536/FRANCE,ElyaMaje,KSS-2183,  1.000 ,8/20/2024
4/17/2024,5/15/2024,154/24xk,0536/FRANCE,ElyaMaje,KSS-2184,  1.000 ,8/20/2024
4/17/2024,5/15/2024,154/24xk,0536/FRANCE,ElyaMaje,KSS-2236,  4.000 ,8/13/2024
5/13/2024,5/16/2024,155/24XK,0426/GREECE,LALOO COSMECTICS,C.05-3.5mm,  500 ,7/23/2024
5/13/2024,5/16/2024,155/24XK,0426/GREECE,LALOO COSMECTICS,C.07-3.5mm,  150 ,7/23/2024
5/13/2024,5/16/2024,155/24XK,0426/GREECE,LALOO COSMECTICS,C.08-5mm,  150 ,7/23/2024
5/13/2024,5/16/2024,155/24XK,0426/GREECE,LALOO COSMECTICS,C.08-6mm,  150 ,7/23/2024
5/13/2024,5/16/2024,155/24XK,0426/GREECE,LALOO COSMECTICS,C.08-7mm,  150 ,7/23/2024
5/13/2024,5/16/2024,155/24XK,0426/GREECE,LALOO COSMECTICS,CB.101-5mm,  300 ,7/23/2024
5/13/2024,5/16/2024,155/24XK,0426/GREECE,LALOO COSMECTICS,CL.201-5mm,  400 ,7/23/2024
5/13/2024,5/16/2024,155/24XK,0426/GREECE,LALOO COSMECTICS,CL.205-3.5mm,  700 ,7/23/2024
5/13/2024,5/16/2024,155/24XK,0426/GREECE,LALOO COSMECTICS,CL.205-5mm,  500 ,7/23/2024
5/13/2024,5/16/2024,155/24XK,0426/GREECE,LALOO COSMECTICS,Cl.S01-3.5mm,  500 ,7/23/2024
5/13/2024,5/16/2024,155/24XK,0426/GREECE,LALOO COSMECTICS,Cl.S01-5mm,  500 ,7/23/2024
5/13/2024,5/16/2024,155/24XK,0426/GREECE,LALOO COSMECTICS,CL.S01-7mm,  150 ,7/23/2024
5/13/2024,5/16/2024,155/24XK,0426/GREECE,LALOO COSMECTICS,KD.701,  300 ,7/23/2024
5/13/2024,5/16/2024,155/24XK,0426/GREECE,LALOO COSMECTICS,KD.703,  300 ,7/23/2024
5/13/2024,5/16/2024,155/24XK,0426/GREECE,LALOO COSMECTICS,KD.706,  300 ,7/23/2024
5/13/2024,5/16/2024,155/24XK,0426/GREECE,LALOO COSMECTICS,KD.718,  300 ,7/23/2024
5/13/2024,5/16/2024,155/24XK,0426/GREECE,LALOO COSMECTICS,MD.2267,  400 ,7/23/2024
5/13/2024,5/16/2024,155/24XK,0426/GREECE,LALOO COSMECTICS,NL.102,  100 ,7/23/2024
5/13/2024,5/16/2024,155/24XK,0426/GREECE,LALOO COSMECTICS,NL.201,  300 ,7/23/2024
5/13/2024,5/16/2024,155/24XK,0426/GREECE,LALOO COSMECTICS,NL.202,  450 ,7/23/2024
5/13/2024,5/16/2024,155/24XK,0426/GREECE,LALOO COSMECTICS,NL.203,  300 ,7/23/2024
5/13/2024,5/16/2024,155/24XK,0426/GREECE,LALOO COSMECTICS,P.04,  300 ,7/23/2024
5/13/2024,5/16/2024,155/24XK,0426/GREECE,LALOO COSMECTICS,P.12,  300 ,7/23/2024
5/13/2024,5/16/2024,155/24XK,0426/GREECE,LALOO COSMECTICS,P.13,  300 ,7/23/2024
5/13/2024,5/16/2024,155/24XK,0426/GREECE,LALOO COSMECTICS,P.17,  300 ,7/23/2024
5/14/2024,5/21/2024,156/24xk,0026/GERMANY,ZWILLING Beauty Group GmbH,KD2-0211,  4.000 ,8/26/2024
5/14/2024,5/21/2024,156/24xk,0026/GERMANY,ZWILLING Beauty Group GmbH,KD2-0568,  2.000 ,8/26/2024
5/14/2024,5/21/2024,156/24xk,0026/GERMANY,ZWILLING Beauty Group GmbH,KM2-0212,  4.000 ,8/26/2024
5/14/2024,5/21/2024,156/24xk,0026/GERMANY,ZWILLING Beauty Group GmbH,KM2-0550,  1.000 ,8/26/2024
5/14/2024,5/21/2024,156/24xk1,0026/GERMANY,ZWILLING Beauty Group GmbH,KM2-0212,  2.000 ,9/10/2024
5/14/2024,5/21/2024,156/24xk1,0026/GERMANY,ZWILLING Beauty Group GmbH,KM2-0550,  600 ,9/10/2024
5/20/2024,5/21/2024,157/24xk,0419/MEXICO,Oleksandr Zadorozhnyi,KSK-1972,  500 ,6/17/2024
5/21/2024,5/22/2024,158/24xk,0542/TURKEY,DOĞUŞ KOZMETİK GIDA İNŞ. TURZ. TİC. A.Ş.,NL.203TR,  1.000 ,8/4/2024
5/21/2024,5/22/2024,158/24xk,0542/TURKEY,DOĞUŞ KOZMETİK GIDA İNŞ. TURZ. TİC. A.Ş.,NL.208TR,  1.000 ,8/4/2024
5/20/2024,5/24/2024,159/24ND,CHAOBA,CHAOBA,B.901,  1.440 ,6/20/2024
5/20/2024,5/24/2024,159/24ND,CHAOBA,CHAOBA,B.902,  120 ,6/20/2024
5/20/2024,5/24/2024,159/24ND,CHAOBA,CHAOBA,D.01-14,  1.200 ,6/20/2024
5/20/2024,5/24/2024,159/24ND,CHAOBA,CHAOBA,D.01-16,  1.800 ,6/20/2024
5/20/2024,5/24/2024,159/24ND,CHAOBA,CHAOBA,D.03-14,  1.600 ,6/28/2024
5/20/2024,5/24/2024,159/24ND,CHAOBA,CHAOBA,D.03-16,  2.100 ,6/20/2024
5/20/2024,5/24/2024,159/24ND,CHAOBA,CHAOBA,D.04-14,  200 ,6/20/2024
5/20/2024,5/24/2024,159/24ND,CHAOBA,CHAOBA,D.05-14,  360 ,6/28/2024
5/20/2024,5/24/2024,159/24ND,CHAOBA,CHAOBA,D.05-16,  -   ,6/20/2024
5/20/2024,5/24/2024,159/24ND,CHAOBA,CHAOBA,D.05V-14,  180 ,6/28/2024
5/20/2024,5/24/2024,159/24ND,CHAOBA,CHAOBA,D.05V-16,  180 ,6/28/2024
5/20/2024,5/24/2024,159/24ND,CHAOBA,CHAOBA,D.06-12,  200 ,6/20/2024
5/20/2024,5/24/2024,159/24ND,CHAOBA,CHAOBA,D.06-16,  2.400 ,6/28/2024
5/20/2024,5/24/2024,159/24ND,CHAOBA,CHAOBA,D.07-12,  300 ,6/20/2024
5/20/2024,5/24/2024,159/24ND,CHAOBA,CHAOBA,D.07-14,  2.000 ,6/28/2024
5/20/2024,5/24/2024,159/24ND,CHAOBA,CHAOBA,D.07-16,  1.500 ,6/28/2024
5/20/2024,5/24/2024,159/24ND,CHAOBA,CHAOBA,D.18,  600 ,6/28/2024
5/20/2024,5/24/2024,159/24ND,CHAOBA,CHAOBA,D.206,  200 ,6/28/2024
5/20/2024,5/24/2024,159/24ND,CHAOBA,CHAOBA,D.501,  1.100 ,6/20/2024
5/20/2024,5/24/2024,159/24ND,CHAOBA,CHAOBA,D.506,  800 ,6/20/2024
5/20/2024,5/24/2024,159/24ND,CHAOBA,CHAOBA,D.555KD,  3.600 ,6/28/2024
5/20/2024,5/24/2024,159/24ND,CHAOBA,CHAOBA,M.01,  500 ,6/20/2024
5/20/2024,5/24/2024,159/24ND,CHAOBA,CHAOBA,M.03,  300 ,6/28/2024
5/20/2024,5/24/2024,159/24ND,CHAOBA,CHAOBA,S.504,  360 ,6/20/2024
5/20/2024,5/24/2024,159/24ND,CHAOBA,CHAOBA,S.505,  180 ,6/20/2024
5/20/2024,5/24/2024,159/24ND,CHAOBA,CHAOBA,S.506,  300 ,6/20/2024
5/20/2024,5/24/2024,159/24ND,CHAOBA,CHAOBA,S.507,  180 ,6/20/2024
5/20/2024,5/24/2024,159/24ND,CHAOBA,CHAOBA,S.508,  180 ,6/20/2024
5/20/2024,5/24/2024,159/24ND,CHAOBA,CHAOBA,S.511,  120 ,6/20/2024
5/20/2024,5/24/2024,159/24ND,CHAOBA,CHAOBA,S.512,  360 ,6/20/2024
5/20/2024,5/24/2024,159/24ND,CHAOBA,CHAOBA,S.514,  360 ,6/20/2024
5/16/2024,6/14/2024,160/24XK,0542/TURKEY,DOĞUŞ KOZMETİK GIDA İNŞ. TURZ. TİC. A.Ş.,KD.701TR,  3.060 ,7/30/2024
5/16/2024,6/14/2024,160/24XK,0542/TURKEY,DOĞUŞ KOZMETİK GIDA İNŞ. TURZ. TİC. A.Ş.,KD.702TR,  3.060 ,7/30/2024
5/16/2024,6/14/2024,160/24XK,0542/TURKEY,DOĞUŞ KOZMETİK GIDA İNŞ. TURZ. TİC. A.Ş.,KD.703TR,  3.060 ,7/30/2024
5/16/2024,6/14/2024,160/24XK,0542/TURKEY,DOĞUŞ KOZMETİK GIDA İNŞ. TURZ. TİC. A.Ş.,KD.704TR,  3.060 ,7/30/2024
5/16/2024,6/14/2024,160/24XK,0542/TURKEY,DOĞUŞ KOZMETİK GIDA İNŞ. TURZ. TİC. A.Ş.,KD.706TR,  3.060 ,7/30/2024
5/16/2024,6/14/2024,160/24XK,0542/TURKEY,DOĞUŞ KOZMETİK GIDA İNŞ. TURZ. TİC. A.Ş.,KD.707TR,  3.060 ,7/30/2024
5/16/2024,6/14/2024,160/24XK,0542/TURKEY,DOĞUŞ KOZMETİK GIDA İNŞ. TURZ. TİC. A.Ş.,KD.708TR,  3.060 ,7/30/2024
5/16/2024,6/14/2024,160/24XK,0542/TURKEY,DOĞUŞ KOZMETİK GIDA İNŞ. TURZ. TİC. A.Ş.,KD.710TR,  3.060 ,7/30/2024
5/16/2024,6/14/2024,160/24XK1,0542/TURKEY,DOĞUŞ KOZMETİK GIDA İNŞ. TURZ. TİC. A.Ş.,KD.701TR,  1.980 ,8/30/2024
5/16/2024,6/14/2024,160/24XK1,0542/TURKEY,DOĞUŞ KOZMETİK GIDA İNŞ. TURZ. TİC. A.Ş.,KD.702TR,  1.980 ,8/30/2024
5/16/2024,6/14/2024,160/24XK1,0542/TURKEY,DOĞUŞ KOZMETİK GIDA İNŞ. TURZ. TİC. A.Ş.,KD.703TR,  1.980 ,8/30/2024
5/16/2024,6/14/2024,160/24XK1,0542/TURKEY,DOĞUŞ KOZMETİK GIDA İNŞ. TURZ. TİC. A.Ş.,KD.704TR,  1.980 ,8/30/2024
5/16/2024,6/14/2024,160/24XK1,0542/TURKEY,DOĞUŞ KOZMETİK GIDA İNŞ. TURZ. TİC. A.Ş.,KD.706TR,  1.980 ,8/30/2024
5/16/2024,6/14/2024,160/24XK1,0542/TURKEY,DOĞUŞ KOZMETİK GIDA İNŞ. TURZ. TİC. A.Ş.,KD.707TR,  1.980 ,8/30/2024
5/16/2024,6/14/2024,160/24XK1,0542/TURKEY,DOĞUŞ KOZMETİK GIDA İNŞ. TURZ. TİC. A.Ş.,KD.708TR,  1.980 ,8/30/2024
5/16/2024,6/14/2024,160/24XK1,0542/TURKEY,DOĞUŞ KOZMETİK GIDA İNŞ. TURZ. TİC. A.Ş.,KD.710TR,  1.980 ,8/30/2024
5/16/2024,6/14/2024,160/24XK2,0542/TURKEY,DOĞUŞ KOZMETİK GIDA İNŞ. TURZ. TİC. A.Ş.,KD.701TR,  2.520 ,9/30/2024
5/16/2024,6/14/2024,160/24XK2,0542/TURKEY,DOĞUŞ KOZMETİK GIDA İNŞ. TURZ. TİC. A.Ş.,KD.702TR,  2.520 ,9/30/2024
5/16/2024,6/14/2024,160/24XK2,0542/TURKEY,DOĞUŞ KOZMETİK GIDA İNŞ. TURZ. TİC. A.Ş.,KD.703TR,  2.520 ,9/30/2024
5/16/2024,6/14/2024,160/24XK2,0542/TURKEY,DOĞUŞ KOZMETİK GIDA İNŞ. TURZ. TİC. A.Ş.,KD.704TR,  2.520 ,9/30/2024
5/16/2024,6/14/2024,160/24XK2,0542/TURKEY,DOĞUŞ KOZMETİK GIDA İNŞ. TURZ. TİC. A.Ş.,KD.706TR,  2.520 ,9/30/2024
5/16/2024,6/14/2024,160/24XK2,0542/TURKEY,DOĞUŞ KOZMETİK GIDA İNŞ. TURZ. TİC. A.Ş.,KD.707TR,  2.520 ,9/30/2024
5/16/2024,6/14/2024,160/24XK2,0542/TURKEY,DOĞUŞ KOZMETİK GIDA İNŞ. TURZ. TİC. A.Ş.,KD.708TR,  2.520 ,9/30/2024
5/16/2024,6/14/2024,160/24XK2,0542/TURKEY,DOĞUŞ KOZMETİK GIDA İNŞ. TURZ. TİC. A.Ş.,KD.710TR,  2.520 ,9/30/2024
5/16/2024,6/14/2024,160/24XK3,0542/TURKEY,DOĞUŞ KOZMETİK GIDA İNŞ. TURZ. TİC. A.Ş.,KD.701TR,  3.600 ,10/28/2024
5/16/2024,6/14/2024,160/24XK3,0542/TURKEY,DOĞUŞ KOZMETİK GIDA İNŞ. TURZ. TİC. A.Ş.,KD.702TR,  3.600 ,10/28/2024
5/16/2024,6/14/2024,160/24XK3,0542/TURKEY,DOĞUŞ KOZMETİK GIDA İNŞ. TURZ. TİC. A.Ş.,KD.703TR,  3.600 ,10/28/2024
5/16/2024,6/14/2024,160/24XK3,0542/TURKEY,DOĞUŞ KOZMETİK GIDA İNŞ. TURZ. TİC. A.Ş.,KD.704TR,  3.600 ,10/28/2024
5/16/2024,6/14/2024,160/24XK3,0542/TURKEY,DOĞUŞ KOZMETİK GIDA İNŞ. TURZ. TİC. A.Ş.,KD.706TR,  3.600 ,10/28/2024
5/16/2024,6/14/2024,160/24XK3,0542/TURKEY,DOĞUŞ KOZMETİK GIDA İNŞ. TURZ. TİC. A.Ş.,KD.707TR,  3.600 ,10/28/2024
5/16/2024,6/14/2024,160/24XK3,0542/TURKEY,DOĞUŞ KOZMETİK GIDA İNŞ. TURZ. TİC. A.Ş.,KD.708TR,  3.600 ,10/28/2024
5/16/2024,6/14/2024,160/24XK3,0542/TURKEY,DOĞUŞ KOZMETİK GIDA İNŞ. TURZ. TİC. A.Ş.,KD.710TR,  3.600 ,10/28/2024
5/16/2024,6/14/2024,160/24xk4,0542/TURKEY,DOĞUŞ KOZMETİK GIDA İNŞ. TURZ. TİC. A.Ş.,KD.701TR,  840 ,11/5/2024
5/16/2024,6/14/2024,160/24xk4,0542/TURKEY,DOĞUŞ KOZMETİK GIDA İNŞ. TURZ. TİC. A.Ş.,KD.702TR,  840 ,11/5/2024
5/16/2024,6/14/2024,160/24xk4,0542/TURKEY,DOĞUŞ KOZMETİK GIDA İNŞ. TURZ. TİC. A.Ş.,KD.703TR,  840 ,11/5/2024
5/16/2024,6/14/2024,160/24xk4,0542/TURKEY,DOĞUŞ KOZMETİK GIDA İNŞ. TURZ. TİC. A.Ş.,KD.704TR,  840 ,11/5/2024
5/16/2024,6/14/2024,160/24xk4,0542/TURKEY,DOĞUŞ KOZMETİK GIDA İNŞ. TURZ. TİC. A.Ş.,KD.706TR,  840 ,11/5/2024
5/16/2024,6/14/2024,160/24xk4,0542/TURKEY,DOĞUŞ KOZMETİK GIDA İNŞ. TURZ. TİC. A.Ş.,KD.707TR,  840 ,11/5/2024
5/16/2024,6/14/2024,160/24xk4,0542/TURKEY,DOĞUŞ KOZMETİK GIDA İNŞ. TURZ. TİC. A.Ş.,KD.708TR,  840 ,11/5/2024
5/16/2024,6/14/2024,160/24xk4,0542/TURKEY,DOĞUŞ KOZMETİK GIDA İNŞ. TURZ. TİC. A.Ş.,KD.710TR,  840 ,11/5/2024
5/20/2024,5/24/2024,161/24XK,0393/RUSSIA,LLC RINGO,KM2-1176,  1.378 ,8/30/2024
5/20/2024,5/27/2024,161/24XK,0393/RUSSIA,LLC RINGO,KM2-1441,  600 ,8/30/2024
5/20/2024,5/24/2024,161/24XK1,0393/RUSSIA,LLC RINGO,KM2-1176,  2.020 ,9/30/2024
5/21/2024,5/27/2024,162/24XK,0482/PORTUGAL,DANTAS CORREIA & LEITÃO LDA,KSK-2272,  600 ,7/27/2024
5/22/2024,5/27/2024,163/24xk,0006/LEBANON,FADI SAWAYA SAL (SAWAYA INT'L LLC),KD2-0289,  500 ,7/22/2024
5/22/2024,5/27/2024,163/24xk,0006/LEBANON,FADI SAWAYA SAL (SAWAYA INT'L LLC),KD2-0290,  500 ,7/22/2024
5/22/2024,5/27/2024,163/24xk,0006/LEBANON,FADI SAWAYA SAL (SAWAYA INT'L LLC),KD2-0370,  500 ,7/22/2024
5/22/2024,5/27/2024,163/24xk,0006/LEBANON,FADI SAWAYA SAL (SAWAYA INT'L LLC),KD2-0371,  500 ,7/22/2024
5/22/2024,5/27/2024,163/24xk,0006/LEBANON,FADI SAWAYA SAL (SAWAYA INT'L LLC),KDT-0299,  1.500 ,7/22/2024
5/22/2024,5/27/2024,163/24xk,0006/LEBANON,FADI SAWAYA SAL (SAWAYA INT'L LLC),KSB-0293,  500 ,7/22/2024
5/22/2024,5/27/2024,163/24xk,0006/LEBANON,FADI SAWAYA SAL (SAWAYA INT'L LLC),KSB-0886,  300 ,7/22/2024
5/22/2024,5/27/2024,163/24xk,0006/LEBANON,FADI SAWAYA SAL (SAWAYA INT'L LLC),KSB-0887,  300 ,7/22/2024
5/22/2024,5/27/2024,163/24xk,0006/LEBANON,FADI SAWAYA SAL (SAWAYA INT'L LLC),KSS-0295,  300 ,7/22/2024
5/22/2024,5/27/2024,163/24xk,0006/LEBANON,FADI SAWAYA SAL (SAWAYA INT'L LLC),KSS-0297,  300 ,7/22/2024
5/24/2024,5/27/2024,164/24XK,0013/ITALY,TECNIWORK S.P.A,KD3-2196,  500 ,7/31/2024
5/24/2024,5/27/2024,164/24XK,0013/ITALY,TECNIWORK S.P.A,KD3-2197,  500 ,7/31/2024
5/24/2024,5/27/2024,164/24XK,0013/ITALY,TECNIWORK S.P.A,KD3-2198,  500 ,7/31/2024
5/24/2024,5/27/2024,164/24XK,0013/ITALY,TECNIWORK S.P.A,KSS-2263,  100 ,7/31/2024
5/24/2024,5/27/2024,164/24XK,0013/ITALY,TECNIWORK S.P.A,KSS-2264,  100 ,7/31/2024
5/24/2024,5/27/2024,164/24XK,0013/ITALY,TECNIWORK S.P.A,KSS-2269,  500 ,7/31/2024
5/24/2024,5/27/2024,164/24Xk1,0013/ITALY,TECNIWORK S.P.A,KD3-2196,  1.000 ,8/31/2024
5/24/2024,5/27/2024,164/24Xk1,0013/ITALY,TECNIWORK S.P.A,KD3-2197,  1.000 ,8/31/2024
5/24/2024,5/27/2024,164/24Xk1,0013/ITALY,TECNIWORK S.P.A,KD3-2198,  300 ,8/31/2024
5/24/2024,5/27/2024,164/24Xk1,0013/ITALY,TECNIWORK S.P.A,KSS-2263,  900 ,8/31/2024
5/24/2024,5/27/2024,164/24Xk1,0013/ITALY,TECNIWORK S.P.A,KSS-2264,  900 ,8/31/2024
5/24/2024,5/27/2024,164/24Xk1,0013/ITALY,TECNIWORK S.P.A,KSS-2269,  500 ,8/31/2024
5/29/2024,,165/24xk,0249/KOREA,"WEME INTERNATIONAL CO., LTD",KSS-0488,  2.000 ,8/20/2024
5/29/2024,5/30/2024,166/24XK,0343/KOREA,SHINY GLOBAL,KD2-1000,  10.000 ,10/20/2024
5/29/2024,5/30/2024,166/24XK,0343/KOREA,SHINY GLOBAL,KD2-1001,  10.000 ,10/20/2024
5/29/2024,5/30/2024,166/24XK,0343/KOREA,SHINY GLOBAL,KD3-1116,  4.000 ,10/20/2024
5/29/2024,5/30/2024,166/24XK,0348/KOREA,SHINY GLOBAL,KD3-1577,  1.000 ,10/20/2024
5/29/2024,5/30/2024,166/24XK,0348/KOREA,SHINY GLOBAL,KD3-1578,  3.000 ,10/20/2024
5/30/2024,5/30/2024,167/24xk,0241/UAE,BEDASHING BEAUTY LOUNGE LLC,KD2-0339,  1.100 ,7/29/2024
5/30/2024,5/30/2024,167/24xk,0241/UAE,BEDASHING BEAUTY LOUNGE LLC,KSB-1488,  1.300 ,6/29/2024
5/30/2024,5/30/2024,167/24xk,0241/UAE,BEDASHING BEAUTY LOUNGE LLC,KSS-0338,  1.470 ,6/29/2024
5/30/2024,5/30/2024,168/24XK,0410/PAT,SETACO FOR IMPORT AND EXPORT (Patrick Ricco ),KD2-1316,  720 ,7/24/2024
5/30/2024,5/30/2024,168/24XK,0410/PAT,SETACO FOR IMPORT AND EXPORT (Patrick Ricco ),KD2-1319P,  600 ,7/24/2024
5/30/2024,5/30/2024,168/24XK,0410/PAT,SETACO FOR IMPORT AND EXPORT (Patrick Ricco ),KDT-1317,  720 ,7/24/2024
5/30/2024,5/30/2024,168/24XK,0410/PAT,SETACO FOR IMPORT AND EXPORT (Patrick Ricco ),KDT-1602,  720 ,7/24/2024
6/1/2024,6/3/2024,169/24XK,0470/LEBANON,TEC-NAILS COSMETICS,KD2-1479,  500 ,7/23/2024
6/1/2024,,169/24XK,0470/LEBANON,TEC-NAILS COSMETICS,KSK-2281,  500 ,7/30/2024
6/1/2024,6/5/2024,170/24XK,0026/GERMANY,ZWILLING Beauty Group GmbH,KD2-0211,  1.000 ,9/26/2024
6/1/2024,6/5/2024,170/24XK,0026/GERMANY,ZWILLING Beauty Group GmbH,KD2-0568,  1.000 ,9/26/2024
6/1/2024,6/5/2024,170/24XK,0026/GERMANY,ZWILLING Beauty Group GmbH,KM2-0212,  1.200 ,9/26/2024
6/1/2024,6/11/2024,170/24XK,0026/GERMANY,ZWILLING Beauty Group GmbH,KSS-0213,  1.200 ,11/26/2024
6/1/2024,6/11/2024,170/24XK,0026/GERMANY,ZWILLING Beauty Group GmbH,KSS-0228,  1.200 ,10/28/2024
6/1/2024,6/11/2024,170/24XK,0026/GERMANY,ZWILLING Beauty Group GmbH,KSS-0367,  6.000 ,11/20/2024
6/1/2024,6/11/2024,170/24XK,0026/GERMANY,ZWILLING Beauty Group GmbH,KSS-0714,  1.200 ,9/20/2024
6/1/2024,6/5/2024,170/24XK1,0026/GERMANY,ZWILLING Beauty Group GmbH,KM2-0212,  1.200 ,10/19/2024
6/1/2024,6/11/2024,170/24XK1,0026/GERMANY,ZWILLING Beauty Group GmbH,KSS-0714,  1.200 ,10/20/2024
6/3/2024,6/5/2024,171/24xk,0223/korea,JENIPER,KD2-0831,  500 ,8/26/2024
6/3/2024,6/5/2024,171/24xk,0223/korea,JENIPER,KD2-0832,  500 ,8/26/2024
6/3/2024,6/5/2024,171/24xk,0223/korea,JENIPER,KDT-1440,  2.000 ,8/26/2024
5/24/2024,6/11/2024,172/24XK,0529/USA,MICRO BURS COMPANY,KD.43,  250 ,7/13/2024
6/6/2024,6/11/2024,173/24xk,0425/CHINA,Guangzhou Xingdian Nail Products Company Limited,B.902NC,  720 ,7/13/2024
6/6/2024,6/11/2024,173/24xk,0425/CHINA,Guangzhou Xingdian Nail Products Company Limited,S.507NC,  360 ,7/13/2024
6/7/2024,6/11/2024,174/24XK,0211/JAPAN,MARUTO HASEGAWA KOSAKUJO INC.,KSK-0490,  500 ,8/14/2024
6/5/2024,6/11/2024,175/24XK,0425/CHINA,Guangzhou Xingdian Nail Products Company Limited,KD2-2289,  10 ,7/8/2024
6/5/2024,6/11/2024,175/24XK,0425/CHINA,Guangzhou Xingdian Nail Products Company Limited,KD2-2290,  10 ,7/8/2024
5/16/2024,6/11/2024,176/24xk,0542/TURKEY,DOĞUŞ KOZMETİK GIDA İNŞ. TURZ. TİC. A.Ş.,C.04TR-3.5mm,  1.000 ,10/3/2024
5/16/2024,6/11/2024,176/24xk,0542/TURKEY,DOĞUŞ KOZMETİK GIDA İNŞ. TURZ. TİC. A.Ş.,C.04TR-5mm,  1.000 ,8/28/2024
5/16/2024,6/11/2024,176/24xk,0542/TURKEY,DOĞUŞ KOZMETİK GIDA İNŞ. TURZ. TİC. A.Ş.,C.04TR-7mm,  1.000 ,8/28/2024
5/16/2024,6/11/2024,176/24xk,0542/TURKEY,DOĞUŞ KOZMETİK GIDA İNŞ. TURZ. TİC. A.Ş.,C.06TR-3.5mm,  1.000 ,10/3/2024
5/16/2024,6/11/2024,176/24xk,0542/TURKEY,DOĞUŞ KOZMETİK GIDA İNŞ. TURZ. TİC. A.Ş.,C.06TR-5mm,  1.000 ,8/28/2024
5/16/2024,6/11/2024,176/24xk,0542/TURKEY,DOĞUŞ KOZMETİK GIDA İNŞ. TURZ. TİC. A.Ş.,C.06TR-7mm,  1.000 ,8/28/2024
5/16/2024,6/11/2024,176/24xk,0542/TURKEY,DOĞUŞ KOZMETİK GIDA İNŞ. TURZ. TİC. A.Ş.,C.07TR-3.5mm,  1.000 ,11/6/2024
5/16/2024,6/11/2024,176/24xk,0542/TURKEY,DOĞUŞ KOZMETİK GIDA İNŞ. TURZ. TİC. A.Ş.,C.07TR-5mm,  1.000 ,8/28/2024
5/16/2024,6/11/2024,176/24xk,0542/TURKEY,DOĞUŞ KOZMETİK GIDA İNŞ. TURZ. TİC. A.Ş.,C.07TR-7mm,  1.000 ,8/28/2024
5/16/2024,6/11/2024,176/24xk,0542/TURKEY,DOĞUŞ KOZMETİK GIDA İNŞ. TURZ. TİC. A.Ş.,C.08TR-3.5mm,  1.000 ,10/3/2024
5/16/2024,6/11/2024,176/24xk,0542/TURKEY,DOĞUŞ KOZMETİK GIDA İNŞ. TURZ. TİC. A.Ş.,C.08TR-5mm,  1.000 ,8/28/2024
5/16/2024,6/11/2024,176/24xk,0542/TURKEY,DOĞUŞ KOZMETİK GIDA İNŞ. TURZ. TİC. A.Ş.,C.08TR-7mm,  1.000 ,8/28/2024
5/16/2024,6/11/2024,176/24xk,0542/TURKEY,DOĞUŞ KOZMETİK GIDA İNŞ. TURZ. TİC. A.Ş.,C.36TR-3.5mm,  1.000 ,11/6/2024
5/16/2024,6/11/2024,176/24xk,0542/TURKEY,DOĞUŞ KOZMETİK GIDA İNŞ. TURZ. TİC. A.Ş.,C.36TR-5mm,  1.000 ,8/28/2024
5/16/2024,6/11/2024,176/24xk,0542/TURKEY,DOĞUŞ KOZMETİK GIDA İNŞ. TURZ. TİC. A.Ş.,C.36TR-7mm,  1.000 ,8/28/2024
5/16/2024,6/11/2024,176/24xk,0542/TURKEY,DOĞUŞ KOZMETİK GIDA İNŞ. TURZ. TİC. A.Ş.,CL.101TR-3.5mm,  1.000 ,9/5/2024
5/16/2024,6/11/2024,176/24xk,0542/TURKEY,DOĞUŞ KOZMETİK GIDA İNŞ. TURZ. TİC. A.Ş.,CL.101TR-5mm,  1.000 ,9/5/2024
5/16/2024,6/11/2024,176/24xk,0542/TURKEY,DOĞUŞ KOZMETİK GIDA İNŞ. TURZ. TİC. A.Ş.,CL.101TR-7mm,  1.000 ,9/5/2024
5/16/2024,6/11/2024,176/24xk,0542/TURKEY,DOĞUŞ KOZMETİK GIDA İNŞ. TURZ. TİC. A.Ş.,CL.206TR-3.5mm,  1.000 ,10/3/2024
5/16/2024,6/11/2024,176/24xk,0542/TURKEY,DOĞUŞ KOZMETİK GIDA İNŞ. TURZ. TİC. A.Ş.,CL.206TR-5mm,  1.000 ,8/28/2024
5/16/2024,6/11/2024,176/24xk,0542/TURKEY,DOĞUŞ KOZMETİK GIDA İNŞ. TURZ. TİC. A.Ş.,CL.206TR-7mm,  1.000 ,8/28/2024
5/16/2024,6/11/2024,176/24xk,0542/TURKEY,DOĞUŞ KOZMETİK GIDA İNŞ. TURZ. TİC. A.Ş.,CL.207TR-3.5mm,  1.000 ,11/6/2024
5/16/2024,6/11/2024,176/24xk,0542/TURKEY,DOĞUŞ KOZMETİK GIDA İNŞ. TURZ. TİC. A.Ş.,CL.207TR-5mm,  1.000 ,8/28/2024
5/16/2024,6/11/2024,176/24xk,0542/TURKEY,DOĞUŞ KOZMETİK GIDA İNŞ. TURZ. TİC. A.Ş.,CL.207TR-7mm,  1.000 ,8/28/2024
5/16/2024,6/11/2024,176/24xk,0542/TURKEY,DOĞUŞ KOZMETİK GIDA İNŞ. TURZ. TİC. A.Ş.,CL.209TR-12mm,  500 ,9/12/2024
5/16/2024,6/11/2024,176/24xk,0542/TURKEY,DOĞUŞ KOZMETİK GIDA İNŞ. TURZ. TİC. A.Ş.,CL.212TR-8mm,  500 ,8/28/2024
5/16/2024,6/11/2024,176/24xk,0542/TURKEY,DOĞUŞ KOZMETİK GIDA İNŞ. TURZ. TİC. A.Ş.,CL.S02TR-5mm,  1.000 ,8/28/2024
6/11/2024,6/13/2024,177/24xk,0475/CHINA,"NINGBO CENTURY TIMES IMPORT AND EXPORT CO., LTD",KD2-1820,  1.000 ,9/14/2024
6/11/2024,6/13/2024,177/24xk,0475/CHINA,"NINGBO CENTURY TIMES IMPORT AND EXPORT CO., LTD",KDT-1800,  20.000 ,9/14/2024
6/11/2024,6/13/2024,177/24xk,0475/CHINA,"NINGBO CENTURY TIMES IMPORT AND EXPORT CO., LTD",KDT-1802,  5.000 ,9/14/2024
6/11/2024,6/13/2024,177/24xk,0475/CHINA,"NINGBO CENTURY TIMES IMPORT AND EXPORT CO., LTD",KDT-1836,  1.000 ,9/14/2024
6/5/2024,6/14/2024,178/24xk,0543/LITHUANIA,UAB “Plienas Meistras”,KSK-2282,  50 ,7/22/2024
6/5/2024,6/14/2024,178/24xk,0543/LITHUANIA,UAB “Plienas Meistras”,KSK-2283,  50 ,7/22/2024
6/5/2024,6/14/2024,178/24xk,0543/LITHUANIA,UAB “Plienas Meistras”,KSK-2284,  50 ,7/22/2024
6/5/2024,6/14/2024,178/24xk,0543/LITHUANIA,UAB “Plienas Meistras”,KSK-2285,  50 ,7/22/2024
6/5/2024,6/14/2024,178/24xk,0543/LITHUANIA,UAB “Plienas Meistras”,KSK-2286,  50 ,7/22/2024
6/5/2024,6/14/2024,178/24xk,0543/LITHUANIA,UAB “Plienas Meistras”,KSK-2287,  50 ,7/22/2024
6/5/2024,6/14/2024,178/24xk,0543/LITHUANIA,UAB “Plienas Meistras”,KSK-2288,  50 ,7/22/2024
6/12/2024,6/14/2024,179/24XK,0339/EGYPT,A.Y.M. for Import & Export Co.,C.111,  1.000 ,7/15/2024
6/12/2024,6/14/2024,179/24XK,0339/EGYPT,A.Y.M. for Import & Export Co.,N.111,  120 ,7/15/2024
6/12/2024,6/14/2024,179/24XK,0339/EGYPT,A.Y.M. for Import & Export Co.,P.08,  120 ,7/15/2024
5/16/2024,6/14/2024,180/24xk,0246/KOREA,PARAN NAIL ,KD2-0275,  500 ,8/20/2024
5/16/2024,6/14/2024,180/24xk,0246/KOREA,PARAN NAIL ,KD2-0574,  1.500 ,8/20/2024
5/16/2024,6/14/2024,180/24xk,0246/KOREA,PARAN NAIL ,KD2-2294,  2.000 ,8/20/2024
6/13/2024,6/19/2024,181/24XK,NNC,NNC,B.901,  14.400 ,7/31/2024
6/13/2024,6/19/2024,181/24XK,NNC,NNC,B.902,  900 ,7/31/2024
6/13/2024,6/19/2024,181/24XK,NNC,NNC,D.03-16,  3.060 ,7/31/2024
6/13/2024,6/19/2024,181/24XK,NNC,NNC,D.05-12,  360 ,7/31/2024
6/13/2024,6/19/2024,181/24XK,NNC,NNC,D.05-14,  1.800 ,7/31/2024
6/13/2024,6/19/2024,181/24XK,NNC,NNC,D.05V-12,  720 ,8/6/2024
6/13/2024,6/19/2024,181/24XK,NNC,NNC,D.05V-14,  1.200 ,8/6/2024
6/13/2024,6/19/2024,181/24XK,NNC,NNC,D.05V-16,  840 ,8/6/2024
6/13/2024,6/19/2024,181/24XK,NNC,NNC,D.06-14,  900 ,7/31/2024
6/13/2024,6/19/2024,181/24XK,NNC,NNC,D.07-14,  3.480 ,7/31/2024
6/13/2024,6/19/2024,181/24XK,NNC,NNC,D.07-16,  14.400 ,7/31/2024
6/13/2024,6/19/2024,181/24XK,NNC,NNC,D.08-12,  480 ,7/31/2024
6/13/2024,6/19/2024,181/24XK,NNC,NNC,D.09-14,  1.560 ,7/31/2024
6/13/2024,6/19/2024,181/24XK,NNC,NNC,D.09-16,  2.280 ,7/31/2024
6/13/2024,6/19/2024,181/24XK,NNC,NNC,D.501,  14.400 ,7/31/2024
6/13/2024,6/19/2024,181/24XK,NNC,NNC,D.506,  300 ,7/31/2024
6/13/2024,6/19/2024,181/24XK,NNC,NNC,D.555KD,  11.160 ,7/31/2024
6/13/2024,6/19/2024,181/24XK,NNC,NNC,M.01,  1.080 ,8/22/2024
6/13/2024,6/19/2024,181/24XK,NNC,NNC,M.501,  360 ,7/31/2024
6/13/2024,6/19/2024,181/24XK,NNC,NNC,M.555KD,  720 ,7/31/2024
6/13/2024,6/19/2024,181/24XK,NNC,NNC,N.404,  2.160 ,7/31/2024
6/13/2024,6/19/2024,181/24XK,NNC,NNC,N.405,  900 ,7/31/2024
6/13/2024,6/19/2024,181/24XK,NNC,NNC,N.425XL,  180 ,7/31/2024
6/13/2024,6/19/2024,181/24XK,NNC,NNC,S.504,  360 ,7/31/2024
6/13/2024,6/19/2024,181/24XK,NNC,NNC,S.505,  180 ,7/31/2024
6/13/2024,6/19/2024,181/24XK,NNC,NNC,S.506,  9.000 ,7/31/2024
6/13/2024,6/19/2024,181/24XK,NNC,NNC,S.507,  1.080 ,7/31/2024
6/11/2024,6/19/2024,182/24xk,0502/ITALY,MOROCUTTI GIOVANNI SRL,KD2-1891,  300 ,8/26/2024
6/11/2024,6/19/2024,182/24xk,0502/ITALY,MOROCUTTI GIOVANNI SRL,KD2-1892,  480 ,8/26/2024
6/11/2024,6/19/2024,182/24xk,0502/ITALY,MOROCUTTI GIOVANNI SRL,KD2-1893,  420 ,8/26/2024
6/11/2024,6/19/2024,182/24xk,0502/ITALY,MOROCUTTI GIOVANNI SRL,KM2-1889,  500 ,8/26/2024
6/11/2024,6/19/2024,182/24xk,0502/ITALY,MOROCUTTI GIOVANNI SRL,KM2-1894,  500 ,8/26/2024
6/11/2024,6/19/2024,182/24xk,0502/ITALY,MOROCUTTI GIOVANNI SRL,KM2-1895,  500 ,8/26/2024
6/17/2024,6/19/2024,183/24xk,0544/LEBANON,FREDDY HOUSE LEBANON,C.05-12,  360 ,7/25/2024
6/17/2024,6/19/2024,183/24xk,0544/LEBANON,FREDDY HOUSE LEBANON,C.05-14,  480 ,7/25/2024
6/17/2024,6/19/2024,183/24xk,0544/LEBANON,FREDDY HOUSE LEBANON,C.07-14,  480 ,7/25/2024
6/17/2024,6/19/2024,183/24xk,0544/LEBANON,FREDDY HOUSE LEBANON,C.111,  480 ,7/25/2024
6/17/2024,6/19/2024,183/24xk,0544/LEBANON,FREDDY HOUSE LEBANON,C.35-12,  360 ,7/25/2024
6/17/2024,6/19/2024,183/24xk,0544/LEBANON,FREDDY HOUSE LEBANON,C.35-14,  360 ,7/25/2024
5/30/2024,6/20/2024,184/24xk,0528/SPAIN,TIENDA CHICARU,CL.209-12mm,  3 ,8/24/2024
5/30/2024,6/20/2024,184/24xk,0528/SPAIN,TIENDA CHICARU,CL.212-8mm,  3 ,8/24/2024
5/30/2024,6/20/2024,184/24xk,0528/SPAIN,TIENDA CHICARU,CL.214-10mm,  3 ,8/24/2024
5/30/2024,6/20/2024,184/24xk,0528/SPAIN,TIENDA CHICARU,CL.215-10mm,  3 ,8/24/2024
5/30/2024,6/20/2024,184/24xk,0528/SPAIN,TIENDA CHICARU,CL.S02-5mm,  3 ,8/24/2024
5/30/2024,6/20/2024,184/24xk,0528/SPAIN,TIENDA CHICARU,KD2-2280,  50 ,8/24/2024
8/6/2024,6/20/2024,185/24xk,KDQT,HÀNG TỒN,C.07-5mm,  100 ,hủy
8/6/2024,6/20/2024,185/24xk,KDQT,HÀNG TỒN,NL.208,  50 ,hủy
6/19/2024,6/21/2024,186/24xk,0545/ITALY,CREO SRL,C.04-5MM,  720 ,7/29/2024
6/19/2024,6/21/2024,186/24xk,0545/ITALY,CREO SRL,C.04-6MM,  1.440 ,7/29/2024
6/19/2024,6/21/2024,186/24xk,0545/ITALY,CREO SRL,C.04-7MM,  720 ,7/29/2024
6/19/2024,6/21/2024,186/24xk,0545/ITALY,CREO SRL,C.07-12,  180 ,9/29/2024
6/19/2024,6/21/2024,186/24xk,0545/ITALY,CREO SRL,C.07-16,  540 ,9/29/2024
6/19/2024,6/21/2024,186/24xk,0545/ITALY,CREO SRL,C.07-5MM,  180 ,7/29/2024
6/19/2024,6/21/2024,186/24xk,0545/ITALY,CREO SRL,C.07-7MM,  180 ,7/29/2024
6/19/2024,6/21/2024,186/24xk,0545/ITALY,CREO SRL,C.114,  360 ,7/29/2024
6/19/2024,6/21/2024,186/24xk,0545/ITALY,CREO SRL,C.118,  720 ,7/29/2024
6/19/2024,6/21/2024,186/24xk,0545/ITALY,CREO SRL,CL.206-5MM,  120 ,8/29/2024
6/19/2024,6/21/2024,186/24xk,0545/ITALY,CREO SRL,CL.206-6MM,  120 ,8/29/2024
6/19/2024,6/21/2024,186/24xk,0545/ITALY,CREO SRL,CL.206-7MM,  120 ,7/29/2024
6/19/2024,6/21/2024,186/24xk,0545/ITALY,CREO SRL,Cl.S01-7mm,  360 ,8/29/2024
6/19/2024,6/21/2024,186/24xk,0545/ITALY,CREO SRL,CL.S02-5mm,  360 ,8/29/2024
6/19/2024,6/21/2024,186/24xk,0545/ITALY,CREO SRL,NC.01,  720 ,7/29/2024
6/19/2024,6/21/2024,186/24xk,0545/ITALY,CREO SRL,NC.02,  720 ,7/29/2024
6/19/2024,6/21/2024,186/24xk,0545/ITALY,CREO SRL,NC.05,  360 ,7/29/2024
6/19/2024,6/21/2024,186/24xk,0545/ITALY,CREO SRL,NL.102,  360 ,8/29/2024
6/19/2024,6/21/2024,186/24xk,0545/ITALY,CREO SRL,NL.201,  360 ,8/29/2024
6/19/2024,6/21/2024,186/24xk,0545/ITALY,CREO SRL,NL.202,  360 ,8/29/2024
6/19/2024,6/21/2024,186/24xk,0545/ITALY,CREO SRL,NL.205,  360 ,8/29/2024
6/19/2024,6/21/2024,186/24xk,0545/ITALY,CREO SRL,NL.210,  360 ,8/29/2024
6/19/2024,6/21/2024,186/24xk,0545/ITALY,CREO SRL,P.03,  720 ,7/29/2024
6/19/2024,6/21/2024,186/24xk,0545/ITALY,CREO SRL,P.05,  720 ,7/29/2024
6/19/2024,6/21/2024,186/24xk,0545/ITALY,CREO SRL,P.08,  1.440 ,7/29/2024
6/19/2024,6/21/2024,186/24xk,0545/ITALY,CREO SRL,P.10,  720 ,7/29/2024
6/19/2024,6/21/2024,186/24xk,0545/ITALY,CREO SRL,P.12,  720 ,7/29/2024
6/19/2024,6/26/2024,187/24XK,0531/CHINA,"TONG DE INDUSTRY AND TRADE (YANGJIANG YANGDONG DISTRICT) CO., LTD",KD2-2292,  200 ,8/26/2024
6/19/2024,7/18/2024,187/24XK,0531/CHINA,"TONG DE INDUSTRY AND TRADE (YANGJIANG YANGDONG DISTRICT) CO., LTD",KD2-2293,  200 ,9/13/2024
6/19/2024,6/26/2024,187/24XK,0531/CHINA,"TONG DE INDUSTRY AND TRADE (YANGJIANG YANGDONG DISTRICT) CO., LTD",KM2-2291,  200 ,8/26/2024
6/18/2024,6/21/2024,188/24xk,0525/PANAMA,LDA BUSINESS INC 1,CL.205-5mm,  50 ,7/26/2024
6/18/2024,6/21/2024,188/24xk,0525/PANAMA,LDA BUSINESS INC 1,Cl.205-7mm,  50 ,7/26/2024
6/18/2024,6/21/2024,188/24xk,0525/PANAMA,LDA BUSINESS INC 1,CL.206-7mm,  50 ,7/26/2024
6/18/2024,6/21/2024,188/24xk,0525/PANAMA,LDA BUSINESS INC 1,CL.207-5mm,  50 ,7/26/2024
6/18/2024,6/21/2024,188/24xk,0525/PANAMA,LDA BUSINESS INC 1,CL.207-7mm,  50 ,7/26/2024
6/18/2024,6/21/2024,188/24xk,0525/PANAMA,LDA BUSINESS INC 1,CL.223-8mm,  50 ,hủy
6/18/2024,6/21/2024,188/24xk,0525/PANAMA,LDA BUSINESS INC 1,CL.S01-5mm,  50 ,7/26/2024
6/18/2024,6/21/2024,188/24xk,0525/PANAMA,LDA BUSINESS INC 1,CL.S01-7mm,  50 ,7/26/2024
6/18/2024,6/21/2024,188/24xk,0525/PANAMA,LDA BUSINESS INC 1,CL.S02-5mm,  50 ,7/26/2024
6/18/2024,6/21/2024,188/24xk,0525/PANAMA,LDA BUSINESS INC 1,HS.03,  20 ,7/26/2024
6/18/2024,6/21/2024,188/24xk,0525/PANAMA,LDA BUSINESS INC 1,HS.04,  20 ,7/26/2024
6/18/2024,6/21/2024,188/24xk,0525/PANAMA,LDA BUSINESS INC 1,KD.43,  50 ,7/26/2024
6/18/2024,6/21/2024,188/24xk,0525/PANAMA,LDA BUSINESS INC 1,KD.707,  50 ,7/26/2024
6/18/2024,6/21/2024,188/24xk,0525/PANAMA,LDA BUSINESS INC 1,NC.05,  50 ,7/26/2024
6/18/2024,6/21/2024,188/24xk,0525/PANAMA,LDA BUSINESS INC 1,NL.202,  20 ,7/26/2024
6/18/2024,6/21/2024,188/24xk,0525/PANAMA,LDA BUSINESS INC 1,NL.203,  20 ,7/26/2024
6/18/2024,6/21/2024,188/24xk,0525/PANAMA,LDA BUSINESS INC 1,P.12,  50 ,7/26/2024
6/18/2024,6/21/2024,188/24xk,0525/PANAMA,LDA BUSINESS INC 1,P.13,  50 ,7/26/2024
6/18/2024,6/21/2024,188/24xk,0525/PANAMA,LDA BUSINESS INC 1,P.14,  50 ,7/26/2024
6/18/2024,6/21/2024,188/24xk,0525/PANAMA,LDA BUSINESS INC 1,P.15,  100 ,7/26/2024
6/18/2024,6/21/2024,188/24xk,0525/PANAMA,LDA BUSINESS INC 1,P.17,  100 ,7/26/2024
6/18/2024,7/18/2024,188/24xk,0525/PANAMA,LDA BUSINESS INC 1,T.10,  50 ,HỦY
6/18/2024,7/18/2024,188/24xk,0525/PANAMA,LDA BUSINESS INC 1,t.11,  50 ,HỦY
6/12/2024,6/21/2024,189/24xk,KDQT,HÀNG TỒN,C.07-12,  3 ,7/5/2024
6/12/2024,6/21/2024,189/24xk,KDQT,HÀNG TỒN,C.07-16,  5 ,7/5/2024
6/12/2024,6/21/2024,189/24xk,KDQT,HÀNG TỒN,KD.43,  5 ,7/5/2024
6/12/2024,6/21/2024,189/24xk,KDQT,HÀNG TỒN,KD.707,  5 ,7/5/2024
6/12/2024,6/21/2024,189/24xk,KDQT,HÀNG TỒN,NL.203,  5 ,7/5/2024
6/12/2024,6/21/2024,189/24xk,KDQT,HÀNG TỒN,NL.204,  4 ,7/5/2024
6/12/2024,6/21/2024,189/24xk,KDQT,HÀNG TỒN,NL.209,  5 ,7/5/2024
6/12/2024,6/21/2024,189/24xk,KDQT,HÀNG TỒN,P.03,  5 ,7/5/2024
6/12/2024,6/21/2024,189/24xk,KDQT,HÀNG TỒN,P.08,  5 ,7/5/2024
6/12/2024,6/21/2024,189/24xk,KDQT,HÀNG TỒN,P.12,  5 ,7/5/2024
6/12/2024,6/21/2024,189/24xk,KDQT,HÀNG TỒN,P.13,  5 ,7/5/2024
6/12/2024,6/21/2024,189/24xk,KDQT,HÀNG TỒN,P.14,  5 ,7/5/2024
6/12/2024,6/21/2024,189/24xk,KDQT,HÀNG TỒN,P.15,  5 ,7/5/2024
6/12/2024,6/21/2024,189/24xk,KDQT,HÀNG TỒN,P.17,  5 ,7/5/2024
6/12/2024,6/21/2024,189/24xk,KDQT,HÀNG TỒN,T.02,  3 ,7/5/2024
6/12/2024,6/21/2024,189/24xk,KDQT,HÀNG TỒN,T.05,  2 ,7/5/2024
6/18/2024,6/26/2024,190/24xk,KDQT,HÀNG TỒN,C.07-3.5MM,  -   ,7/29/2024
6/18/2024,6/26/2024,190/24xk,KDQT,HÀNG TỒN,C.07-5MM,  -   ,7/29/2024
6/18/2024,6/26/2024,190/24xk,KDQT,HÀNG TỒN,C.07-7mm,  1.000 ,7/29/2024
6/18/2024,6/26/2024,190/24xk,KDQT,HÀNG TỒN,C.36-12,  3.520 ,9/15/2024
6/18/2024,6/26/2024,190/24xk,KDQT,HÀNG TỒN,CL.206-5MM,  360 ,8/28/2024
6/18/2024,6/26/2024,190/24xk,KDQT,HÀNG TỒN,CL.206-7MM,  360 ,8/28/2024
6/18/2024,6/26/2024,190/24xk,KDQT,HÀNG TỒN,CL.207-10MM,  360 ,8/28/2024
6/18/2024,6/26/2024,190/24xk,KDQT,HÀNG TỒN,CL.207-7MM,  360 ,8/28/2024
6/18/2024,6/26/2024,190/24xk,KDQT,HÀNG TỒN,CL.209-12MM,  -   ,8/28/2024
6/18/2024,6/26/2024,190/24xk,KDQT,HÀNG TỒN,CL.210-12MM,  360 ,8/28/2024
6/18/2024,6/26/2024,190/24xk,KDQT,HÀNG TỒN,CL.211-10MM,  360 ,9/15/2024
6/18/2024,6/26/2024,190/24xk,KDQT,HÀNG TỒN,CL.212-8MM,  360 ,8/28/2024
6/18/2024,6/26/2024,190/24xk,KDQT,HÀNG TỒN,CL.S01-5MM,  360 ,8/28/2024
6/18/2024,6/26/2024,190/24xk,KDQT,HÀNG TỒN,CL.S01-7MM,  1.000 ,8/28/2024
6/18/2024,6/26/2024,190/24xk,KDQT,HÀNG TỒN,CL.S02-5MM,  360 ,8/28/2024
6/18/2024,6/26/2024,190/24xk,KDQT,HÀNG TỒN,KD2-2320,  500 ,hủy
6/18/2024,,190/24xk,KDQT,HÀNG TỒN,KD2-2321,  500 ,HỦY
6/18/2024,6/26/2024,190/24xk,KDQT,HÀNG TỒN,KD2-2322,  500 ,hủy
6/18/2024,6/26/2024,190/24xk,KDQT,HÀNG TỒN,KM2-1434,  500 ,hủy
6/18/2024,6/26/2024,190/24xk,KDQT,HÀNG TỒN,KM2-1485,  500 ,hủy
6/18/2024,6/26/2024,190/24xk,KDQT,HÀNG TỒN,KM2-1650,  1.000 ,hủy
6/18/2024,6/26/2024,190/24xk,KDQT,HÀNG TỒN,NL.102,  500 ,8/28/2024
6/18/2024,6/26/2024,190/24xk,KDQT,HÀNG TỒN,NL.201,  1.000 ,8/28/2024
6/18/2024,6/26/2024,190/24xk,KDQT,HÀNG TỒN,NL.202,  700 ,8/28/2024
6/18/2024,6/26/2024,190/24xk,KDQT,HÀNG TỒN,NL.203,  500 ,8/28/2024
6/18/2024,6/26/2024,190/24xk,KDQT,HÀNG TỒN,NL.204,  500 ,8/28/2024
6/18/2024,6/26/2024,190/24xk,KDQT,HÀNG TỒN,NL.205,  500 ,8/28/2024
6/18/2024,6/26/2024,190/24xk,KDQT,HÀNG TỒN,NL.210,  500 ,8/28/2024
6/18/2024,7/5/2024,191/24xk,0419/MEXICO,Oleksandr Zadorozhnyi,B.916C-HO,  30 ,8/26/2024
6/18/2024,7/5/2024,191/24xk,0419/MEXICO,Oleksandr Zadorozhnyi,B.916C-TR,  30 ,8/26/2024
6/18/2024,7/5/2024,191/24xk,0419/MEXICO,Oleksandr Zadorozhnyi,B.916C-VA,  30 ,8/26/2024
6/18/2024,7/5/2024,191/24xk,0419/MEXICO,Oleksandr Zadorozhnyi,B.916C-XL,  30 ,8/26/2024
6/18/2024,7/5/2024,191/24xk,0419/MEXICO,Oleksandr Zadorozhnyi,B.939DO,  30 ,8/26/2024
6/18/2024,7/5/2024,191/24xk,0419/MEXICO,Oleksandr Zadorozhnyi,B.939TI,  30 ,8/26/2024
6/18/2024,7/5/2024,191/24xk,0419/MEXICO,Oleksandr Zadorozhnyi,B.939XD,  30 ,8/26/2024
6/18/2024,7/5/2024,191/24xk,0419/MEXICO,Oleksandr Zadorozhnyi,B.939XL,  30 ,8/26/2024
6/18/2024,7/5/2024,191/24xk,0419/MEXICO,Oleksandr Zadorozhnyi,C.01-14,  50 ,8/26/2024
6/18/2024,7/5/2024,191/24xk,0419/MEXICO,Oleksandr Zadorozhnyi,C.01G-14,  50 ,8/26/2024
6/18/2024,7/5/2024,191/24xk,0419/MEXICO,Oleksandr Zadorozhnyi,C.03-12,  60 ,8/26/2024
6/18/2024,7/5/2024,191/24xk,0419/MEXICO,Oleksandr Zadorozhnyi,C.03-16,  60 ,8/26/2024
6/18/2024,7/5/2024,191/24xk,0419/MEXICO,Oleksandr Zadorozhnyi,C.04-12,  60 ,8/26/2024
6/18/2024,7/5/2024,191/24xk,0419/MEXICO,Oleksandr Zadorozhnyi,C.04-16,  60 ,8/26/2024
6/18/2024,7/5/2024,191/24xk,0419/MEXICO,Oleksandr Zadorozhnyi,C.05-12,  60 ,8/26/2024
6/18/2024,7/5/2024,191/24xk,0419/MEXICO,Oleksandr Zadorozhnyi,C.05-16,  60 ,8/26/2024
6/18/2024,7/5/2024,191/24xk,0419/MEXICO,Oleksandr Zadorozhnyi,C.06-12,  60 ,8/26/2024
6/18/2024,7/5/2024,191/24xk,0419/MEXICO,Oleksandr Zadorozhnyi,C.06-16,  60 ,8/26/2024
6/18/2024,7/5/2024,191/24xk,0419/MEXICO,Oleksandr Zadorozhnyi,C.07-12,  60 ,8/26/2024
6/18/2024,7/5/2024,191/24xk,0419/MEXICO,Oleksandr Zadorozhnyi,C.07-16,  60 ,8/26/2024
6/18/2024,7/5/2024,191/24xk,0419/MEXICO,Oleksandr Zadorozhnyi,C.07-3.5mm,  240 ,8/26/2024
6/18/2024,7/5/2024,191/24xk,0419/MEXICO,Oleksandr Zadorozhnyi,C.08-12,  60 ,8/26/2024
6/18/2024,7/5/2024,191/24xk,0419/MEXICO,Oleksandr Zadorozhnyi,C.08-16,  60 ,8/26/2024
6/18/2024,7/5/2024,191/24xk,0419/MEXICO,Oleksandr Zadorozhnyi,C.111,  240 ,8/26/2024
6/18/2024,7/5/2024,191/24xk,0419/MEXICO,Oleksandr Zadorozhnyi,C.114,  240 ,8/26/2024
6/18/2024,7/5/2024,191/24xk,0419/MEXICO,Oleksandr Zadorozhnyi,C.118,  240 ,8/26/2024
6/18/2024,7/5/2024,191/24xk,0419/MEXICO,Oleksandr Zadorozhnyi,C.35-12,  60 ,8/26/2024
6/18/2024,7/5/2024,191/24xk,0419/MEXICO,Oleksandr Zadorozhnyi,C.35-16,  60 ,8/26/2024
6/18/2024,7/5/2024,191/24xk,0419/MEXICO,Oleksandr Zadorozhnyi,C.36-12,  60 ,8/26/2024
6/18/2024,7/5/2024,191/24xk,0419/MEXICO,Oleksandr Zadorozhnyi,C.36-16,  60 ,8/26/2024
6/18/2024,7/5/2024,191/24xk,0419/MEXICO,Oleksandr Zadorozhnyi,C.37-12,  60 ,8/26/2024
6/18/2024,7/5/2024,191/24xk,0419/MEXICO,Oleksandr Zadorozhnyi,C.37-16,  60 ,8/26/2024
6/18/2024,7/5/2024,191/24xk,0419/MEXICO,Oleksandr Zadorozhnyi,CL.206-5MM,  240 ,8/26/2024
6/18/2024,7/5/2024,191/24xk,0419/MEXICO,Oleksandr Zadorozhnyi,CL.206-7MM,  120 ,8/26/2024
6/18/2024,7/5/2024,191/24xk,0419/MEXICO,Oleksandr Zadorozhnyi,EVO.01V-16,  30 ,8/26/2024
6/18/2024,7/5/2024,191/24xk,0419/MEXICO,Oleksandr Zadorozhnyi,EVO.02-16,  30 ,8/26/2024
6/18/2024,7/5/2024,191/24xk,0419/MEXICO,Oleksandr Zadorozhnyi,GS.08TC,  50 ,8/26/2024
6/18/2024,7/5/2024,191/24xk,0419/MEXICO,Oleksandr Zadorozhnyi,KD.701,  300 ,8/26/2024
6/18/2024,7/5/2024,191/24xk,0419/MEXICO,Oleksandr Zadorozhnyi,KD.702,  300 ,8/26/2024
6/18/2024,7/5/2024,191/24xk,0419/MEXICO,Oleksandr Zadorozhnyi,KD.708,  300 ,8/26/2024
6/18/2024,7/5/2024,191/24xk,0419/MEXICO,Oleksandr Zadorozhnyi,KD.709,  240 ,8/26/2024
6/18/2024,7/5/2024,191/24xk,0419/MEXICO,Oleksandr Zadorozhnyi,KD.710,  240 ,8/26/2024
6/18/2024,7/5/2024,191/24xk,0419/MEXICO,Oleksandr Zadorozhnyi,KD.711,  300 ,8/26/2024
6/18/2024,7/5/2024,191/24xk,0419/MEXICO,Oleksandr Zadorozhnyi,KD.716,  240 ,8/26/2024
6/18/2024,7/5/2024,191/24xk,0419/MEXICO,Oleksandr Zadorozhnyi,KDM.713,  120 ,8/26/2024
6/18/2024,7/5/2024,191/24xk,0419/MEXICO,Oleksandr Zadorozhnyi,KDM.717,  120 ,8/26/2024
6/18/2024,7/5/2024,191/24xk,0419/MEXICO,Oleksandr Zadorozhnyi,N.03,  120 ,8/26/2024
6/18/2024,7/5/2024,191/24xk,0419/MEXICO,Oleksandr Zadorozhnyi,N.04,  120 ,8/26/2024
6/18/2024,7/5/2024,191/24xk,0419/MEXICO,Oleksandr Zadorozhnyi,N.05,  120 ,8/26/2024
6/18/2024,7/5/2024,191/24xk,0419/MEXICO,Oleksandr Zadorozhnyi,N.07,  60 ,8/26/2024
6/18/2024,7/5/2024,191/24xk,0419/MEXICO,Oleksandr Zadorozhnyi,N.111,  180 ,8/26/2024
6/18/2024,7/5/2024,191/24xk,0419/MEXICO,Oleksandr Zadorozhnyi,N.112,  180 ,8/26/2024
6/18/2024,7/5/2024,191/24xk,0419/MEXICO,Oleksandr Zadorozhnyi,N.118,  240 ,8/26/2024
6/18/2024,7/5/2024,191/24xk,0419/MEXICO,Oleksandr Zadorozhnyi,NB.106C,  60 ,8/26/2024
6/18/2024,7/5/2024,191/24xk,0419/MEXICO,Oleksandr Zadorozhnyi,NC.01,  50 ,8/26/2024
6/18/2024,7/5/2024,191/24xk,0419/MEXICO,Oleksandr Zadorozhnyi,NC.02,  50 ,8/26/2024
6/18/2024,7/5/2024,191/24xk,0419/MEXICO,Oleksandr Zadorozhnyi,NC.03,  50 ,8/26/2024
6/18/2024,7/5/2024,191/24xk,0419/MEXICO,Oleksandr Zadorozhnyi,NC.04,  50 ,8/26/2024
6/18/2024,7/5/2024,191/24xk,0419/MEXICO,Oleksandr Zadorozhnyi,NL.102C,  60 ,8/26/2024
6/18/2024,7/5/2024,191/24xk,0419/MEXICO,Oleksandr Zadorozhnyi,NL.202,  240 ,8/26/2024
6/18/2024,7/5/2024,191/24xk,0419/MEXICO,Oleksandr Zadorozhnyi,NL.203,  120 ,8/26/2024
6/18/2024,7/5/2024,191/24xk,0419/MEXICO,Oleksandr Zadorozhnyi,NL.205,  120 ,8/26/2024
6/18/2024,7/5/2024,191/24xk,0419/MEXICO,Oleksandr Zadorozhnyi,NL.208,  120 ,8/26/2024
6/18/2024,7/5/2024,191/24xk,0419/MEXICO,Oleksandr Zadorozhnyi,P.01,  100 ,8/26/2024
6/18/2024,7/5/2024,191/24xk,0419/MEXICO,Oleksandr Zadorozhnyi,P.04,  200 ,8/26/2024
6/18/2024,7/5/2024,191/24xk,0419/MEXICO,Oleksandr Zadorozhnyi,P.15,  300 ,8/26/2024
6/18/2024,7/5/2024,191/24xk,0419/MEXICO,Oleksandr Zadorozhnyi,P.17,  200 ,8/26/2024
6/18/2024,7/5/2024,191/24xk,0419/MEXICO,Oleksandr Zadorozhnyi,T.03,  50 ,8/26/2024
6/18/2024,7/5/2024,191/24xk,0419/MEXICO,Oleksandr Zadorozhnyi,T.04,  50 ,8/26/2024
6/18/2024,7/5/2024,191/24xk,0419/MEXICO,Oleksandr Zadorozhnyi,T.05,  50 ,8/26/2024
6/18/2024,7/5/2024,191/24xk,0419/MEXICO,Oleksandr Zadorozhnyi,T.06,  50 ,8/26/2024
6/18/2024,7/5/2024,191/24xk,0419/MEXICO,Oleksandr Zadorozhnyi,T.07,  50 ,8/26/2024
6/18/2024,7/5/2024,191/24xk,0419/MEXICO,Oleksandr Zadorozhnyi,T.08,  50 ,8/26/2024
6/18/2024,7/5/2024,191/24xk,0419/MEXICO,Oleksandr Zadorozhnyi,T.09,  50 ,8/26/2024
6/25/2024,6/28/2024,192/24xk,0419/MEXICO,Oleksandr Zadorozhnyi,KSK-1972,  1.000 ,8/14/2024
6/25/2024,6/26/2024,193/24xk,0531/CHINA,"TONG DE INDUSTRY AND TRADE (YANGJIANG YANGDONG DISTRICT) CO., LTD",P.03,  360 ,6/29/2024
6/27/2024,6/28/2024,194/24xk,0425/CHINA,Guangzhou Xingdian Nail Products Company Limited,B.901NC,  1.080 ,10/10/2024
6/27/2024,6/28/2024,194/24xk,0425/CHINA,Guangzhou Xingdian Nail Products Company Limited,B.902NC,  1.080 ,10/10/2024
6/27/2024,6/28/2024,194/24xk,0425/CHINA,Guangzhou Xingdian Nail Products Company Limited,D.03-12NC,  720 ,10/10/2024
6/27/2024,6/28/2024,194/24xk,0425/CHINA,Guangzhou Xingdian Nail Products Company Limited,D.03-16NC,  360 ,10/10/2024
6/27/2024,6/28/2024,194/24xk,0425/CHINA,Guangzhou Xingdian Nail Products Company Limited,D.05V-12NC,  240 ,10/16/2024
6/27/2024,6/28/2024,194/24xk,0425/CHINA,Guangzhou Xingdian Nail Products Company Limited,D.05V-16NC,  120 ,10/16/2024
6/27/2024,6/28/2024,194/24xk,0425/CHINA,Guangzhou Xingdian Nail Products Company Limited,D.06-14NC,  360 ,10/10/2024
6/27/2024,6/28/2024,194/24xk,0425/CHINA,Guangzhou Xingdian Nail Products Company Limited,D.07-12NC,  10.800 ,10/10/2024
6/27/2024,6/28/2024,194/24xk,0425/CHINA,Guangzhou Xingdian Nail Products Company Limited,D.07-14NC,  10.800 ,10/10/2024
6/27/2024,6/28/2024,194/24xk,0425/CHINA,Guangzhou Xingdian Nail Products Company Limited,D.07-3.5NC,  1.440 ,10/10/2024
6/27/2024,6/28/2024,194/24xk,0425/CHINA,Guangzhou Xingdian Nail Products Company Limited,D.22NC,  10.800 ,10/10/2024
6/27/2024,6/28/2024,194/24xk,0425/CHINA,Guangzhou Xingdian Nail Products Company Limited,D.23NC,  3.600 ,10/10/2024
6/27/2024,6/28/2024,194/24xk,0425/CHINA,Guangzhou Xingdian Nail Products Company Limited,D.28NC,  720 ,10/10/2024
6/27/2024,6/28/2024,194/24xk,0425/CHINA,Guangzhou Xingdian Nail Products Company Limited,D.501-14NC,  21.600 ,10/10/2024
6/27/2024,6/28/2024,194/24xk,0425/CHINA,Guangzhou Xingdian Nail Products Company Limited,D.501NC,  36.000 ,10/10/2024
6/27/2024,6/28/2024,194/24xk,0425/CHINA,Guangzhou Xingdian Nail Products Company Limited,D.555NC,  3.600 ,10/10/2024
6/27/2024,6/28/2024,194/24xk,0425/CHINA,Guangzhou Xingdian Nail Products Company Limited,KD.701,  360 ,10/16/2024
6/27/2024,6/28/2024,194/24xk,0425/CHINA,Guangzhou Xingdian Nail Products Company Limited,KD.702,  360 ,10/16/2024
6/27/2024,6/28/2024,194/24xk,0425/CHINA,Guangzhou Xingdian Nail Products Company Limited,KD.703,  360 ,10/16/2024
6/27/2024,6/28/2024,194/24xk,0425/CHINA,Guangzhou Xingdian Nail Products Company Limited,KD.704,  360 ,10/16/2024
6/27/2024,6/28/2024,194/24xk,0425/CHINA,Guangzhou Xingdian Nail Products Company Limited,KD.705,  360 ,10/16/2024
6/27/2024,6/28/2024,194/24xk,0425/CHINA,Guangzhou Xingdian Nail Products Company Limited,KD.706,  360 ,10/16/2024
6/27/2024,6/28/2024,194/24xk,0425/CHINA,Guangzhou Xingdian Nail Products Company Limited,P.12,  360 ,10/10/2024
6/27/2024,6/28/2024,194/24xk,0425/CHINA,Guangzhou Xingdian Nail Products Company Limited,P.13,  720 ,10/10/2024
6/27/2024,6/28/2024,194/24xk,0425/CHINA,Guangzhou Xingdian Nail Products Company Limited,P.14,  360 ,10/10/2024
6/27/2024,6/28/2024,194/24xk,0425/CHINA,Guangzhou Xingdian Nail Products Company Limited,S.506NC,  720 ,10/10/2024
6/27/2024,6/28/2024,194/24xk,0425/CHINA,Guangzhou Xingdian Nail Products Company Limited,S.511NC,  1.080 ,10/10/2024
6/27/2024,6/28/2024,194/24xk,0425/CHINA,Guangzhou Xingdian Nail Products Company Limited,S.514NC,  720 ,10/10/2024
6/27/2024,6/28/2024,195/24XK,0425/CHINA,Guangzhou Xingdian Nail Products Company Limited,B.901NC,  1.800 ,8/31/2024
6/27/2024,6/28/2024,195/24XK,0425/CHINA,Guangzhou Xingdian Nail Products Company Limited,B.902NC,  1.800 ,8/31/2024
6/27/2024,6/28/2024,195/24XK,0425/CHINA,Guangzhou Xingdian Nail Products Company Limited,D.05V-12NC,  240 ,9/16/2024
6/27/2024,6/28/2024,195/24XK,0425/CHINA,Guangzhou Xingdian Nail Products Company Limited,D.05V-14NC,  120 ,9/16/2024
6/27/2024,6/28/2024,195/24XK,0425/CHINA,Guangzhou Xingdian Nail Products Company Limited,D.05V-16NC,  120 ,9/16/2024
6/27/2024,6/28/2024,195/24XK,0425/CHINA,Guangzhou Xingdian Nail Products Company Limited,D.06-12NC,  720 ,8/31/2024
6/27/2024,6/28/2024,195/24XK,0425/CHINA,Guangzhou Xingdian Nail Products Company Limited,D.06-14NC,  360 ,8/31/2024
6/27/2024,6/28/2024,195/24XK,0425/CHINA,Guangzhou Xingdian Nail Products Company Limited,D.07-12NC,  12.600 ,8/31/2024
6/27/2024,6/28/2024,195/24XK,0425/CHINA,Guangzhou Xingdian Nail Products Company Limited,D.07-14NC,  10.800 ,8/31/2024
6/27/2024,6/28/2024,195/24XK,0425/CHINA,Guangzhou Xingdian Nail Products Company Limited,D.07-3.5NC,  2.880 ,8/31/2024
6/27/2024,6/28/2024,195/24XK,0425/CHINA,Guangzhou Xingdian Nail Products Company Limited,D.22NC,  10.800 ,8/31/2024
6/27/2024,6/28/2024,195/24XK,0425/CHINA,Guangzhou Xingdian Nail Products Company Limited,D.23NC,  3.600 ,8/31/2024
6/27/2024,6/28/2024,195/24XK,0425/CHINA,Guangzhou Xingdian Nail Products Company Limited,D.501-14NC,  21.600 ,8/31/2024
6/27/2024,6/28/2024,195/24XK,0425/CHINA,Guangzhou Xingdian Nail Products Company Limited,D.501NC,  54.000 ,8/31/2024
6/27/2024,6/28/2024,195/24XK,0425/CHINA,Guangzhou Xingdian Nail Products Company Limited,D.555NC,  3.600 ,8/31/2024
6/27/2024,6/28/2024,195/24XK,0425/CHINA,Guangzhou Xingdian Nail Products Company Limited,S.511NC,  1.800 ,8/31/2024
5/29/2024,6/28/2024,196/24xk,KDQT,HC TNK,B.916C-HO,  10 ,8/31/2024
5/29/2024,6/28/2024,196/24xk,KDQT,HC TNK,B.916C-TR,  10 ,8/31/2024
5/29/2024,6/28/2024,196/24xk,KDQT,HC TNK,B.916C-VA,  10 ,8/31/2024
5/29/2024,6/28/2024,196/24xk,KDQT,HC TNK,B.916C-XL,  10 ,8/31/2024
5/29/2024,6/28/2024,196/24xk,KDQT,HC TNK,ES.01,  10 ,8/31/2024
5/29/2024,6/28/2024,196/24xk,KDQT,HC TNK,ES.03,  10 ,8/31/2024
5/29/2024,6/28/2024,196/24xk,KDQT,HC TNK,ES.04,  10 ,8/31/2024
5/29/2024,6/28/2024,196/24xk,KDQT,HC TNK,ES.05,  10 ,8/31/2024
5/29/2024,6/28/2024,196/24xk,KDQT,HC TNK,KD.701,  50 ,8/31/2024
5/29/2024,6/28/2024,196/24xk,KDQT,HC TNK,KD.702,  50 ,8/31/2024
5/29/2024,6/28/2024,196/24xk,KDQT,HC TNK,KD.703,  50 ,8/31/2024
5/29/2024,6/28/2024,196/24xk,KDQT,HC TNK,KD.704,  50 ,8/31/2024
5/29/2024,6/28/2024,196/24xk,KDQT,HC TNK,KD.705,  50 ,8/31/2024
5/29/2024,6/28/2024,196/24xk,KDQT,HC TNK,KD.706,  50 ,8/31/2024
5/29/2024,6/28/2024,196/24xk,KDQT,HC TNK,KD.707,  100 ,8/31/2024
5/29/2024,6/28/2024,196/24xk,KDQT,HC TNK,KD.708,  30 ,8/31/2024
5/29/2024,6/28/2024,196/24xk,KDQT,HC TNK,KD.709,  30 ,8/31/2024
5/29/2024,6/28/2024,196/24xk,KDQT,HC TNK,KD.710,  30 ,8/31/2024
5/29/2024,6/28/2024,196/24xk,KDQT,HC TNK,KD.711,  30 ,8/31/2024
5/29/2024,6/28/2024,196/24xk,KDQT,HC TNK,KD.712,  30 ,8/31/2024
5/29/2024,6/28/2024,196/24xk,KDQT,HC TNK,KD.714,  30 ,8/31/2024
5/29/2024,6/28/2024,196/24xk,KDQT,HC TNK,KD.715,  30 ,8/31/2024
5/29/2024,6/28/2024,196/24xk,KDQT,HC TNK,KD.716,  30 ,8/31/2024
5/29/2024,6/28/2024,196/24xk,KDQT,HC TNK,KDM.713,  30 ,8/31/2024
5/29/2024,6/28/2024,196/24xk,KDQT,HC TNK,KDM.717,  30 ,8/31/2024
5/29/2024,6/28/2024,196/24xk,KDQT,HC TNK,NC.01,  20 ,8/31/2024
5/29/2024,6/28/2024,196/24xk,KDQT,HC TNK,NC.02,  20 ,8/31/2024
5/29/2024,6/28/2024,196/24xk,KDQT,HC TNK,NC.03,  10 ,8/31/2024
5/29/2024,6/28/2024,196/24xk,KDQT,HC TNK,NC.04,  10 ,8/31/2024
5/29/2024,6/28/2024,196/24xk,KDQT,HC TNK,NC.05,  20 ,8/31/2024
5/29/2024,6/28/2024,196/24xk,KDQT,HC TNK,NC.06,  20 ,8/31/2024
5/29/2024,6/28/2024,196/24xk,KDQT,HC TNK,P.01,  20 ,8/31/2024
5/29/2024,6/28/2024,196/24xk,KDQT,HC TNK,P.02,  20 ,8/31/2024
5/29/2024,6/28/2024,196/24xk,KDQT,HC TNK,P.03,  20 ,8/31/2024
5/29/2024,6/28/2024,196/24xk,KDQT,HC TNK,P.04,  20 ,8/31/2024
5/29/2024,6/28/2024,196/24xk,KDQT,HC TNK,P.05,  20 ,8/31/2024
5/29/2024,6/28/2024,196/24xk,KDQT,HC TNK,P.08,  20 ,8/31/2024
5/29/2024,6/28/2024,196/24xk,KDQT,HC TNK,P.09,  20 ,8/31/2024
5/29/2024,6/28/2024,196/24xk,KDQT,HC TNK,P.10,  20 ,9/15/2024
5/29/2024,6/28/2024,196/24xk,KDQT,HC TNK,P.12,  20 ,8/31/2024
5/29/2024,6/28/2024,196/24xk,KDQT,HC TNK,P.13,  20 ,8/31/2024
5/29/2024,6/28/2024,196/24xk,KDQT,HC TNK,P.14,  20 ,8/31/2024
5/29/2024,6/28/2024,196/24xk,KDQT,HC TNK,P.15,  30 ,8/31/2024
5/29/2024,6/28/2024,196/24xk,KDQT,HC TNK,P.17,  30 ,8/31/2024
5/29/2024,6/28/2024,196/24xk,KDQT,HC TNK,T.01BL,  2 ,8/31/2024
5/29/2024,6/28/2024,196/24xk,KDQT,HC TNK,T.01BO,  2 ,8/31/2024
5/29/2024,6/28/2024,196/24xk,KDQT,HC TNK,T.01GR,  2 ,8/31/2024
5/29/2024,6/28/2024,196/24xk,KDQT,HC TNK,T.01PU,  2 ,8/31/2024
5/29/2024,6/28/2024,196/24xk,KDQT,HC TNK,T.01RE,  2 ,8/31/2024
5/29/2024,6/28/2024,196/24xk,KDQT,HC TNK,T.03,  10 ,8/31/2024
5/29/2024,6/28/2024,196/24xk,KDQT,HC TNK,T.04,  10 ,8/31/2024
5/29/2024,6/28/2024,196/24xk,KDQT,HC TNK,T.05,  10 ,8/31/2024
5/29/2024,6/28/2024,196/24xk,KDQT,HC TNK,T.06,  10 ,8/31/2024
5/29/2024,6/28/2024,196/24xk,KDQT,HC TNK,T.07,  10 ,8/31/2024
5/29/2024,6/28/2024,196/24xk,KDQT,HC TNK,T.08,  10 ,8/31/2024
5/29/2024,6/28/2024,196/24xk,KDQT,HC TNK,T.09,  10 ,8/31/2024
5/29/2024,6/28/2024,197/24xk,KDQT,HC TNK,C.01-6MM,  10 ,8/31/2024
5/29/2024,6/28/2024,197/24xk,KDQT,HC TNK,C.03-5MM,  30 ,8/31/2024
5/29/2024,6/28/2024,197/24xk,KDQT,HC TNK,C.03-7MM,  30 ,8/31/2024
5/29/2024,6/28/2024,197/24xk,KDQT,HC TNK,C.04-5MM,  30 ,8/31/2024
5/29/2024,6/28/2024,197/24xk,KDQT,HC TNK,C.04-6MM,  30 ,8/31/2024
5/29/2024,6/28/2024,197/24xk,KDQT,HC TNK,C.05-7MM,  20 ,8/31/2024
5/29/2024,6/28/2024,197/24xk,KDQT,HC TNK,C.06-7MM,  20 ,8/31/2024
5/29/2024,6/28/2024,197/24xk,KDQT,HC TNK,C.07-3.5MM,  50 ,8/31/2024
5/29/2024,6/28/2024,197/24xk,KDQT,HC TNK,C.07-5MM,  50 ,8/31/2024
5/29/2024,6/28/2024,197/24xk,KDQT,HC TNK,C.07-6MM,  50 ,8/31/2024
5/29/2024,6/28/2024,197/24xk,KDQT,HC TNK,C.08-5MM,  20 ,8/31/2024
5/29/2024,6/28/2024,197/24xk,KDQT,HC TNK,C.08-7MM,  20 ,8/31/2024
5/29/2024,6/28/2024,197/24xk,KDQT,HC TNK,C.111,  10 ,8/31/2024
5/29/2024,6/28/2024,197/24xk,KDQT,HC TNK,C.112,  10 ,8/31/2024
5/29/2024,6/28/2024,197/24xk,KDQT,HC TNK,C.114,  10 ,8/31/2024
5/29/2024,6/28/2024,197/24xk,KDQT,HC TNK,C.118,  10 ,8/31/2024
5/29/2024,6/28/2024,197/24xk,KDQT,HC TNK,C.35-5MM,  20 ,8/31/2024
5/29/2024,6/28/2024,197/24xk,KDQT,HC TNK,C.36-5MM,  20 ,8/31/2024
5/29/2024,6/28/2024,197/24xk,KDQT,HC TNK,C.37-5MM,  10 ,8/31/2024
5/29/2024,6/28/2024,197/24xk,KDQT,HC TNK,CL.201-5mm,  30 ,8/31/2024
5/29/2024,6/28/2024,197/24xk,KDQT,HC TNK,CL.201-7MM,  30 ,8/31/2024
5/29/2024,6/28/2024,197/24xk,KDQT,HC TNK,CL.203-5MM,  10 ,8/31/2024
5/29/2024,6/28/2024,197/24xk,KDQT,HC TNK,CL.205-5MM,  10 ,8/31/2024
5/29/2024,6/28/2024,197/24xk,KDQT,HC TNK,CL.205-7MM,  10 ,8/31/2024
5/29/2024,6/28/2024,197/24xk,KDQT,HC TNK,CL.206-5MM,  30 ,8/31/2024
5/29/2024,6/28/2024,197/24xk,KDQT,HC TNK,CL.206-7MM,  30 ,8/31/2024
5/29/2024,6/28/2024,197/24xk,KDQT,HC TNK,CL.207-10MM,  10 ,8/31/2024
5/29/2024,6/28/2024,197/24xk,KDQT,HC TNK,CL.209-12MM,  20 ,8/31/2024
5/29/2024,6/28/2024,197/24xk,KDQT,HC TNK,CL.210-12MM,  20 ,8/31/2024
5/29/2024,6/28/2024,197/24xk,KDQT,HC TNK,CL.211-10MM,  20 ,8/31/2024
5/29/2024,6/28/2024,197/24xk,KDQT,HC TNK,CL.212-8MM,  20 ,8/31/2024
5/29/2024,6/28/2024,197/24xk,KDQT,HC TNK,CL.213-10MM,  10 ,8/31/2024
5/29/2024,6/28/2024,197/24xk,KDQT,HC TNK,CL.214-10MM,  20 ,8/31/2024
5/29/2024,6/28/2024,197/24xk,KDQT,HC TNK,CL.221-10MM,  20 ,8/31/2024
5/29/2024,6/28/2024,197/24xk,KDQT,HC TNK,CL.223-8mm,  20 ,8/31/2024
5/29/2024,6/28/2024,197/24xk,KDQT,HC TNK,CL.S01-5MM,  20 ,8/31/2024
5/29/2024,6/28/2024,197/24xk,KDQT,HC TNK,CL.S02-5MM,  20 ,8/31/2024
5/29/2024,6/28/2024,197/24xk,KDQT,HC TNK,EVO.01V-16,  5 ,8/31/2024
5/29/2024,6/28/2024,197/24xk,KDQT,HC TNK,NL.201,  30 ,8/31/2024
5/29/2024,6/28/2024,197/24xk,KDQT,HC TNK,NL.202,  30 ,8/31/2024
5/29/2024,6/28/2024,197/24xk,KDQT,HC TNK,NL.203,  50 ,8/31/2024
5/29/2024,6/28/2024,197/24xk,KDQT,HC TNK,NL.204,  50 ,8/31/2024
5/29/2024,6/28/2024,197/24xk,KDQT,HC TNK,NL.205,  50 ,8/31/2024
5/29/2024,6/28/2024,197/24xk,KDQT,HC TNK,NL.206,  20 ,8/31/2024
5/29/2024,6/28/2024,197/24xk,KDQT,HC TNK,NL.207,  10 ,8/31/2024
5/29/2024,6/28/2024,197/24xk,KDQT,HC TNK,NL.208,  10 ,8/31/2024
5/29/2024,6/28/2024,197/24xk,KDQT,HC TNK,NL.210,  20 ,8/31/2024
7/3/2024,7/5/2024,198/24xk,00357 /THAI LAN,"NAIL PROFESSIONAL CO,LTD",C.04-14,  60 ,7/12/2024
7/3/2024,7/5/2024,198/24xk,00357 /THAI LAN,"NAIL PROFESSIONAL CO,LTD",C.07-14,  60 ,7/12/2024
7/3/2024,7/5/2024,198/24xk,00357 /THAI LAN,"NAIL PROFESSIONAL CO,LTD",C.112,  60 ,7/12/2024
7/3/2024,7/5/2024,198/24xk,00357 /THAI LAN,"NAIL PROFESSIONAL CO,LTD",C.118,  60 ,7/12/2024
7/3/2024,7/5/2024,198/24xk,00357 /THAI LAN,"NAIL PROFESSIONAL CO,LTD",D.205,  360 ,7/12/2024
7/2/2024,7/5/2024,199/24ND,CHAOBA,CHAOBA,B.901,  1.560 ,7/31/2024
7/2/2024,7/5/2024,199/24ND,CHAOBA,CHAOBA,D.01-16,  500 ,7/31/2024
7/2/2024,7/5/2024,199/24ND,CHAOBA,CHAOBA,D.04-12,  200 ,7/31/2024
7/2/2024,7/5/2024,199/24ND,CHAOBA,CHAOBA,D.05V-14,  120 ,8/12/2024
7/2/2024,7/5/2024,199/24ND,CHAOBA,CHAOBA,D.05V-16,  360 ,HỦY
7/2/2024,7/5/2024,199/24ND,CHAOBA,CHAOBA,D.06-12,  100 ,7/31/2024
7/2/2024,7/5/2024,199/24ND,CHAOBA,CHAOBA,D.07-16,  700 ,7/18/2024
7/2/2024,7/5/2024,199/24ND,CHAOBA,CHAOBA,D.501,  1.800 ,7/31/2024
7/2/2024,7/5/2024,199/24ND,CHAOBA,CHAOBA,D.555KD,  4.200 ,7/31/2024
7/2/2024,7/5/2024,199/24ND,CHAOBA,CHAOBA,S.508,  180 ,7/31/2024
7/2/2024,7/5/2024,199/24ND,CHAOBA,CHAOBA,S.511,  60 ,7/31/2024
7/2/2024,7/5/2024,199/24ND,CHAOBA,CHAOBA,S.512,  180 ,7/31/2024
7/2/2024,7/5/2024,199/24ND,CHAOBA,CHAOBA,S.514,  180 ,7/31/2024
7/2/2024,7/5/2024,199/24ND,CHAOBA,CHAOBA,S.517,  360 ,HỦY
7/2/2024,7/5/2024,199/24ND,CHAOBA,CHAOBA,S.519,  360 ,HỦY
6/28/2024,7/5/2024,200/24xk,0546/BULGARIA,Electromechanical Solutions LTD,C.04-3.5mm,  240 ,8/19/2024
6/28/2024,7/5/2024,200/24xk,0546/BULGARIA,Electromechanical Solutions LTD,C.04-5mm,  240 ,8/19/2024
6/28/2024,7/5/2024,200/24xk,0546/BULGARIA,Electromechanical Solutions LTD,C.04-6mm,  280 ,8/19/2024
6/28/2024,7/5/2024,200/24xk,0546/BULGARIA,Electromechanical Solutions LTD,C.07-3.5mm,  240 ,8/19/2024
6/28/2024,7/5/2024,200/24xk,0546/BULGARIA,Electromechanical Solutions LTD,C.07-5MM,  120 ,8/19/2024
6/28/2024,7/5/2024,200/24xk,0546/BULGARIA,Electromechanical Solutions LTD,C.07-6MM,  400 ,8/19/2024
6/28/2024,7/5/2024,200/24xk,0546/BULGARIA,Electromechanical Solutions LTD,C.07-7mm,  120 ,8/19/2024
6/28/2024,7/5/2024,200/24xk,0546/BULGARIA,Electromechanical Solutions LTD,KD.706,  60 ,8/19/2024
6/28/2024,7/5/2024,200/24xk,0546/BULGARIA,Electromechanical Solutions LTD,N.07,  60 ,8/19/2024
6/28/2024,7/5/2024,200/24xk,0546/BULGARIA,Electromechanical Solutions LTD,P.04,  120 ,8/19/2024
6/28/2024,7/5/2024,200/24xk,0546/BULGARIA,Electromechanical Solutions LTD,P.12,  120 ,8/19/2024
6/28/2024,7/5/2024,200/24xk,0546/BULGARIA,Electromechanical Solutions LTD,P.17,  120 ,8/19/2024
6/28/2024,7/5/2024,201/24xk,0547/USA,VONG V CHAU,C.01-14,  120 ,8/28/2024
6/28/2024,7/5/2024,201/24xk,0547/USA,VONG V CHAU,C.01-16,  120 ,8/28/2024
7/2/2024,7/5/2024,202/24xk,0330/SPAIN,COMERCIAL NEMESIO RUBIO SL,KD2-0791,  800 ,8/27/2024
7/2/2024,7/5/2024,202/24xk,0330/SPAIN,COMERCIAL NEMESIO RUBIO SL,KD2-0792,  500 ,8/27/2024
7/2/2024,7/5/2024,202/24xk,0330/SPAIN,COMERCIAL NEMESIO RUBIO SL,KDT-0793,  500 ,8/27/2024
7/2/2024,7/5/2024,202/24xk,0330/SPAIN,COMERCIAL NEMESIO RUBIO SL,KDT-1042,  700 ,8/27/2024
7/2/2024,7/5/2024,202/24xk,0330/SPAIN,COMERCIAL NEMESIO RUBIO SL,KSS-0796,  500 ,8/27/2024
7/3/2024,7/5/2024,203/24xk,0549/HUNGARY,Bolla Ildiko,KSK-2328,  100 ,7/8/2024
7/2/2024,7/18/2024,204/24XK,0482/PORTUGAL,DANTAS CORREIA & LEITÃO LDA,KSK-2323,  1.000 ,7/31/2024
7/2/2024,7/18/2024,205/24XK,0505/PORTUGAL,DUOBEAUTY UNIPESSOAL LDA,KSK-1868,  300 ,1/21/2025
7/2/2024,7/18/2024,205/24XK,0505/PORTUGAL,DUOBEAUTY UNIPESSOAL LDA,KSK-2189,  500 ,11/30/2024
7/2/2024,7/18/2024,205/24XK,0505/PORTUGAL,DUOBEAUTY UNIPESSOAL LDA,KSK-2190,  500 ,11/30/2024
7/2/2024,7/18/2024,205/24XK,0505/PORTUGAL,DUOBEAUTY UNIPESSOAL LDA,KSK-2191,  500 ,11/30/2024
7/2/2024,7/18/2024,205/24XK,0505/PORTUGAL,DUOBEAUTY UNIPESSOAL LDA,KSK-2192,  350 ,1/21/2025
7/2/2024,7/18/2024,205/24XK,0505/PORTUGAL,DUOBEAUTY UNIPESSOAL LDA,KSK-2193,  200 ,1/21/2025
7/2/2024,7/18/2024,205/24XK,0505/PORTUGAL,DUOBEAUTY UNIPESSOAL LDA,KSK-2194,  200 ,1/21/2025
7/2/2024,7/18/2024,205/24xk,0505/PORTUGAL,DUOBEAUTY UNIPESSOAL LDA,KSK-2419,  600 ,9/30/2024
7/3/2024,7/18/2024,206/24XK,0531/CHINA,"TONG DE INDUSTRY AND TRADE (YANGJIANG YANGDONG DISTRICT) CO., LTD",KSK-2305,  500 ,8/28/2024
7/3/2024,7/18/2024,206/24XK,0531/CHINA,"TONG DE INDUSTRY AND TRADE (YANGJIANG YANGDONG DISTRICT) CO., LTD",KSK-2306,  500 ,8/28/2024
7/2/2024,7/18/2024,207/24XK,0548/ISRAEL,DIDILAK LTD,KSK-2325,  500 ,8/24/2024
7/2/2024,7/18/2024,207/24XK,0548/ISRAEL,DIDILAK LTD,KSK-2326,  500 ,8/24/2024
7/2/2024,7/18/2024,207/24XK,0548/ISRAEL,DIDILAK LTD,KSS-2324,  500 ,8/24/2024
6/28/2024,7/18/2024,208/24XK,0035/KOREA,KARA BEAUTY NAIL CO.,KD2-0268,  3.000 ,8/29/2024
7/2/2024,7/18/2024,209/24XK,0425/CHINA,Guangzhou Xingdian Nail Products Company Limited,D.07-12NC,  1.800 ,10/12/2024
7/2/2024,7/18/2024,209/24XK,0425/CHINA,Guangzhou Xingdian Nail Products Company Limited,D.07-14NC,  1.800 ,10/12/2024
7/2/2024,7/18/2024,209/24XK,0425/CHINA,Guangzhou Xingdian Nail Products Company Limited,D.501NC,  720 ,10/12/2024
7/5/2024,7/18/2024,210/24xk,0531/CHINA,"TONG DE INDUSTRY AND TRADE (YANGJIANG YANGDONG DISTRICT) CO., LTD",KSK-2307,  500 ,8/28/2024
6/25/2024,7/18/2024,211/24XK,0205/JAPAN,HIKARI CORPORATION,KSK-2096,  500 ,9/20/2024
6/25/2024,7/18/2024,211/24XK,0205/JAPAN,HIKARI CORPORATION,KSK-2299,  500 ,9/20/2024
7/8/2024,7/10/2024,212/24xk,0544/LEBANON,FREDDY HOUSE LEBANON,C.01G-14,  60 ,8/27/2024
7/8/2024,7/10/2024,212/24xk,0544/LEBANON,FREDDY HOUSE LEBANON,C.04-14,  60 ,8/27/2024
7/8/2024,7/10/2024,212/24xk,0544/LEBANON,FREDDY HOUSE LEBANON,C.114,  100 ,8/27/2024
7/8/2024,7/10/2024,212/24xk,0544/LEBANON,FREDDY HOUSE LEBANON,C.118,  100 ,8/27/2024
8/7/2024,8/19/2024,212/24xk,0544/LEBANON,FREDDY HOUSE LEBANON,CL.S02-5MM,  80 ,8/31/2024
7/6/2024,7/18/2024,212/24XK,0544/LEBANON,FREDDY HOUSE LEBANON,KD2-2329,  500 ,8/27/2024
7/6/2024,7/18/2024,212/24XK,0544/LEBANON,FREDDY HOUSE LEBANON,KD2-2330,  500 ,8/27/2024
7/8/2024,7/10/2024,212/24xk,0544/LEBANON,FREDDY HOUSE LEBANON,P.01,  80 ,8/27/2024
7/8/2024,7/10/2024,212/24xk,0544/LEBANON,FREDDY HOUSE LEBANON,P.02,  80 ,8/27/2024
7/8/2024,7/10/2024,212/24xk,0544/LEBANON,FREDDY HOUSE LEBANON,P.04,  80 ,8/27/2024
7/8/2024,7/10/2024,212/24xk,0544/LEBANON,FREDDY HOUSE LEBANON,P.08,  80 ,8/27/2024
7/8/2024,7/10/2024,212/24xk,0544/LEBANON,FREDDY HOUSE LEBANON,P.12,  80 ,8/27/2024
7/8/2024,7/18/2024,213/24XK,0550/AZERBAIJAN,SALAHOV NATIG ADALAT,KD2-2316,  500 ,9/10/2024
7/8/2024,7/18/2024,213/24XK,0550/AZERBAIJAN,SALAHOV NATIG ADALAT,KD2-2317,  500 ,9/10/2024
7/8/2024,7/18/2024,213/24XK,0550/AZERBAIJAN,SALAHOV NATIG ADALAT,KD2-2318,  500 ,9/10/2024
7/8/2024,7/18/2024,213/24XK,0550/AZERBAIJAN,SALAHOV NATIG ADALAT,KD2-2319,  500 ,9/10/2024
7/8/2024,7/18/2024,213/24XK,0550/AZERBAIJAN,SALAHOV NATIG ADALAT,KD2-2320,  500 ,9/10/2024
7/8/2024,7/18/2024,213/24XK,0550/AZERBAIJAN,SALAHOV NATIG ADALAT,KD2-2321,  500 ,9/10/2024
7/8/2024,7/18/2024,213/24XK,0550/AZERBAIJAN,SALAHOV NATIG ADALAT,KD2-2322,  500 ,9/10/2024
7/8/2024,7/18/2024,213/24XK,0550/AZERBAIJAN,SALAHOV NATIG ADALAT,KM2-2313,  500 ,9/10/2024
7/8/2024,7/18/2024,213/24XK,0550/AZERBAIJAN,SALAHOV NATIG ADALAT,KM2-2314,  500 ,9/10/2024
7/8/2024,7/18/2024,213/24XK,0550/AZERBAIJAN,SALAHOV NATIG ADALAT,KM2-2315,  500 ,9/10/2024
7/8/2024,7/18/2024,213/24XK,0550/AZERBAIJAN,SALAHOV NATIG ADALAT,KSK-2308,  500 ,9/10/2024
7/8/2024,7/18/2024,213/24XK,0550/AZERBAIJAN,SALAHOV NATIG ADALAT,KSK-2309,  500 ,9/10/2024
7/8/2024,7/18/2024,213/24XK,0550/AZERBAIJAN,SALAHOV NATIG ADALAT,KSK-2310,  500 ,9/10/2024
7/8/2024,7/18/2024,213/24XK,0550/AZERBAIJAN,SALAHOV NATIG ADALAT,KSK-2311,  500 ,9/10/2024
7/8/2024,7/18/2024,213/24XK,0550/AZERBAIJAN,SALAHOV NATIG ADALAT,KSK-2312,  500 ,9/10/2024
7/10/2024,7/10/2024,214/24XK,0260/USA,NYDC NAIL & BEAUTY SUPPLY,C.04-14,  720 ,7/12/2024
7/10/2024,7/10/2024,214/24XK,0260/USA,NYDC NAIL & BEAUTY SUPPLY,C.04-16,  1.440 ,7/12/2024
7/9/2024,7/10/2024,215/24xk,0327/KOREA,BEAUTY H,KD2-0741,  1.000 ,9/16/2024
7/8/2024,7/10/2024,216/24xk,0241/UAE,BEDASHING BEAUTY LOUNGE LLC,KD2-0339,  1.300 ,9/17/2024
7/8/2024,7/10/2024,216/24xk,0241/UAE,BEDASHING BEAUTY LOUNGE LLC,KSB-1488,  1.700 ,9/17/2024
7/8/2024,7/10/2024,216/24xk,0241/UAE,BEDASHING BEAUTY LOUNGE LLC,KSS-0338,  2.000 ,9/17/2024
7/10/2024,7/10/2024,217/24XK,0521/LEBANON,GAFF GROUP,C.04-12,  120 ,7/18/2024
7/10/2024,7/10/2024,217/24XK,0521/LEBANON,GAFF GROUP,C.04-14,  300 ,7/18/2024
7/11/2024,7/12/2024,218/24XK,0457/UK,K&K BEAUTY,KSS-2206,  1.000 ,8/15/2024
7/11/2024,7/12/2024,218/24XK,0457/UK,K&K BEAUTY,KSS-2333,  1.000 ,8/15/2024
7/16/2024,7/17/2024,219/24XK,0552/CHILE,Ghili Leon Spa,KD.43,  120 ,7/31/2024
7/16/2024,7/17/2024,219/24XK,0552/CHILE,Ghili Leon Spa,KD.707,  120 ,7/31/2024
7/16/2024,7/17/2024,219/24XK,0552/CHILE,Ghili Leon Spa,KD.710,  120 ,7/31/2024
7/16/2024,7/17/2024,219/24XK,0552/CHILE,Ghili Leon Spa,P.12,  120 ,7/31/2024
7/16/2024,7/17/2024,219/24XK,0552/CHILE,Ghili Leon Spa,P.14,  120 ,7/31/2024
7/15/2024,7/17/2024,220/24XK,0551/ISRAEL,Ruth michaeli,KSK-2334,  200 ,8/6/2024
7/16/2024,7/17/2024,221/24XK,0553/ISRAEL,ROYAL DENTAL,KM2-2335,  500 ,9/8/2024
7/16/2024,7/17/2024,221/24XK,0553/ISRAEL,ROYAL DENTAL,KM2-2336,  500 ,9/8/2024
7/17/2024,7/18/2024,222/24ND,NNC,CHỦ TỊCH ,CL.205-6mm,  1.000 ,9/12/2024
7/17/2024,7/18/2024,222/24ND,NNC,CHỦ TỊCH ,CL.209-12mm,  1.000 ,8/28/2024
7/17/2024,7/18/2024,222/24ND,NNC,CHỦ TỊCH ,CL.210-12mm,  1.000 ,9/28/2024
7/17/2024,7/18/2024,222/24ND,NNC,CHỦ TỊCH ,CL.211-10mm,  1.000 ,8/21/2024
7/17/2024,7/18/2024,222/24ND,NNC,CHỦ TỊCH ,CL.212-8mm,  1.000 ,8/17/2024
7/17/2024,7/18/2024,222/24ND,NNC,CHỦ TỊCH ,CL.213-10mm,  1.000 ,9/1/2024
7/17/2024,7/18/2024,222/24ND,NNC,CHỦ TỊCH ,CL.214-10mm,  1.000 ,9/5/2024
7/17/2024,7/18/2024,222/24ND,NNC,CHỦ TỊCH ,CL.215-10mm,  1.000 ,9/9/2024
7/17/2024,7/18/2024,222/24ND,NNC,CHỦ TỊCH ,CL.219-8.5mm,  1.000 ,8/24/2024
7/17/2024,7/18/2024,222/24ND,NNC,CHỦ TỊCH ,CL.220-11mm,  1.000 ,9/23/2024
7/17/2024,7/18/2024,222/24ND,NNC,CHỦ TỊCH ,NL.209,  1.000 ,9/19/2024
7/17/2024,7/18/2024,222/24ND,NNC,CHỦ TỊCH ,NL.210,  1.000 ,9/16/2024
7/17/2024,7/18/2024,223/24ND,GT (PMO),PMO,D.42-14,  500 ,8/10/2024
7/17/2024,7/18/2024,223/24ND,GT (PMO),PMO,D.42-16,  500 ,8/10/2024
7/23/2024,7/23/2024,224/24xk,0525/PANAMA,LDA BUSINESS INC 1,CL.223-8MM,  50 ,8/30/2024
7/23/2024,7/23/2024,224/24xk1,KDQT,HỘI CHỢ TNK,CL.223-8MM,  20 ,8/30/2024
7/23/2024,7/23/2024,224/24xk2,KDQT,HÀNG TỒN,CL.223-8MM,  430 ,9/14/2024
7/18/2024,7/23/2024,225/24xk,0006/LEBANON,FADI SAWAYA SAL (SAWAYA INT'L LLC),KD2-0289,  600 ,9/29/2024
7/18/2024,7/23/2024,225/24xk,0006/LEBANON,FADI SAWAYA SAL (SAWAYA INT'L LLC),KD2-0290,  400 ,9/29/2024
7/18/2024,7/23/2024,225/24xk,0006/LEBANON,FADI SAWAYA SAL (SAWAYA INT'L LLC),KD2-0371,  500 ,9/29/2024
7/18/2024,7/23/2024,225/24xk,0006/LEBANON,FADI SAWAYA SAL (SAWAYA INT'L LLC),KD2-1635,  200 ,9/29/2024
7/18/2024,7/23/2024,225/24xk,0006/LEBANON,FADI SAWAYA SAL (SAWAYA INT'L LLC),KD2-1636,  300 ,9/29/2024
7/18/2024,7/23/2024,225/24xk,0006/LEBANON,FADI SAWAYA SAL (SAWAYA INT'L LLC),KD3-0291,  300 ,9/29/2024
7/18/2024,7/23/2024,225/24xk,0006/LEBANON,FADI SAWAYA SAL (SAWAYA INT'L LLC),KD3-0292,  300 ,9/29/2024
7/18/2024,7/23/2024,225/24xk,0006/LEBANON,FADI SAWAYA SAL (SAWAYA INT'L LLC),KDT-0299,  1.200 ,9/29/2024
7/18/2024,7/23/2024,225/24xk,0006/LEBANON,FADI SAWAYA SAL (SAWAYA INT'L LLC),kss-0295,  300 ,9/29/2024
7/18/2024,7/23/2024,225/24xk,0006/LEBANON,FADI SAWAYA SAL (SAWAYA INT'L LLC),kss-0296,  300 ,9/29/2024
7/18/2024,7/23/2024,225/24xk,0006/LEBANON,FADI SAWAYA SAL (SAWAYA INT'L LLC),kss-1637,  300 ,9/29/2024
7/16/2024,7/18/2024,226/24xk,0525/PANAMA,LDA BUSINESS INC 1,T.10,  50 ,8/31/2024
7/16/2024,7/18/2024,226/24xk,0525/PANAMA,LDA BUSINESS INC 1,T.11,  50 ,8/31/2024
7/19/2024,7/23/2024,227/24xk,0139/JAPAN,"UTSUMI CO., LTD",KM2-0276,  2.500 ,9/28/2024
7/19/2024,7/23/2024,227/24xk1,0139/JAPAN,"UTSUMI CO., LTD",KM2-0276,  2.500 ,10/28/2024
7/18/2024,7/23/2024,228/24XK,0553/ISRAEL,ROYAL DENTAL,CL.205-5MM,  7 ,9/23/2024
7/18/2024,7/23/2024,228/24XK,0553/ISRAEL,ROYAL DENTAL,KD.43,  500 ,9/23/2024
7/18/2024,7/23/2024,228/24XK,0553/ISRAEL,ROYAL DENTAL,KD2-2344,  500 ,9/23/2024
7/18/2024,7/23/2024,228/24XK,0553/ISRAEL,ROYAL DENTAL,KD2-2345,  500 ,9/23/2024
7/18/2024,7/23/2024,228/24XK,0553/ISRAEL,ROYAL DENTAL,KD2-2346,  500 ,9/23/2024
7/18/2024,7/23/2024,228/24XK,0553/ISRAEL,ROYAL DENTAL,KD2-2347,  500 ,9/23/2024
7/18/2024,7/23/2024,228/24XK,0553/ISRAEL,ROYAL DENTAL,KSB-2348,  500 ,9/23/2024
7/18/2024,7/23/2024,228/24XK,0553/ISRAEL,ROYAL DENTAL,KSK-2343,  500 ,9/23/2024
7/18/2024,7/23/2024,228/24XK,0553/ISRAEL,ROYAL DENTAL,KSN-2349,  500 ,9/23/2024
7/18/2024,7/23/2024,228/24XK,0553/ISRAEL,ROYAL DENTAL,KSN-2350,  500 ,9/23/2024
7/18/2024,7/23/2024,228/24XK,0553/ISRAEL,ROYAL DENTAL,KSN-2351,  500 ,9/23/2024
7/18/2024,7/23/2024,228/24XK,0553/ISRAEL,ROYAL DENTAL,KSN-2352,  500 ,9/23/2024
7/18/2024,7/23/2024,228/24XK,0553/ISRAEL,ROYAL DENTAL,KSS-2353,  500 ,9/23/2024
7/18/2024,7/23/2024,228/24XK,0553/ISRAEL,ROYAL DENTAL,KSS-2354,  500 ,9/23/2024
7/18/2024,7/23/2024,228/24XK,0553/ISRAEL,ROYAL DENTAL,KSS-2355,  500 ,9/23/2024
7/18/2024,7/23/2024,228/24XK,0553/ISRAEL,ROYAL DENTAL,KSS-2356,  500 ,9/23/2024
7/18/2024,7/23/2024,228/24XK,0553/ISRAEL,ROYAL DENTAL,KSS-2357,  500 ,9/23/2024
7/18/2024,7/23/2024,228/24XK,0553/ISRAEL,ROYAL DENTAL,KSS-2358,  500 ,9/23/2024
7/18/2024,7/23/2024,228/24XK,0553/ISRAEL,ROYAL DENTAL,KSS-2359,  500 ,9/23/2024
7/18/2024,7/23/2024,228/24XK,0553/ISRAEL,ROYAL DENTAL,KSS-2360,  500 ,9/23/2024
7/18/2024,7/23/2024,228/24XK,0553/ISRAEL,ROYAL DENTAL,KSS-2361,  500 ,9/23/2024
7/18/2024,7/23/2024,228/24XK,0553/ISRAEL,ROYAL DENTAL,KSS-2362,  500 ,9/23/2024
7/18/2024,7/23/2024,228/24XK,0553/ISRAEL,ROYAL DENTAL,NB.106,  5 ,9/23/2024
7/18/2024,7/23/2024,228/24XK,0553/ISRAEL,ROYAL DENTAL,NB.107,  5 ,9/23/2024
7/23/2024,7/31/2024,229/24XK,0554/LEBANON,DR PARA SARL,KD2-2370,  360 ,9/24/2024
7/23/2024,7/31/2024,229/24XK,0554/LEBANON,DR PARA SARL,KD2-2371,  360 ,9/24/2024
7/23/2024,7/31/2024,229/24XK,0554/LEBANON,DR PARA SARL,KD2-2416,  360 ,9/24/2024
7/23/2024,7/31/2024,229/24XK,0554/LEBANON,DR PARA SARL,KSK-2379,  360 ,9/24/2024
7/23/2024,7/31/2024,229/24XK,0554/LEBANON,DR PARA SARL,KSN-2376,  360 ,9/24/2024
7/23/2024,7/31/2024,229/24XK,0554/LEBANON,DR PARA SARL,KSN-2377,  360 ,9/24/2024
7/23/2024,7/31/2024,229/24XK,0554/LEBANON,DR PARA SARL,KSN-2378,  360 ,9/24/2024
7/23/2024,7/31/2024,229/24XK,0554/LEBANON,DR PARA SARL,KSS-2372,  360 ,9/24/2024
7/23/2024,7/31/2024,229/24XK,0554/LEBANON,DR PARA SARL,KSS-2373,  360 ,9/24/2024
7/23/2024,7/31/2024,229/24XK,0554/LEBANON,DR PARA SARL,KSS-2374,  360 ,9/24/2024
7/23/2024,7/31/2024,229/24XK,0554/LEBANON,DR PARA SARL,KSS-2375,  360 ,9/24/2024
7/25/2024,8/3/2024,230/24XK,0510/ESTONIA,Mereneid Trading OÜ,B.916C-HO,  20 ,8/30/2024
7/25/2024,8/3/2024,230/24XK,0510/ESTONIA,Mereneid Trading OÜ,B.916C-TR,  20 ,8/30/2024
7/25/2024,8/3/2024,230/24XK,0510/ESTONIA,Mereneid Trading OÜ,B.916C-XL,  20 ,8/30/2024
7/25/2024,8/3/2024,230/24XK,0510/ESTONIA,Mereneid Trading OÜ,C.07-5MM,  60 ,9/25/2024
7/25/2024,8/3/2024,230/24XK,0510/ESTONIA,Mereneid Trading OÜ,CL.205-3.5MM,  120 ,9/25/2024
7/25/2024,8/3/2024,230/24XK,0510/ESTONIA,Mereneid Trading OÜ,CL.205-5MM,  60 ,9/25/2024
7/25/2024,8/3/2024,230/24XK,0510/ESTONIA,Mereneid Trading OÜ,CL.206-5MM,  120 ,9/25/2024
7/25/2024,8/3/2024,230/24XK,0510/ESTONIA,Mereneid Trading OÜ,KD.704,  60 ,8/30/2024
7/25/2024,8/3/2024,230/24XK,0510/ESTONIA,Mereneid Trading OÜ,KD.705,  60 ,8/30/2024
7/25/2024,8/3/2024,230/24XK,0510/ESTONIA,Mereneid Trading OÜ,KDM.717,  60 ,8/30/2024
7/25/2024,8/3/2024,230/24XK,0510/ESTONIA,Mereneid Trading OÜ,KDN.721,  60 ,9/16/2024
7/25/2024,8/3/2024,230/24XK,0510/ESTONIA,Mereneid Trading OÜ,P.03,  60 ,8/30/2024
7/25/2024,8/3/2024,230/24XK,0510/ESTONIA,Mereneid Trading OÜ,P.08,  60 ,8/30/2024
7/25/2024,8/3/2024,230/24XK,0510/ESTONIA,Mereneid Trading OÜ,P.15,  60 ,8/30/2024
7/30/2024,8/3/2024,231/24ND,B2B,VIETCOMBANK BẾN TRE,BQT.VCB01,  50 ,9/26/2024
7/30/2024,8/3/2024,231/24ND,B2B,VIETCOMBANK BẾN TRE,BQT.VCB02,  50 ,9/26/2024
8/1/2024,8/3/2024,232/24xk,0555/FRANCE,OA NAIL SYSTEM,KSK-2399,  500 ,9/10/2024
8/1/2024,8/3/2024,232/24xk,0555/FRANCE,OA NAIL SYSTEM,KSK-2400,  500 ,9/10/2024
8/1/2024,8/3/2024,232/24xk,0555/FRANCE,OA NAIL SYSTEM,KSK-2401,  500 ,9/10/2024
8/1/2024,8/3/2024,233/24XK,0319/JAPAN,SCISSOR STREET,KD3-0639,  500 ,10/18/2024
8/1/2024,8/3/2024,233/24XK,0319/JAPAN,SCISSOR STREET,KD3-0996,  100 ,10/18/2024
8/1/2024,8/3/2024,234/24XK,0475/CHINA,"NINGBO CENTURY TIMES IMPORT AND EXPORT CO., LTD",KD2-1806,  1.000 ,10/19/2024
8/1/2024,8/3/2024,234/24XK,0475/CHINA,"NINGBO CENTURY TIMES IMPORT AND EXPORT CO., LTD",KD2-1808,  1.000 ,10/19/2024
8/1/2024,8/3/2024,234/24XK,0475/CHINA,"NINGBO CENTURY TIMES IMPORT AND EXPORT CO., LTD",KD2-1810,  1.000 ,10/19/2024
8/1/2024,8/3/2024,234/24XK,0475/CHINA,"NINGBO CENTURY TIMES IMPORT AND EXPORT CO., LTD",KD2-1812,  1.000 ,10/19/2024
8/1/2024,8/3/2024,234/24XK,0475/CHINA,"NINGBO CENTURY TIMES IMPORT AND EXPORT CO., LTD",KD2-1814,  1.000 ,10/19/2024
8/1/2024,8/3/2024,234/24XK,0475/CHINA,"NINGBO CENTURY TIMES IMPORT AND EXPORT CO., LTD",KDT-1800,  20.000 ,10/19/2024
8/1/2024,8/3/2024,234/24XK,0475/CHINA,"NINGBO CENTURY TIMES IMPORT AND EXPORT CO., LTD",KDT-1802,  5.000 ,10/19/2024
8/1/2024,8/3/2024,234/24XK,0475/CHINA,"NINGBO CENTURY TIMES IMPORT AND EXPORT CO., LTD",KDT-1804,  5.000 ,10/19/2024
8/1/2024,8/3/2024,234/24XK,0475/CHINA,"NINGBO CENTURY TIMES IMPORT AND EXPORT CO., LTD",KDT-1836,  3.000 ,10/19/2024
8/1/2024,8/3/2024,234/24xk1,0475/CHINA,"NINGBO CENTURY TIMES IMPORT AND EXPORT CO., LTD",KDT-1800,  20.000 ,10/19/2024
8/1/2024,8/3/2024,235/24XK,0475/CHINA,"NINGBO CENTURY TIMES IMPORT AND EXPORT CO., LTD",KD2-1822,  1.000 ,12/5/2024
8/1/2024,8/3/2024,235/24XK,0475/CHINA,"NINGBO CENTURY TIMES IMPORT AND EXPORT CO., LTD",KDT-1800,  16.000 ,12/5/2024
8/1/2024,8/3/2024,235/24XK,0475/CHINA,"NINGBO CENTURY TIMES IMPORT AND EXPORT CO., LTD",KDT-1802,  7.000 ,12/5/2024
8/1/2024,8/3/2024,235/24XK,0475/CHINA,"NINGBO CENTURY TIMES IMPORT AND EXPORT CO., LTD",KDT-1836,  1.000 ,12/5/2024
8/1/2024,8/3/2024,235/24XK1,0475/CHINA,"NINGBO CENTURY TIMES IMPORT AND EXPORT CO., LTD",KDT-1800,  2.000 ,12/5/2024
8/2/2024,8/3/2024,236/24ND,CHAOBA,CHAOBA,B.901,  2.400 ,8/31/2024
8/2/2024,8/3/2024,236/24ND,CHAOBA,CHAOBA,KM.601,  300 ,8/31/2024
8/2/2024,8/3/2024,236/24ND,CHAOBA,CHAOBA,KM.604,  300 ,8/31/2024
8/2/2024,8/3/2024,236/24ND,CHAOBA,CHAOBA,KM.605,  300 ,8/31/2024
8/2/2024,8/3/2024,236/24ND,CHAOBA,CHAOBA,S.504,  360 ,8/31/2024
8/2/2024,8/3/2024,236/24ND,CHAOBA,CHAOBA,S.505,  360 ,8/31/2024
8/2/2024,8/3/2024,236/24ND,CHAOBA,CHAOBA,S.506,  1.440 ,8/31/2024
8/2/2024,8/3/2024,236/24ND,CHAOBA,CHAOBA,S.507,  360 ,8/31/2024
8/2/2024,8/3/2024,236/24ND,CHAOBA,CHAOBA,S.508,  360 ,8/31/2024
8/2/2024,8/3/2024,236/24ND,CHAOBA,CHAOBA,S.511,  360 ,8/31/2024
8/2/2024,8/3/2024,236/24ND,CHAOBA,CHAOBA,S.512,  360 ,8/31/2024
8/3/2024,8/3/2024,237/24xk,GT,MKT,D.206,  360 ,8/15/2024
8/3/2024,8/3/2024,237/24xk,GT,MKT,D.401,  360 ,8/15/2024
8/3/2024,8/3/2024,237/24xk,GT,MKT,D.555,  360 ,8/15/2024
8/4/2024,8/4/2024,238/24xk,0446/TURKEY,Şükrü kızıl,C.04-12,  120 ,8/13/2024
8/4/2024,8/4/2024,238/24xk,0446/TURKEY,Şükrü kızıl,C.07-16,  120 ,8/13/2024
8/4/2024,8/4/2024,238/24xk,0446/TURKEY,Şükrü kızıl,KD.43,  60 ,8/13/2024
8/4/2024,8/4/2024,238/24xk,0446/TURKEY,Şükrü kızıl,KD.705,  430 ,8/13/2024
8/4/2024,8/4/2024,238/24xk,0446/TURKEY,Şükrü kızıl,KD.707,  120 ,8/13/2024
8/5/2024,8/5/2024,239/24XK,0312/KOREA,H2NAIL,C.07-14,  1.000 ,9/4/2024
2/26/1900,8/6/2024,240/24nd,B2B,HDBANK,BQT.HDBANK2024,  380 ,8/28/2024
8/7/2024,8/7/2024,241/24xk,0425/CHINA,Guangzhou Xingdian Nail Products Company Limited,KD.43,  60 ,8/10/2024
8/7/2024,8/7/2024,242/24xk,0425/CHINA,Guangzhou Xingdian Nail Products Company Limited,KD.43,  120 ,10/10/2024
7/16/2024,7/18/2024,243/24XK,0419/MEXICO,Oleksandr Zadorozhnyi,T.10,  300 ,9/10/2024
7/16/2024,7/18/2024,243/24XK,0419/MEXICO,Oleksandr Zadorozhnyi,T.11,  200 ,9/10/2024
7/16/2024,7/18/2024,244/24xk,0069/POLAND,ACTIV TOMASZ PACHOLCZYK,T.10,  360 ,11/27/2024
7/16/2024,7/18/2024,244/24xk,0069/POLAND,ACTIV TOMASZ PACHOLCZYK,T.11,  360 ,11/27/2024
7/16/2024,7/18/2024,245/24XK,0270/UAE,MILIA COSMETICS MAT TR.L L C - SOLE PROPRIETORSHIP,T.10,  360 ,11/27/2024
7/16/2024,7/18/2024,246/24XK,KDQT,HỘI CHỢ TNK,T.10,  50 ,9/14/2024
7/16/2024,7/18/2024,246/24XK,KDQT,HỘI CHỢ TNK,T.11,  50 ,9/14/2024
7/16/2024,7/18/2024,247/24XK,KDQT,HÀNG TỒN,T.10,  80 ,10/9/2024
7/16/2024,7/18/2024,247/24XK,KDQT,HÀNG TỒN,T.11,  140 ,10/9/2024
8/7/2024,8/9/2024,248/24XK,0205/JAPAN,HIKARI CORPORATION,KD3-0372,  1.000 ,10/23/2024
8/7/2024,8/9/2024,249/24xk,0327/KOREA,BEAUTY H,KD2-0828,  1.000 ,10/25/2024
8/7/2024,8/9/2024,249/24xk,0327/KOREA,BEAUTY H,KD3-0851,  1.000 ,10/25/2024
8/7/2024,8/9/2024,250/24xk,0342/KOREA,ROYAL NIPPER,KD2-1087,  1.500 ,10/15/2024
8/7/2024,8/9/2024,250/24xk,0342/KOREA,ROYAL NIPPER,KD2-1985,  500 ,10/15/2024
8/6/2024,8/9/2024,251/24XK,0336/CHINA,"QVS Global China, LTD",KD2-0211,  2.000 ,1/20/2025
8/6/2024,8/9/2024,251/24XK,0336/CHINA,"QVS Global China, LTD",KM2-0212,  1.000 ,1/20/2025
8/6/2024,8/9/2024,251/24XK,0336/CHINA,"QVS Global China, LTD",KM2-0550,  1.000 ,1/20/2025
8/6/2024,8/9/2024,251/24XK,0336/CHINA,"QVS Global China, LTD",KSD-0361,  1.000 ,1/20/2025
8/6/2024,8/9/2024,251/24XK,0336/CHINA,"QVS Global China, LTD",KSS-0213,  1.000 ,1/20/2025
8/6/2024,8/9/2024,251/24XK,0336/CHINA,"QVS Global China, LTD",KSS-0228,  1.000 ,1/20/2025
8/6/2024,8/9/2024,251/24XK1,0336/CHINA,"QVS Global China, LTD",KSD-0361,  1.000 ,1/20/2025
8/6/2024,8/9/2024,251/24XK1,0336/CHINA,"QVS Global China, LTD",KSD-0362,  1.000 ,1/20/2025
8/8/2024,8/9/2024,252/24XK,0516/ROMANIA,Biton Beauty SRL,KSK-1979,  200 ,9/10/2024
8/8/2024,8/9/2024,252/24XK,0516/ROMANIA,Biton Beauty SRL,KSK-2396,  200 ,9/10/2024
8/6/2024,8/9/2024,253/24XK,0556/ITALY,DIANANAIL SRLS,KD2-2382,  500 ,10/4/2024
8/6/2024,8/9/2024,253/24XK,0556/ITALY,DIANANAIL SRLS,KD2-2383,  500 ,10/4/2024
8/6/2024,8/9/2024,253/24XK,0556/ITALY,DIANANAIL SRLS,KM2-2384,  500 ,10/4/2024
8/6/2024,8/9/2024,253/24XK,0556/ITALY,DIANANAIL SRLS,KSK-2380,  500 ,10/21/2024
8/6/2024,8/9/2024,253/24XK,0556/ITALY,DIANANAIL SRLS,KSK-2381,  500 ,10/21/2024
8/6/2024,8/9/2024,253/24XK,0556/ITALY,DIANANAIL SRLS,KSS-2385,  500 ,10/21/2024
8/6/2024,8/9/2024,253/24XK,0556/ITALY,DIANANAIL SRLS,KSS-2386,  500 ,10/21/2024
8/6/2024,8/9/2024,253/24XK,0556/ITALY,DIANANAIL SRLS,KSS-2387,  500 ,10/21/2024
8/6/2024,8/9/2024,253/24XK,0556/ITALY,DIANANAIL SRLS,KSS-2388,  500 ,10/21/2024
8/6/2024,8/9/2024,253/24XK,0556/ITALY,DIANANAIL SRLS,KSS-2389,  500 ,10/21/2024
8/6/2024,8/9/2024,253/24XK,0556/ITALY,DIANANAIL SRLS,KSS-2390,  500 ,10/21/2024
8/14/2024,8/15/2024,254/24XK,0405/MALAYSIA,YOUSHINE SOLUTION SDN BHD.,C.04-12,  900 ,9/25/2024
8/14/2024,8/15/2024,254/24XK,0405/MALAYSIA,YOUSHINE SOLUTION SDN BHD.,C.04-14,  780 ,9/25/2024
8/14/2024,8/15/2024,254/24XK,0405/MALAYSIA,YOUSHINE SOLUTION SDN BHD.,C.07-12,  420 ,9/25/2024
8/14/2024,8/15/2024,254/24XK,0405/MALAYSIA,YOUSHINE SOLUTION SDN BHD.,C.07-14,  1.020 ,9/25/2024
8/14/2024,8/15/2024,254/24XK,0405/MALAYSIA,YOUSHINE SOLUTION SDN BHD.,C.07-3.5mm,  300 ,9/25/2024
8/14/2024,8/15/2024,254/24XK,0405/MALAYSIA,YOUSHINE SOLUTION SDN BHD.,C.112,  1.440 ,9/25/2024
8/14/2024,8/15/2024,254/24XK,0405/MALAYSIA,YOUSHINE SOLUTION SDN BHD.,NC.01,  120 ,9/25/2024
8/14/2024,8/15/2024,254/24XK,0405/MALAYSIA,YOUSHINE SOLUTION SDN BHD.,P.03,  600 ,9/25/2024
8/14/2024,8/15/2024,254/24XK,0405/MALAYSIA,YOUSHINE SOLUTION SDN BHD.,P.08,  180 ,9/25/2024
8/14/2024,8/15/2024,254/24XK,0405/MALAYSIA,YOUSHINE SOLUTION SDN BHD.,P.10,  180 ,9/25/2024
8/12/2024,8/15/2024,255/24XK,0557/USA,Op Nail Pro Academy,MD.2408,  500 ,10/12/2024
8/9/2024,8/15/2024,256/24xk,0040/ITALY,WICTOR SRL,KD2-0124,  500 ,10/14/2024
8/9/2024,8/15/2024,256/24xk,0040/ITALY,WICTOR SRL,KSK-2412,  500 ,10/14/2024
8/9/2024,8/15/2024,256/24xk,0040/ITALY,WICTOR SRL,KSK-2413,  500 ,10/14/2024
8/9/2024,8/15/2024,256/24xk,0040/ITALY,WICTOR SRL,KSS-2411,  2.500 ,10/14/2024
8/8/2024,8/15/2024,257/24XK,0211/JAPAN,MARUTO HASEGAWA KOSAKUJO INC.,KSK-0484,  500 ,10/12/2024
6/28/2024,8/15/2024,258/24XK,0270/UAE,MILIA COSMETICS MAT TR.L L C - SOLE PROPRIETORSHIP,C.112,  1.200 ,9/30/2024
6/28/2024,8/15/2024,258/24XK,0270/UAE,MILIA COSMETICS MAT TR.L L C - SOLE PROPRIETORSHIP,C.118,  1.200 ,9/30/2024
8/15/2024,8/15/2024,259/24xk,0470/LEBANON,TEC-NAILS COSMETICS,KD2-1479,  500 ,10/5/2024
8/7/2024,8/20/2024,260/24XK,0393/RUSSIA,LLC RINGO,KD2-1122,  2.500 ,10/16/2024
8/7/2024,8/20/2024,260/24XK,0393/RUSSIA,LLC RINGO,KD2-1127,  4.500 ,10/16/2024
8/7/2024,8/20/2024,260/24XK,0393/RUSSIA,LLC RINGO,KD2-1130,  3.200 ,10/16/2024
8/7/2024,8/20/2024,260/24XK,0393/RUSSIA,LLC RINGO,KD2-1132,  2.700 ,10/16/2024
8/7/2024,8/20/2024,260/24XK,0393/RUSSIA,LLC RINGO,KD2-1136,  1.000 ,11/30/2024
8/7/2024,8/20/2024,260/24XK,0393/RUSSIA,LLC RINGO,KD2-1178,  4.000 ,11/6/2024
8/7/2024,8/20/2024,260/24XK,0393/RUSSIA,LLC RINGO,KD2-1544,  4.000 ,10/16/2024
8/7/2024,8/20/2024,260/24XK,0393/RUSSIA,LLC RINGO,KD2-1913,  1.000 ,11/6/2024
8/7/2024,8/20/2024,260/24XK,0393/RUSSIA,LLC RINGO,KK2-1179,  4.000 ,11/30/2024
8/16/2024,8/20/2024,261/24XK,0558/QATAR,Sadeem Distribution & Trading,C.01G-14,  30 ,8/26/2024
8/16/2024,8/20/2024,261/24XK,0558/QATAR,Sadeem Distribution & Trading,C.03-12,  60 ,8/26/2024
8/16/2024,8/20/2024,261/24XK,0558/QATAR,Sadeem Distribution & Trading,C.03-14,  50 ,8/26/2024
8/16/2024,8/20/2024,261/24XK,0558/QATAR,Sadeem Distribution & Trading,C.36-12,  122 ,8/26/2024
8/16/2024,8/20/2024,261/24XK,0558/QATAR,Sadeem Distribution & Trading,C.36-14,  50 ,8/26/2024
8/16/2024,8/20/2024,261/24XK,0558/QATAR,Sadeem Distribution & Trading,P.02,  20 ,8/26/2024
8/16/2024,8/20/2024,261/24XK,0558/QATAR,Sadeem Distribution & Trading,P.03,  20 ,8/26/2024
8/16/2024,8/20/2024,261/24XK,0558/QATAR,Sadeem Distribution & Trading,P.08,  20 ,8/26/2024
8/16/2024,8/20/2024,261/24XK,0558/QATAR,Sadeem Distribution & Trading,P.12,  20 ,8/26/2024
7/23/2024,8/20/2024,262/24xk,0348/KOREA,SHINY GLOBAL,KD3-1622,  1.800 ,11/11/2024
7/23/2024,8/20/2024,262/24xk,0348/KOREA,SHINY GLOBAL,KD3-1624,  1.800 ,11/11/2024
7/23/2024,8/20/2024,262/24xk1,0348/KOREA,SHINY GLOBAL,KD3-1622,  200 ,10/4/2024
7/23/2024,8/20/2024,262/24xk1,0348/KOREA,SHINY GLOBAL,KD3-1624,  200 ,10/4/2024
8/16/2024,8/22/2024,263/24xk,0353/UK,TNBL UK Limited,C.05-6MM,  360 ,9/20/2024
8/16/2024,8/22/2024,263/24xk,0353/UK,TNBL UK Limited,C.05-7MM,  360 ,9/20/2024
8/20/2024,8/22/2024,263/24xk,0531/CHINA,"TONG DE INDUSTRY AND TRADE (YANGJIANG YANGDONG DISTRICT) CO., LTD",KSK-2418,  1.000 ,9/20/2024
8/21/2024,8/22/2024,264/24XK,0003/JAPAN,BLUE INC,KD2-0266,  2.000 ,10/26/2024
8/20/2024,8/22/2024,265/24XK,0348/KOREA,SHINY GLOBAL,KD2-0903,  2.000 ,10/16/2024
8/20/2024,8/22/2024,265/24XK,0348/KOREA,SHINY GLOBAL,KD2-0904,  2.000 ,10/16/2024
9/16/2024,9/18/2024,266/24ND,B2B,KIM THÀNH PHÁT,BQT. SAINT GOBAIN,  1.800 ,10/10/2024
8/16/2024,8/22/2024,267/24XK,0498/USA,NAIL SPIRALCY LLC,KSK-2414,  200 ,11/26/2024
8/16/2024,8/22/2024,267/24XK,0498/USA,NAIL SPIRALCY LLC,KSK-2415,  200 ,11/26/2024
7/25/2024,8/22/2024,268/24XK,0419/MEXICO,Oleksandr Zadorozhnyi,KD.718,  200 ,9/16/2024
7/25/2024,8/22/2024,268/24XK,0419/MEXICO,Oleksandr Zadorozhnyi,KDN.720,  60 ,9/16/2024
7/25/2024,8/22/2024,268/24XK,0419/MEXICO,Oleksandr Zadorozhnyi,KDN.721,  60 ,9/16/2024
7/25/2024,8/22/2024,268/24XK,0419/MEXICO,Oleksandr Zadorozhnyi,P.22,  200 ,9/7/2024
7/25/2024,8/22/2024,268/24XK1,0419/MEXICO,Oleksandr Zadorozhnyi,KDN.720,  440 ,11/26/2024
7/25/2024,8/22/2024,268/24XK1,0419/MEXICO,Oleksandr Zadorozhnyi,KDN.721,  440 ,11/26/2024
8/2/2024,8/23/2024,269/24xk,0427/KOREA, MABUSA COMPANY,KD2-1341,  300 ,11/6/2024
8/2/2024,8/23/2024,269/24xk,0427/KOREA, MABUSA COMPANY,KD2-1342,  300 ,11/6/2024
8/2/2024,8/23/2024,269/24xk,0427/KOREA, MABUSA COMPANY,KD2-2397,  200 ,11/6/2024
8/2/2024,8/23/2024,269/24xk,0427/KOREA, MABUSA COMPANY,KD2-2398,  200 ,11/6/2024
8/2/2024,8/23/2024,269/24xk,0427/KOREA, MABUSA COMPANY,KM2-2295,  300 ,11/6/2024
8/2/2024,8/23/2024,269/24xk,0427/KOREA, MABUSA COMPANY,KSS-2296,  360 ,10/30/2024
8/2/2024,8/23/2024,269/24xk,0427/KOREA, MABUSA COMPANY,KSS-2297,  360 ,10/30/2024
8/2/2024,8/23/2024,269/24xk,0427/KOREA, MABUSA COMPANY,KSS-2298,  360 ,10/30/2024
8/23/2024,8/28/2024,270/24xk,0496/POLAND,APM GROUP,KD2-1856,  500 ,10/24/2024
8/23/2024,8/28/2024,270/24xk,0496/POLAND,APM GROUP,KD2-1857,  500 ,10/24/2024
8/23/2024,8/28/2024,270/24xk,0496/POLAND,APM GROUP,KSK-1858,  500 ,10/15/2024
8/26/2024,10/16/2024,270/24xk1,0496/POLAND,APM GROUP,KSK-1858,  500 ,11/2/2024
8/23/2024,8/28/2024,271/24xk,0289/poland,Elarto Elzbieta Trzeciak,KD2-0720,  500 ,10/25/2024
10/10/2023,9/4/2024,272/24xk,0079/RUSSIA,Vectorgroup Company,KD2-1461,  2.000 ,11/15/2024
8/31/2024,9/4/2024,273/24XK,0491/POLAND,STAR DUST SP. Z O.O,KD2-1833,  1.500 ,10/31/2024
8/30/2024,9/4/2024,274/24XK,0391/KOREA, Danjinail.,KD2-1150,  2.000 ,11/25/2024
8/30/2024,9/5/2024,275/24XK,0541/TURKEY,ERAY AÇIKGÖZ EXPERTYOL,KD2-2238,  200 ,10/25/2024
8/30/2024,9/5/2024,275/24XK,0541/TURKEY,ERAY AÇIKGÖZ EXPERTYOL,KD2-2239,  200 ,10/25/2024
8/30/2024,9/5/2024,275/24XK,0541/TURKEY,ERAY AÇIKGÖZ EXPERTYOL,KD2-2240,  200 ,10/25/2024
8/30/2024,9/5/2024,275/24XK,0541/TURKEY,ERAY AÇIKGÖZ EXPERTYOL,KD2-2241,  100 ,10/25/2024
8/30/2024,9/5/2024,275/24XK,0541/TURKEY,ERAY AÇIKGÖZ EXPERTYOL,KD2-2242,  100 ,10/25/2024
8/30/2024,9/5/2024,275/24XK,0541/TURKEY,ERAY AÇIKGÖZ EXPERTYOL,KM2-2243,  100 ,10/25/2024
8/30/2024,9/5/2024,275/24XK,0541/TURKEY,ERAY AÇIKGÖZ EXPERTYOL,KM2-2244,  100 ,10/25/2024
8/30/2024,9/5/2024,275/24XK,0541/TURKEY,ERAY AÇIKGÖZ EXPERTYOL,KSK-2249,  300 ,9/26/2024
8/30/2024,9/5/2024,275/24XK,0541/TURKEY,ERAY AÇIKGÖZ EXPERTYOL,KSK-2250,  100 ,9/26/2024
8/30/2024,9/5/2024,275/24XK,0541/TURKEY,ERAY AÇIKGÖZ EXPERTYOL,KSK-2251,  100 ,9/26/2024
8/30/2024,9/5/2024,275/24XK,0541/TURKEY,ERAY AÇIKGÖZ EXPERTYOL,KSK-2252,  100 ,9/26/2024
8/30/2024,9/5/2024,275/24XK,0541/TURKEY,ERAY AÇIKGÖZ EXPERTYOL,KSK-2253,  200 ,9/26/2024
8/30/2024,9/5/2024,275/24XK,0541/TURKEY,ERAY AÇIKGÖZ EXPERTYOL,KSK-2254,  200 ,9/26/2024
8/30/2024,9/5/2024,275/24XK,0541/TURKEY,ERAY AÇIKGÖZ EXPERTYOL,KSK-2255,  300 ,9/26/2024
8/30/2024,9/5/2024,275/24XK,0541/TURKEY,ERAY AÇIKGÖZ EXPERTYOL,KSK-2256,  100 ,9/26/2024
8/30/2024,9/5/2024,275/24XK,0541/TURKEY,ERAY AÇIKGÖZ EXPERTYOL,KSK-2257,  200 ,9/26/2024
8/30/2024,9/5/2024,275/24XK,0541/TURKEY,ERAY AÇIKGÖZ EXPERTYOL,KSK-2258,  200 ,9/26/2024
8/30/2024,9/5/2024,275/24XK,0541/TURKEY,ERAY AÇIKGÖZ EXPERTYOL,KSS-2245,  200 ,9/26/2024
8/30/2024,9/5/2024,275/24XK,0541/TURKEY,ERAY AÇIKGÖZ EXPERTYOL,KSS-2246,  200 ,9/26/2024
8/30/2024,9/5/2024,275/24XK,0541/TURKEY,ERAY AÇIKGÖZ EXPERTYOL,KSS-2247,  200 ,9/26/2024
8/30/2024,9/5/2024,275/24XK,0541/TURKEY,ERAY AÇIKGÖZ EXPERTYOL,KSS-2248,  200 ,9/26/2024
8/28/2024,9/5/2024,276/24xk,0468/GERMAN,ALISA NAILS SUSLOV GBR,KSK-2409,  500 ,10/12/2024
8/28/2024,9/5/2024,276/24xk,0468/GERMAN,ALISA NAILS SUSLOV GBR,KSS-2410,  300 ,10/12/2024
8/22/2024,9/5/2024,277/24xk,0348/KOREA,SHINY GLOBAL,KD3-2008,  1.000 ,12/20/2024
8/22/2024,9/5/2024,277/24xk,0348/KOREA,SHINY GLOBAL,KD3-2009,  1.000 ,12/20/2024
8/22/2024,9/5/2024,277/24xk,0348/KOREA,SHINY GLOBAL,KD3-2087,  1.000 ,12/20/2024
8/22/2024,9/5/2024,277/24xk,0348/KOREA,SHINY GLOBAL,KD3-2088,  1.000 ,12/20/2024
8/22/2024,9/5/2024,277/24xk1,0348/KOREA,SHINY GLOBAL,KD3-2008,  1.000 ,1/20/2025
8/22/2024,9/5/2024,277/24xk1,0348/KOREA,SHINY GLOBAL,KD3-2009,  1.000 ,1/20/2025
8/22/2024,9/5/2024,277/24xk1,0348/KOREA,SHINY GLOBAL,KD3-2087,  1.000 ,1/20/2025
8/22/2024,9/5/2024,277/24xk1,0348/KOREA,SHINY GLOBAL,KD3-2088,  1.000 ,1/20/2025
6/11/2024,9/5/2024,278/24xk,0002/ITALY,ALPEN DEI F.LLI GIANOLA SNC,KDT-0016,  1.000 ,11/11/2024
9/12/2024,9/17/2024,279/24XK,0013/ITALY,TECNIWORK S.P.A,KD3-0100,  1.200 ,12/5/2024
9/12/2024,9/17/2024,279/24XK,0013/ITALY,TECNIWORK S.P.A,KD3-0102,  1.400 ,12/5/2024
9/12/2024,9/17/2024,279/24XK,0013/ITALY,TECNIWORK S.P.A,KD3-0103,  400 ,12/5/2024
9/12/2024,9/17/2024,279/24XK,0013/ITALY,TECNIWORK S.P.A,KD3-0104,  500 ,12/5/2024
9/12/2024,9/17/2024,279/24XK,0013/ITALY,TECNIWORK S.P.A,KD3-0105,  400 ,12/5/2024
9/12/2024,9/17/2024,279/24XK,0013/ITALY,TECNIWORK S.P.A,KD3-0250,  500 ,12/5/2024
9/12/2024,9/17/2024,279/24XK,0013/ITALY,TECNIWORK S.P.A,KD3-0251,  400 ,12/5/2024
9/12/2024,9/17/2024,279/24XK,0013/ITALY,TECNIWORK S.P.A,KD3-0252,  400 ,12/5/2024
9/12/2024,9/17/2024,279/24XK,0013/ITALY,TECNIWORK S.P.A,KM3-0107,  600 ,12/5/2024
9/12/2024,9/17/2024,279/24XK,0013/ITALY,TECNIWORK S.P.A,KM3-0253,  600 ,12/5/2024
9/9/2024,9/13/2024,280/24XK,0205/JAPAN,HIKARI CORPORATION,KSS-2010,  2.000 ,10/15/2024
5/25/2024,9/19/2024,281/24XK,0542/TURKEY,DOĞUŞ KOZMETİK GIDA İNŞ. TURZ. TİC. A.Ş.,C.04TR-3.5mm,  3 ,9/26/2024
5/25/2024,9/19/2024,281/24XK,0542/TURKEY,DOĞUŞ KOZMETİK GIDA İNŞ. TURZ. TİC. A.Ş.,C.04TR-5mm,  3 ,9/26/2024
5/25/2024,9/19/2024,281/24XK,0542/TURKEY,DOĞUŞ KOZMETİK GIDA İNŞ. TURZ. TİC. A.Ş.,C.04TR-7mm,  3 ,9/26/2024
5/25/2024,9/19/2024,281/24XK,0542/TURKEY,DOĞUŞ KOZMETİK GIDA İNŞ. TURZ. TİC. A.Ş.,C.06TR-3.5mm,  3 ,9/26/2024
5/25/2024,9/19/2024,281/24XK,0542/TURKEY,DOĞUŞ KOZMETİK GIDA İNŞ. TURZ. TİC. A.Ş.,C.06TR-5mm,  3 ,9/26/2024
5/25/2024,9/19/2024,281/24XK,0542/TURKEY,DOĞUŞ KOZMETİK GIDA İNŞ. TURZ. TİC. A.Ş.,C.06TR-7mm,  3 ,9/26/2024
5/25/2024,9/19/2024,281/24XK,0542/TURKEY,DOĞUŞ KOZMETİK GIDA İNŞ. TURZ. TİC. A.Ş.,C.07TR-3.5mm,  3 ,9/26/2024
5/25/2024,9/19/2024,281/24XK,0542/TURKEY,DOĞUŞ KOZMETİK GIDA İNŞ. TURZ. TİC. A.Ş.,C.07TR-5mm,  3 ,9/26/2024
5/25/2024,9/19/2024,281/24XK,0542/TURKEY,DOĞUŞ KOZMETİK GIDA İNŞ. TURZ. TİC. A.Ş.,C.07TR-7mm,  3 ,9/26/2024
5/25/2024,9/19/2024,281/24XK,0542/TURKEY,DOĞUŞ KOZMETİK GIDA İNŞ. TURZ. TİC. A.Ş.,C.08TR-3.5mm,  3 ,9/26/2024
5/25/2024,9/19/2024,281/24XK,0542/TURKEY,DOĞUŞ KOZMETİK GIDA İNŞ. TURZ. TİC. A.Ş.,C.08TR-5mm,  3 ,9/26/2024
5/25/2024,9/19/2024,281/24XK,0542/TURKEY,DOĞUŞ KOZMETİK GIDA İNŞ. TURZ. TİC. A.Ş.,C.08TR-7mm,  3 ,9/26/2024
5/25/2024,9/19/2024,281/24XK,0542/TURKEY,DOĞUŞ KOZMETİK GIDA İNŞ. TURZ. TİC. A.Ş.,C.36TR-3.5mm,  3 ,9/26/2024
5/25/2024,9/19/2024,281/24XK,0542/TURKEY,DOĞUŞ KOZMETİK GIDA İNŞ. TURZ. TİC. A.Ş.,C.36TR-5mm,  3 ,9/26/2024
5/25/2024,9/19/2024,281/24XK,0542/TURKEY,DOĞUŞ KOZMETİK GIDA İNŞ. TURZ. TİC. A.Ş.,C.36TR-7mm,  3 ,9/26/2024
5/25/2024,9/19/2024,281/24XK,0542/TURKEY,DOĞUŞ KOZMETİK GIDA İNŞ. TURZ. TİC. A.Ş.,CL.101TR-3.5mm,  3 ,9/26/2024
5/25/2024,9/19/2024,281/24XK,0542/TURKEY,DOĞUŞ KOZMETİK GIDA İNŞ. TURZ. TİC. A.Ş.,CL.101TR-5mm,  3 ,9/26/2024
5/25/2024,9/19/2024,281/24XK,0542/TURKEY,DOĞUŞ KOZMETİK GIDA İNŞ. TURZ. TİC. A.Ş.,CL.101TR-7mm,  3 ,9/26/2024
5/25/2024,9/19/2024,281/24XK,0542/TURKEY,DOĞUŞ KOZMETİK GIDA İNŞ. TURZ. TİC. A.Ş.,CL.206TR-3.5mm,  3 ,9/26/2024
5/25/2024,9/19/2024,281/24XK,0542/TURKEY,DOĞUŞ KOZMETİK GIDA İNŞ. TURZ. TİC. A.Ş.,CL.206TR-5mm,  3 ,9/26/2024
5/25/2024,9/19/2024,281/24XK,0542/TURKEY,DOĞUŞ KOZMETİK GIDA İNŞ. TURZ. TİC. A.Ş.,CL.206TR-7mm,  3 ,9/26/2024
5/25/2024,9/19/2024,281/24XK,0542/TURKEY,DOĞUŞ KOZMETİK GIDA İNŞ. TURZ. TİC. A.Ş.,CL.207TR-3.5mm,  3 ,9/26/2024
5/25/2024,9/19/2024,281/24XK,0542/TURKEY,DOĞUŞ KOZMETİK GIDA İNŞ. TURZ. TİC. A.Ş.,CL.207TR-5mm,  3 ,9/26/2024
5/25/2024,9/19/2024,281/24XK,0542/TURKEY,DOĞUŞ KOZMETİK GIDA İNŞ. TURZ. TİC. A.Ş.,CL.207TR-7mm,  3 ,9/26/2024
5/25/2024,9/19/2024,281/24XK,0542/TURKEY,DOĞUŞ KOZMETİK GIDA İNŞ. TURZ. TİC. A.Ş.,CL.209TR-12mm,  3 ,9/26/2024
5/25/2024,9/19/2024,281/24XK,0542/TURKEY,DOĞUŞ KOZMETİK GIDA İNŞ. TURZ. TİC. A.Ş.,CL.212TR-8mm,  3 ,9/26/2024
5/25/2024,9/19/2024,281/24XK,0542/TURKEY,DOĞUŞ KOZMETİK GIDA İNŞ. TURZ. TİC. A.Ş.,CL.S02TR-5mm,  3 ,9/26/2024
5/25/2024,9/19/2024,281/24XK,0542/TURKEY,DOĞUŞ KOZMETİK GIDA İNŞ. TURZ. TİC. A.Ş.,KD.701TR,  3 ,9/26/2024
5/25/2024,9/19/2024,281/24XK,0542/TURKEY,DOĞUŞ KOZMETİK GIDA İNŞ. TURZ. TİC. A.Ş.,KD.702TR,  3 ,9/26/2024
5/25/2024,9/19/2024,281/24XK,0542/TURKEY,DOĞUŞ KOZMETİK GIDA İNŞ. TURZ. TİC. A.Ş.,KD.703TR,  3 ,9/26/2024
5/25/2024,9/19/2024,281/24XK,0542/TURKEY,DOĞUŞ KOZMETİK GIDA İNŞ. TURZ. TİC. A.Ş.,KD.704TR,  3 ,9/26/2024
5/25/2024,9/19/2024,281/24XK,0542/TURKEY,DOĞUŞ KOZMETİK GIDA İNŞ. TURZ. TİC. A.Ş.,KD.706TR,  3 ,9/26/2024
5/25/2024,9/19/2024,281/24XK,0542/TURKEY,DOĞUŞ KOZMETİK GIDA İNŞ. TURZ. TİC. A.Ş.,KD.707TR,  3 ,9/26/2024
5/25/2024,9/19/2024,281/24XK,0542/TURKEY,DOĞUŞ KOZMETİK GIDA İNŞ. TURZ. TİC. A.Ş.,KD.708TR,  3 ,9/26/2024
5/25/2024,9/19/2024,281/24XK,0542/TURKEY,DOĞUŞ KOZMETİK GIDA İNŞ. TURZ. TİC. A.Ş.,KD.710TR,  3 ,9/26/2024
5/25/2024,9/19/2024,281/24XK,0542/TURKEY,DOĞUŞ KOZMETİK GIDA İNŞ. TURZ. TİC. A.Ş.,MD.2273,  12 ,9/26/2024
8/22/2024,9/23/2024,282/24XK,0026/GERMANY,ZWILLING Beauty Group GmbH,KD2-0211,  3.500 ,12/31/2024
8/22/2024,9/23/2024,282/24XK,0026/GERMANY,ZWILLING Beauty Group GmbH,KM2-0212,  2.400 ,12/31/2024
8/22/2024,9/23/2024,282/24XK,0026/GERMANY,ZWILLING Beauty Group GmbH,KSS-0213,  2.400 ,12/31/2024
8/22/2024,9/23/2024,282/24XK,0026/GERMANY,ZWILLING Beauty Group GmbH,KSS-0367,  2.400 ,12/31/2024
8/22/2024,9/23/2024,283/24XK,0026/GERMANY,ZWILLING Beauty Group GmbH,KD2-0211,  3.500 ,1/20/2025
8/22/2024,9/23/2024,283/24XK,0026/GERMANY,ZWILLING Beauty Group GmbH,KD2-0568,  1.500 ,1/20/2025
8/22/2024,9/23/2024,283/24XK,0026/GERMANY,ZWILLING Beauty Group GmbH,KM2-0212,  3.200 ,1/20/2025
8/22/2024,9/23/2024,283/24XK,0026/GERMANY,ZWILLING Beauty Group GmbH,KM2-0550,  1.200 ,1/20/2025
8/22/2024,9/23/2024,283/24XK,0026/GERMANY,ZWILLING Beauty Group GmbH,KSS-0213,  3.000 ,2/26/2025
8/22/2024,9/23/2024,283/24XK,0026/GERMANY,ZWILLING Beauty Group GmbH,KSS-0228,  1.800 ,2/26/2025
8/22/2024,9/23/2024,283/24XK,0026/GERMANY,ZWILLING Beauty Group GmbH,KSS-0367,  4.800 ,2/26/2025
8/22/2024,9/23/2024,283/24XK,0026/GERMANY,ZWILLING Beauty Group GmbH,KSS-0714,  1.200 ,2/26/2025
9/27/2024,9/28/2024,284/24XK,0210/JAPAN,"BEAUTY NAILER CO.,LTD.",CL.101-12,  5.000 ,12/15/2024
9/27/2024,9/28/2024,284/24XK,0210/JAPAN,"BEAUTY NAILER CO.,LTD.",CL.101C-12,  1.000 ,12/15/2024
9/26/2024,9/28/2024,285/24XK,0543/LITHUANIA,UAB “Plienas Meistras”,KSK-2282,  100 ,10/21/2024
9/26/2024,9/28/2024,285/24XK,0543/LITHUANIA,UAB “Plienas Meistras”,KSK-2283,  100 ,10/21/2024
9/26/2024,9/28/2024,285/24XK,0543/LITHUANIA,UAB “Plienas Meistras”,KSK-2284,  100 ,10/21/2024
9/26/2024,9/28/2024,285/24XK,0543/LITHUANIA,UAB “Plienas Meistras”,KSK-2285,  100 ,10/21/2024
9/26/2024,9/28/2024,285/24XK,0543/LITHUANIA,UAB “Plienas Meistras”,KSK-2286,  100 ,10/21/2024
9/26/2024,9/28/2024,285/24XK1,0543/LITHUANIA,UAB “Plienas Meistras”,KSK-2282,  100 ,11/15/2024
9/26/2024,9/28/2024,285/24XK1,0543/LITHUANIA,UAB “Plienas Meistras”,KSK-2283,  100 ,11/15/2024
9/26/2024,9/28/2024,285/24XK1,0543/LITHUANIA,UAB “Plienas Meistras”,KSK-2284,  200 ,11/15/2024
9/26/2024,9/28/2024,285/24XK1,0543/LITHUANIA,UAB “Plienas Meistras”,KSK-2285,  600 ,11/15/2024
9/26/2024,9/28/2024,285/24XK1,0543/LITHUANIA,UAB “Plienas Meistras”,KSK-2286,  900 ,11/15/2024
9/27/2024,9/28/2024,286/24XK,0559/BRAZIL,Alma Ciunelli Frutis Garcia-ME,KSK-2434,  500 ,11/16/2024
9/27/2024,9/28/2024,286/24XK,0559/BRAZIL,Alma Ciunelli Frutis Garcia-ME,KSK-2435,  500 ,11/16/2024
9/27/2024,9/28/2024,286/24XK,0559/BRAZIL,Alma Ciunelli Frutis Garcia-ME,KSK-2436,  500 ,11/16/2024
9/27/2024,9/28/2024,286/24XK,0559/BRAZIL,Alma Ciunelli Frutis Garcia-ME,KSK-2437,  500 ,11/16/2024
9/27/2024,9/28/2024,286/24XK,0559/BRAZIL,Alma Ciunelli Frutis Garcia-ME,KSS-2438,  500 ,11/16/2024
9/27/2024,9/28/2024,286/24XK,0559/BRAZIL,Alma Ciunelli Frutis Garcia-ME,KSS-2439,  500 ,11/16/2024
9/26/2024,9/28/2024,287/24xk,0419/MEXICO,Oleksandr Zadorozhnyi,C.111,  300 ,11/15/2024
9/26/2024,9/28/2024,287/24xk,0419/MEXICO,Oleksandr Zadorozhnyi,C.112,  120 ,11/15/2024
9/26/2024,9/28/2024,287/24xk,0419/MEXICO,Oleksandr Zadorozhnyi,C.118,  300 ,11/15/2024
9/26/2024,9/28/2024,287/24xk,0419/MEXICO,Oleksandr Zadorozhnyi,CL.S01-7MM,  300 ,11/15/2024
9/26/2024,9/28/2024,287/24xk,0419/MEXICO,Oleksandr Zadorozhnyi,KD.701,  600 ,11/30/2024
9/26/2024,9/28/2024,287/24xk,0419/MEXICO,Oleksandr Zadorozhnyi,KD.702,  420 ,11/30/2024
9/26/2024,9/28/2024,287/24xk,0419/MEXICO,Oleksandr Zadorozhnyi,KD.705,  240 ,11/30/2024
9/26/2024,9/28/2024,287/24xk,0419/MEXICO,Oleksandr Zadorozhnyi,KD.706,  240 ,11/30/2024
9/26/2024,9/28/2024,287/24xk,0419/MEXICO,Oleksandr Zadorozhnyi,KD.708,  180 ,11/30/2024
9/26/2024,9/28/2024,287/24xk,0419/MEXICO,Oleksandr Zadorozhnyi,KD.711,  180 ,11/30/2024
9/26/2024,9/28/2024,287/24xk,0419/MEXICO,Oleksandr Zadorozhnyi,KD.712,  180 ,11/30/2024
9/26/2024,9/28/2024,287/24xk,0419/MEXICO,Oleksandr Zadorozhnyi,KD.716,  300 ,11/30/2024
9/26/2024,9/28/2024,287/24xk,0419/MEXICO,Oleksandr Zadorozhnyi,KD.718,  300 ,11/30/2024
9/26/2024,9/28/2024,287/24xk,0419/MEXICO,Oleksandr Zadorozhnyi,KDN.720,  160 ,11/30/2024
9/26/2024,9/28/2024,287/24xk,0419/MEXICO,Oleksandr Zadorozhnyi,KDN.721,  160 ,11/30/2024
9/26/2024,9/28/2024,287/24xk,0419/MEXICO,Oleksandr Zadorozhnyi,MD-2101,  50 ,11/30/2024
9/26/2024,9/28/2024,287/24xk,0419/MEXICO,Oleksandr Zadorozhnyi,N.111,  240 ,11/15/2024
9/26/2024,9/28/2024,287/24xk,0419/MEXICO,Oleksandr Zadorozhnyi,N.118,  300 ,11/15/2024
9/26/2024,9/28/2024,287/24xk,0419/MEXICO,Oleksandr Zadorozhnyi,NL.202,  300 ,11/15/2024
9/26/2024,9/28/2024,287/24xk,0419/MEXICO,Oleksandr Zadorozhnyi,NL.208,  120 ,11/15/2024
9/26/2024,9/28/2024,287/24xk,0419/MEXICO,Oleksandr Zadorozhnyi,P.04,  240 ,11/30/2024
9/26/2024,9/28/2024,287/24xk,0419/MEXICO,Oleksandr Zadorozhnyi,P.12,  300 ,11/30/2024
9/26/2024,9/28/2024,287/24xk,0419/MEXICO,Oleksandr Zadorozhnyi,P.13,  480 ,11/30/2024
9/26/2024,9/28/2024,287/24xk,0419/MEXICO,Oleksandr Zadorozhnyi,P.14,  300 ,11/30/2024
9/26/2024,9/28/2024,287/24xk,0419/MEXICO,Oleksandr Zadorozhnyi,P.15,  240 ,11/30/2024
9/26/2024,9/28/2024,287/24xk,0419/MEXICO,Oleksandr Zadorozhnyi,P.17,  600 ,11/30/2024
9/26/2024,9/28/2024,287/24xk,0419/MEXICO,Oleksandr Zadorozhnyi,P.22,  300 ,11/30/2024
9/26/2024,10/1/2024,288/24xk,0069/POLAND,ACTIV TOMASZ PACHOLCZYK,C.03-5MM,  720 ,11/30/2024
9/26/2024,10/1/2024,288/24xk,0069/POLAND,ACTIV TOMASZ PACHOLCZYK,C.04-3.5MM,  3.840 ,11/30/2024
9/26/2024,10/1/2024,288/24xk,0069/POLAND,ACTIV TOMASZ PACHOLCZYK,C.04-5MM,  3.840 ,11/30/2024
9/26/2024,10/1/2024,288/24xk,0069/POLAND,ACTIV TOMASZ PACHOLCZYK,C.04-6MM,  720 ,11/30/2024
9/26/2024,10/1/2024,288/24xk,0069/POLAND,ACTIV TOMASZ PACHOLCZYK,C.04-7MM,  1.080 ,11/30/2024
9/26/2024,10/1/2024,288/24xk,0069/POLAND,ACTIV TOMASZ PACHOLCZYK,C.05-7MM,  120 ,11/30/2024
9/26/2024,10/1/2024,288/24xk,0069/POLAND,ACTIV TOMASZ PACHOLCZYK,C.06-5MM,  1.080 ,11/30/2024
9/26/2024,10/1/2024,288/24xk,0069/POLAND,ACTIV TOMASZ PACHOLCZYK,C.07-3.5mm,  10.800 ,11/30/2024
9/26/2024,10/1/2024,288/24xk,0069/POLAND,ACTIV TOMASZ PACHOLCZYK,C.07-5MM,  10.800 ,11/30/2024
9/26/2024,10/1/2024,288/24xk,0069/POLAND,ACTIV TOMASZ PACHOLCZYK,C.07-7MM,  360 ,11/30/2024
9/26/2024,10/1/2024,288/24xk,0069/POLAND,ACTIV TOMASZ PACHOLCZYK,C.08-5MM,  120 ,11/30/2024
9/26/2024,9/28/2024,288/24xk,0069/POLAND,ACTIV TOMASZ PACHOLCZYK,ES.01,  240 ,11/30/2024
9/26/2024,9/28/2024,288/24xk,0069/POLAND,ACTIV TOMASZ PACHOLCZYK,ES.03,  180 ,11/30/2024
9/26/2024,9/28/2024,288/24xk,0069/POLAND,ACTIV TOMASZ PACHOLCZYK,KD.702,  60 ,11/30/2024
9/26/2024,9/28/2024,288/24xk,0069/POLAND,ACTIV TOMASZ PACHOLCZYK,KD.703,  240 ,11/30/2024
9/26/2024,9/28/2024,288/24xk,0069/POLAND,ACTIV TOMASZ PACHOLCZYK,KD.705,  360 ,11/30/2024
9/26/2024,9/28/2024,288/24xk,0069/POLAND,ACTIV TOMASZ PACHOLCZYK,KD.706,  360 ,11/30/2024
9/26/2024,9/28/2024,288/24xk,0069/POLAND,ACTIV TOMASZ PACHOLCZYK,KD.707,  120 ,11/30/2024
9/26/2024,10/1/2024,288/24xk,0069/POLAND,ACTIV TOMASZ PACHOLCZYK,N.07,  120 ,11/30/2024
9/26/2024,10/1/2024,288/24xk,0069/POLAND,ACTIV TOMASZ PACHOLCZYK,NB.102,  120 ,11/30/2024
9/26/2024,9/28/2024,288/24xk,0069/POLAND,ACTIV TOMASZ PACHOLCZYK,NC.01,  540 ,11/30/2024
9/26/2024,9/28/2024,288/24xk,0069/POLAND,ACTIV TOMASZ PACHOLCZYK,NC.02,  360 ,11/30/2024
9/26/2024,9/28/2024,288/24xk,0069/POLAND,ACTIV TOMASZ PACHOLCZYK,NC.03,  120 ,11/30/2024
9/26/2024,9/28/2024,288/24xk,0069/POLAND,ACTIV TOMASZ PACHOLCZYK,NC.04,  120 ,11/30/2024
9/26/2024,9/28/2024,288/24xk,0069/POLAND,ACTIV TOMASZ PACHOLCZYK,P.05,  180 ,11/30/2024
9/26/2024,9/28/2024,288/24xk,0069/POLAND,ACTIV TOMASZ PACHOLCZYK,T.01GR,  240 ,11/30/2024
9/26/2024,9/28/2024,288/24xk,0069/POLAND,ACTIV TOMASZ PACHOLCZYK,T.01RE,  240 ,11/30/2024
9/26/2024,9/28/2024,288/24xk,0069/POLAND,ACTIV TOMASZ PACHOLCZYK,T.03,  240 ,11/30/2024
9/26/2024,9/28/2024,288/24xk,0069/POLAND,ACTIV TOMASZ PACHOLCZYK,T.05,  720 ,11/30/2024
9/19/2024,9/28/2024,289/24xk,0343/PHILIPPINES,ERRA ENTERPRISE ,KD.707,  2.880 ,HỦY
9/19/2024,9/28/2024,289/24xk,0343/PHILIPPINES,ERRA ENTERPRISE ,KD.722,  1.080 ,HỦY
9/27/2024,9/28/2024,290/24xk,0503/SPAIN,Salón manicura y pedicura Siberia S.L.,KD2-1898,  500 ,11/22/2024
10/1/2024,10/4/2024,291/24XK,0560/ITALY,CARINO SRL,NC.01,  120 ,11/14/2024
10/1/2024,10/4/2024,291/24XK,0560/ITALY,CARINO SRL,NC.02,  600 ,11/14/2024
10/1/2024,10/4/2024,292/24xk,0336/CHINA,"QVS Global China, LTD",KSS-0228,  1.000 ,12/16/2024
10/1/2024,10/4/2024,293/24XK,0467/POLAND,NAIL4U,KM2-2443,  500 ,12/14/2024
10/1/2024,10/4/2024,293/24XK,0467/POLAND,NAIL4U,KM2-2444,  500 ,12/14/2024
10/1/2024,10/4/2024,293/24XK,0467/POLAND,NAIL4U,KM2-2445,  500 ,12/14/2024
10/1/2024,10/4/2024,293/24xk,0467/POLAND,NAIL4U,KSK-1675,  500 ,12/14/2024
10/1/2024,10/4/2024,293/24xk,0467/POLAND,NAIL4U,KSK-1676,  500 ,12/14/2024
10/1/2024,10/4/2024,293/24XK,0467/POLAND,NAIL4U,KSK-2440,  500 ,12/14/2024
10/1/2024,10/4/2024,293/24XK,0467/POLAND,NAIL4U,KSK-2441,  -   ,HỦY
10/1/2024,10/4/2024,293/24XK,0467/POLAND,NAIL4U,KSK-2442,  500 ,12/14/2024
10/1/2024,10/4/2024,293/24XK,0467/POLAND,NAIL4U,KSS-2029,  500 ,12/14/2024
10/3/2024,10/4/2024,294/24XK,0079/RUSSIA,Vectorgroup Company,KD2-0057,  2.500 ,11/26/2024
10/3/2024,10/4/2024,294/24XK,0079/RUSSIA,Vectorgroup Company,KD2-0065,  5.500 ,11/26/2024
10/3/2024,10/4/2024,294/24XK,0079/RUSSIA,Vectorgroup Company,KD2-0525,  1.500 ,11/26/2024
10/3/2024,10/4/2024,294/24XK,0079/RUSSIA,Vectorgroup Company,KD2-0526,  1.000 ,11/26/2024
10/3/2024,10/4/2024,294/24XK,0079/RUSSIA,Vectorgroup Company,KD2-0619,  3.000 ,11/26/2024
10/3/2024,10/4/2024,294/24XK,0079/RUSSIA,Vectorgroup Company,KD2-0729,  2.000 ,11/26/2024
10/3/2024,10/4/2024,294/24XK,0079/RUSSIA,Vectorgroup Company,KM2-1700,  1.000 ,12/10/2024
10/4/2024,10/8/2024,295/24XK,0079/RUSSIA,Vectorgroup Company,KSK-2426,  5.000 ,11/30/2024
10/10/2024,10/10/2024,296/24XK,0005/FRANCE,DECORSE & VOIRIN SAS,KD3-0115,  5.000 ,12/17/2024
10/10/2024,10/10/2024,296/24XK,0005/FRANCE,DECORSE & VOIRIN SAS,KD3-0116,  2.000 ,12/17/2024
10/10/2024,10/10/2024,296/24XK,0005/FRANCE,DECORSE & VOIRIN SAS,KD3-0118,  3.000 ,12/17/2024
10/10/2024,10/10/2024,296/24XK,0005/FRANCE,DECORSE & VOIRIN SAS,KD3-0119,  1.000 ,12/17/2024
10/10/2024,10/10/2024,296/24XK,0005/FRANCE,DECORSE & VOIRIN SAS,KM3-0112,  500 ,12/17/2024
10/4/2024,10/8/2024,297/24XK,0418/OMAN,MAYA NAILSHOP,C.03-12,  60 ,10/26/2024
10/4/2024,10/8/2024,297/24XK,0418/OMAN,MAYA NAILSHOP,C.06-12,  120 ,10/26/2024
10/4/2024,10/8/2024,297/24XK,0418/OMAN,MAYA NAILSHOP,C.07-12,  60 ,10/26/2024
10/4/2024,10/8/2024,297/24XK,0418/OMAN,MAYA NAILSHOP,C.36-12,  360 ,10/26/2024
10/4/2024,10/8/2024,297/24XK,0418/OMAN,MAYA NAILSHOP,N.118,  30 ,10/26/2024
10/4/2024,10/8/2024,297/24XK,0418/OMAN,MAYA NAILSHOP,NC.01,  60 ,10/26/2024
10/4/2024,10/8/2024,297/24XK,0418/OMAN,MAYA NAILSHOP,NC.02,  60 ,10/26/2024
10/4/2024,10/8/2024,297/24XK,0418/OMAN,MAYA NAILSHOP,NC.03,  60 ,10/26/2024
10/4/2024,10/8/2024,297/24XK,0418/OMAN,MAYA NAILSHOP,NC.04,  60 ,10/26/2024
10/4/2024,10/8/2024,297/24XK,0418/OMAN,MAYA NAILSHOP,NL.210,  20 ,10/26/2024
10/4/2024,10/8/2024,297/24XK,0418/OMAN,MAYA NAILSHOP,P.01,  120 ,10/26/2024
10/7/2024,10/8/2024,298/24XK,0051/SING,ELLA INTERNATIONAL,C.04-12,  720 ,11/13/2024
10/7/2024,10/8/2024,298/24XK,0051/SING,ELLA INTERNATIONAL,C.112,  3.600 ,11/13/2024
10/7/2024,10/8/2024,298/24XK,0051/SING,ELLA INTERNATIONAL,P.02,  480 ,11/13/2024
10/7/2024,10/8/2024,298/24XK,0051/SING,ELLA INTERNATIONAL,P.03,  480 ,11/13/2024
10/8/2024,10/10/2024,299/24xk,0504/UAE,WELLBE TRADING LLC,C.05-14,  100 ,10/31/2024
10/8/2024,10/10/2024,299/24xk,0504/UAE,WELLBE TRADING LLC,C.08-14,  200 ,11/2/2024
10/8/2024,10/10/2024,299/24xk,0504/UAE,WELLBE TRADING LLC,NC.02,  150 ,11/2/2024
10/8/2024,10/10/2024,299/24xk,0504/UAE,WELLBE TRADING LLC,NC.04,  100 ,11/2/2024
10/8/2024,10/10/2024,299/24xk,0504/UAE,WELLBE TRADING LLC,P.38,  350 ,11/2/2024
10/10/2024,10/10/2024,300/24XK,0536/SING,Maximus Zhao Marketing (S) Pte. Ltd,C.112,  3.000 ,11/16/2024
10/7/2024,10/10/2024,301/24XK,0561/ITALY,MEDESY,KD2-2447,  120 ,12/17/2024
10/7/2024,10/10/2024,301/24XK,0561/ITALY,MEDESY,KD2-2448,  120 ,12/17/2024
10/7/2024,10/10/2024,301/24XK,0561/ITALY,MEDESY,KM2-2446,  120 ,12/17/2024
10/11/2024,10/11/2024,302/24xk,0419/MEXICO,Oleksandr Zadorozhnyi,MD-2101,  250 ,10/21/2024
9/29/2024,10/11/2024,303/24xk,0419/MEXICO,Oleksandr Zadorozhnyi,T.10,  300 ,11/27/2024
9/29/2024,10/11/2024,303/24xk,0419/MEXICO,Oleksandr Zadorozhnyi,T.11,  200 ,11/27/2024
10/10/2024,10/11/2024,304/24XK,0535/FRANCE,M’novae M’Nails,KSK-2138,  500 ,12/11/2024
10/11/2024,10/11/2024,305/24xk,0223/korea,JENIPER,KD2-0706,  500 ,12/16/2024
10/11/2024,10/11/2024,305/24xk,0223/korea,JENIPER,KDT-1440,  2.000 ,12/16/2024
9/23/2024,10/11/2024,306/24xk,0246/KOREA,PARAN NAIL ,KDT-2120,  1.100 ,12/21/2024
9/23/2024,10/11/2024,306/24xk,0246/KOREA,PARAN NAIL ,KDT-2430,  3.900 ,12/21/2024
10/11/2024,10/11/2024,307/24xk,0059/KOREA,CAREN BEAUTY,KD2-0153,  1.400 ,12/13/2024
10/11/2024,10/14/2024,308/24XK,0562/GERMANY,Climate GmbH,KD2-2459,  250 ,12/23/2024
10/11/2024,10/14/2024,308/24XK,0562/GERMANY,Climate GmbH,KD2-2460,  250 ,12/23/2024
10/11/2024,10/14/2024,308/24XK,0562/GERMANY,Climate GmbH,KD2-2461,  250 ,12/23/2024
10/11/2024,10/14/2024,308/24XK,0562/GERMANY,Climate GmbH,KD2-2462,  250 ,12/23/2024
10/11/2024,10/14/2024,308/24XK,0562/GERMANY,Climate GmbH,KD2-2463,  250 ,12/23/2024
10/11/2024,10/14/2024,308/24XK,0562/GERMANY,Climate GmbH,KD2-2464,  250 ,12/23/2024
10/11/2024,10/14/2024,308/24XK,0562/GERMANY,Climate GmbH,KSK-2457,  500 ,12/23/2024
10/11/2024,10/14/2024,308/24XK,0562/GERMANY,Climate GmbH,KSK-2458,  250 ,12/23/2024
10/11/2024,10/14/2024,308/24XK,0562/GERMANY,Climate GmbH,KSK-2471,  500 ,12/23/2024
10/11/2024,10/14/2024,308/24XK,0562/GERMANY,Climate GmbH,KSS-2465,  250 ,12/23/2024
10/11/2024,10/14/2024,308/24XK,0562/GERMANY,Climate GmbH,KSS-2466,  250 ,12/23/2024
10/14/2024,10/15/2024,309/24xk,0298/KOREA,ARTCOS,KD2-0661,  1.000 ,12/18/2024
10/15/2024,10/16/2024,310/24XK,0308/ISRAEL,ABI ltd,KSK-2451,  400 ,12/14/2024
10/15/2024,10/16/2024,310/24XK,0308/ISRAEL,ABI ltd,KSK-2452,  400 ,12/14/2024
10/15/2024,10/16/2024,310/24XK,0308/ISRAEL,ABI ltd,KSK-2453,  400 ,12/14/2024
10/15/2024,10/16/2024,310/24XK,0308/ISRAEL,ABI ltd,KSK-2454,  400 ,12/14/2024
10/15/2024,10/16/2024,310/24XK,0308/ISRAEL,ABI ltd,KSK-2455,  400 ,12/14/2024
10/15/2024,10/16/2024,310/24XK,0308/ISRAEL,ABI ltd,KSS-2456,  400 ,12/14/2024
8/26/2024,10/16/2024,311/24xk,0496/POLAND,APM GROUP,KD2-1856,  500 ,11/20/2024
8/26/2024,10/16/2024,311/24xk,0496/POLAND,APM GROUP,KD2-1857,  500 ,11/20/2024
10/16/2024,10/16/2024,312/24XK,0419/MEXICO,Oleksandr Zadorozhnyi,KSK-2078,  1.000 ,11/22/2024
10/8/2024,10/17/2024,313/24XK,NNC,NNC,B.902,  5.340 ,12/19/2024
10/8/2024,10/17/2024,313/24XK,NNC,NNC,D.03-14,  960 ,12/19/2024
10/8/2024,10/17/2024,313/24XK,NNC,NNC,D.03-16,  6.720 ,12/19/2024
10/8/2024,10/17/2024,313/24XK,NNC,NNC,D.04-14,  6.960 ,12/19/2024
10/8/2024,10/17/2024,313/24XK,NNC,NNC,D.06-14,  1.800 ,12/19/2024
10/8/2024,10/17/2024,313/24XK,NNC,NNC,D.07-12,  3.240 ,12/19/2024
10/8/2024,10/17/2024,313/24XK,NNC,NNC,D.07-14,  7.920 ,12/19/2024
10/8/2024,10/17/2024,313/24XK,NNC,NNC,D.07-16,  14.760 ,12/19/2024
10/8/2024,10/17/2024,313/24XK,NNC,NNC,D.08-12,  980 ,12/19/2024
10/8/2024,10/17/2024,313/24XK,NNC,NNC,D.08-14,  2.340 ,12/19/2024
10/8/2024,10/17/2024,313/24XK,NNC,NNC,D.08-16,  360 ,12/19/2024
10/8/2024,10/17/2024,313/24XK,NNC,NNC,D.506,  4.500 ,12/19/2024
10/8/2024,10/17/2024,313/24XK,NNC,NNC,D.555KD,  7.200 ,12/19/2024
10/8/2024,10/17/2024,313/24XK,NNC,NNC,M.01,  2.520 ,12/19/2024
10/8/2024,10/17/2024,313/24XK,NNC,NNC,M.03,  2.100 ,12/19/2024
10/8/2024,10/17/2024,313/24XK,NNC,NNC,M.04,  1.440 ,12/19/2024
10/8/2024,10/17/2024,313/24XK,NNC,NNC,M.18,  720 ,12/19/2024
10/8/2024,10/17/2024,313/24XK,NNC,NNC,M.501,  1.080 ,12/19/2024
10/8/2024,10/17/2024,313/24XK,NNC,NNC,M.555KD,  1.080 ,12/19/2024
10/8/2024,10/17/2024,313/24XK,NNC,NNC,S.514,  540 ,12/19/2024
10/8/2024,10/17/2024,313/24XK,NNC,NNC,S.516,  2.100 ,12/19/2024
10/16/2024,10/21/2024,314/24XK,0311/KOREA,DANIEL COMPANY,KD2-0880,  1.500 ,12/30/2024
10/16/2024,10/21/2024,314/24XK,0311/KOREA,DANIEL COMPANY,KD2-1117,  500 ,12/30/2024
10/17/2024,10/17/2024,315/24ND,GT,BAN GIÁM ĐỐC,GS.EVO-01,  150 ,10/29/2024
10/15/2024,10/17/2024,316/24XK,0425/CHINA,Guangzhou Xingdian Nail Products Company Limited,D.05-12NC,  60 ,12/15/2024
10/15/2024,10/17/2024,316/24XK,0425/CHINA,Guangzhou Xingdian Nail Products Company Limited,D.07-3.5NC,  1.440 ,11/30/2024
10/18/2024,10/21/2024,317/24XK,0505/PORTUGAL,DUOBEAUTY UNIPESSOAL LDA,KD2-2185,  200 ,12/20/2024
10/18/2024,10/21/2024,317/24XK,0505/PORTUGAL,DUOBEAUTY UNIPESSOAL LDA,KD2-2187,  200 ,12/20/2024
10/18/2024,10/21/2024,317/24XK,0505/PORTUGAL,DUOBEAUTY UNIPESSOAL LDA,KD2-2188,  250 ,12/20/2024
10/18/2024,10/21/2024,317/24XK,0505/PORTUGAL,DUOBEAUTY UNIPESSOAL LDA,KSK-2419,  500 ,3/8/2025
10/18/2024,10/21/2024,318/24XK,0212/KOREA,SHINEWITH INC.,CL.201-3.5MM,  3.800 ,12/26/2024
10/18/2024,10/21/2024,318/24XK,0212/KOREA,SHINEWITH INC.,ES.05,  1.100 ,12/12/2024
10/18/2024,10/21/2024,318/24XK,0212/KOREA,SHINEWITH INC.,KD.43,  200 ,12/12/2024
10/18/2024,10/21/2024,318/24XK,0212/KOREA,SHINEWITH INC.,NC.01,  500 ,12/12/2024
10/18/2024,10/21/2024,318/24XK,0212/KOREA,SHINEWITH INC.,P.08,  500 ,12/12/2024
10/22/2024,10/22/2024,319/24XK,0502/ITALY,MOROCUTTI GIOVANNI SRL,KD2-1891,  300 ,12/23/2024
10/22/2024,10/22/2024,319/24XK,0502/ITALY,MOROCUTTI GIOVANNI SRL,KD2-1892,  720 ,12/23/2024
10/22/2024,10/22/2024,319/24XK,0502/ITALY,MOROCUTTI GIOVANNI SRL,KD2-1893,  300 ,12/23/2024
10/22/2024,10/22/2024,320/24XK,0531/CHINA,"TONG DE INDUSTRY AND TRADE (YANGJIANG YANGDONG DISTRICT) CO., LTD",KD2-2147,  1.500 ,12/12/2024
10/22/2024,10/22/2024,321/24XK,0537/ISRAEL,Adi Mazor,KD2-2468,  500 ,12/24/2024
10/22/2024,10/22/2024,321/24XK,0537/ISRAEL,Adi Mazor,KSK-2469,  500 ,12/13/2024
10/22/2024,10/22/2024,321/24XK,0537/ISRAEL,Adi Mazor,KSS-2470,  500 ,12/13/2024
10/23/2024,10/23/2024,322/24XK,0470/LEBANON,TEC-NAILS COSMETICS,KD2-1479,  500 ,12/13/2024
10/22/2024,10/23/2024,323/24XK,0525/PANAMA,LDA BUSINESS INC 1,CL.201-7MM,  30 ,10/29/2024
10/22/2024,10/23/2024,323/24XK,0525/PANAMA,LDA BUSINESS INC 1,CL.205-5MM,  20 ,10/29/2024
10/22/2024,10/23/2024,323/24XK,0525/PANAMA,LDA BUSINESS INC 1,CL.205-7MM,  20 ,10/29/2024
10/22/2024,10/23/2024,323/24XK,0525/PANAMA,LDA BUSINESS INC 1,CL.206-7MM,  30 ,10/29/2024
10/22/2024,10/23/2024,323/24XK,0525/PANAMA,LDA BUSINESS INC 1,CL.207-5MM,  30 ,10/29/2024
10/22/2024,10/23/2024,323/24XK,0525/PANAMA,LDA BUSINESS INC 1,CL.207-7MM,  30 ,10/29/2024
10/22/2024,10/23/2024,323/24XK,0525/PANAMA,LDA BUSINESS INC 1,CL.223-8MM,  40 ,10/29/2024
10/22/2024,10/23/2024,323/24XK,0525/PANAMA,LDA BUSINESS INC 1,CL.S01-5MM,  30 ,10/29/2024
10/22/2024,10/23/2024,323/24XK,0525/PANAMA,LDA BUSINESS INC 1,CL.S01-7MM,  30 ,10/29/2024
10/22/2024,10/23/2024,323/24XK,0525/PANAMA,LDA BUSINESS INC 1,CL.S02-5MM,  40 ,10/29/2024
10/22/2024,10/23/2024,323/24XK,0525/PANAMA,LDA BUSINESS INC 1,NC.01,  20 ,10/29/2024
10/22/2024,10/23/2024,323/24XK,0525/PANAMA,LDA BUSINESS INC 1,NL.201,  20 ,10/29/2024
10/22/2024,10/23/2024,323/24XK,0525/PANAMA,LDA BUSINESS INC 1,P.15,  30 ,10/29/2024
10/22/2024,10/23/2024,323/24XK,0525/PANAMA,LDA BUSINESS INC 1,P.17,  30 ,10/29/2024
10/22/2024,10/23/2024,323/24XK,0525/PANAMA,LDA BUSINESS INC 1,T.11,  30 ,10/29/2024
10/23/2024,10/24/2024,324/24XK,0343/PHILIPPINES,ERRA ENTERPRISE ,C.04-3.5MM,  1.080 ,12/16/2024
10/23/2024,10/24/2024,324/24XK,0343/PHILIPPINES,ERRA ENTERPRISE ,C.05-3.5MM,  1.080 ,12/16/2024
10/23/2024,10/24/2024,324/24XK,0343/PHILIPPINES,ERRA ENTERPRISE ,C.07-3.5MM,  720 ,12/16/2024
10/23/2024,10/24/2024,324/24XK,0343/PHILIPPINES,ERRA ENTERPRISE ,C.111-12,  1.080 ,12/16/2024
10/23/2024,10/24/2024,324/24XK,0343/PHILIPPINES,ERRA ENTERPRISE ,KDN.721,  4.050 ,12/16/2024
10/24/2024,10/25/2024,325/24XK,0426/GREECE,LALOO COSMECTICS,C.01-5mm,  200 ,12/18/2024
10/24/2024,10/25/2024,325/24XK,0426/GREECE,LALOO COSMECTICS,C.03-5mm,  350 ,12/18/2024
10/24/2024,10/25/2024,325/24XK,0426/GREECE,LALOO COSMECTICS,C.04-6mm,  350 ,12/18/2024
10/24/2024,10/25/2024,325/24XK,0426/GREECE,LALOO COSMECTICS,C.04-7mm,  350 ,12/18/2024
10/24/2024,10/25/2024,325/24XK,0426/GREECE,LALOO COSMECTICS,C.05-5mm,  350 ,12/18/2024
10/24/2024,10/25/2024,325/24XK,0426/GREECE,LALOO COSMECTICS,C.07-3.5mm,  200 ,12/18/2024
10/24/2024,10/25/2024,325/24XK,0426/GREECE,LALOO COSMECTICS,C.07-5mm,  350 ,12/18/2024
10/24/2024,10/25/2024,325/24XK,0426/GREECE,LALOO COSMECTICS,C.07-6mm,  300 ,12/18/2024
10/24/2024,10/25/2024,325/24XK,0426/GREECE,LALOO COSMECTICS,C.07-7mm,  450 ,12/18/2024
10/24/2024,10/25/2024,325/24XK,0426/GREECE,LALOO COSMECTICS,C.08-5mm,  200 ,12/18/2024
10/24/2024,10/25/2024,325/24XK,0426/GREECE,LALOO COSMECTICS,C.08-6mm,  200 ,12/18/2024
10/24/2024,10/25/2024,325/24XK,0426/GREECE,LALOO COSMECTICS,C.08-7mm,  200 ,12/18/2024
10/24/2024,10/25/2024,325/24XK,0426/GREECE,LALOO COSMECTICS,C.37-6mm,  300 ,12/18/2024
10/24/2024,10/25/2024,325/24XK,0426/GREECE,LALOO COSMECTICS,CB.101C-6mm,  200 ,12/18/2024
10/24/2024,10/25/2024,325/24XK,0426/GREECE,LALOO COSMECTICS,CL.205-5mm,  150 ,12/18/2024
10/24/2024,10/25/2024,325/24XK,0426/GREECE,LALOO COSMECTICS,CL.205-7mm,  300 ,12/18/2024
10/24/2024,10/25/2024,325/24XK,0426/GREECE,LALOO COSMECTICS,CL.206-5mm,  300 ,12/18/2024
10/24/2024,10/25/2024,325/24XK,0426/GREECE,LALOO COSMECTICS,CL.206-7mm,  250 ,12/18/2024
10/24/2024,10/25/2024,325/24XK,0426/GREECE,LALOO COSMECTICS,CL.207-10mm,  200 ,12/18/2024
10/24/2024,10/25/2024,325/24XK,0426/GREECE,LALOO COSMECTICS,CL.207-7mm,  300 ,12/18/2024
10/24/2024,10/25/2024,325/24XK,0426/GREECE,LALOO COSMECTICS,CL.S01-3.5mm,  350 ,12/18/2024
10/24/2024,10/25/2024,325/24XK,0426/GREECE,LALOO COSMECTICS,CL.S01-5mm,  350 ,12/18/2024
10/24/2024,10/25/2024,325/24XK,0426/GREECE,LALOO COSMECTICS,CL.S01-7mm,  150 ,12/18/2024
10/24/2024,10/25/2024,325/24XK,0426/GREECE,LALOO COSMECTICS,EVO.01V-6mm,  250 ,12/18/2024
10/24/2024,10/25/2024,325/24XK,0426/GREECE,LALOO COSMECTICS,KD.703,  150 ,12/16/2024
10/24/2024,10/25/2024,325/24XK,0426/GREECE,LALOO COSMECTICS,KD.706,  150 ,12/16/2024
10/24/2024,10/25/2024,325/24XK,0426/GREECE,LALOO COSMECTICS,KD.718,  60 ,12/16/2024
10/24/2024,10/25/2024,325/24XK,0426/GREECE,LALOO COSMECTICS,MD.2267,  200 ,12/16/2024
10/24/2024,10/25/2024,325/24XK,0426/GREECE,LALOO COSMECTICS,NC.01,  100 ,12/16/2024
10/24/2024,10/25/2024,325/24XK,0426/GREECE,LALOO COSMECTICS,NL.102,  200 ,12/18/2024
10/24/2024,10/25/2024,325/24XK,0426/GREECE,LALOO COSMECTICS,NL.201,  350 ,12/18/2024
10/24/2024,10/25/2024,325/24XK,0426/GREECE,LALOO COSMECTICS,NL.203,  200 ,12/18/2024
10/24/2024,10/25/2024,325/24XK,0426/GREECE,LALOO COSMECTICS,NL.204,  150 ,12/18/2024
10/24/2024,10/25/2024,325/24XK,0426/GREECE,LALOO COSMECTICS,NL.205,  200 ,12/18/2024
10/24/2024,10/25/2024,325/24XK,0426/GREECE,LALOO COSMECTICS,NL.207,  200 ,12/18/2024
10/24/2024,10/25/2024,325/24XK,0426/GREECE,LALOO COSMECTICS,NL.208,  100 ,12/18/2024
10/24/2024,10/25/2024,325/24XK,0426/GREECE,LALOO COSMECTICS,P.04,  200 ,12/16/2024
10/24/2024,10/25/2024,325/24XK,0426/GREECE,LALOO COSMECTICS,P.05,  150 ,12/16/2024
10/24/2024,10/25/2024,325/24XK,0426/GREECE,LALOO COSMECTICS,P.10,  250 ,12/16/2024
10/24/2024,10/25/2024,325/24XK,0426/GREECE,LALOO COSMECTICS,P.13,  200 ,12/16/2024
10/24/2024,10/25/2024,325/24XK,0426/GREECE,LALOO COSMECTICS,P.15,  200 ,12/16/2024
10/24/2024,10/25/2024,325/24XK,0426/GREECE,LALOO COSMECTICS,P.17,  200 ,12/16/2024
10/26/2024,10/26/2024,326/24XK,0494/UKRAINE,BEAUTY PROF LCC,C.06-6MM,  480 ,12/25/2024
10/26/2024,10/26/2024,326/24XK,0494/UKRAINE,BEAUTY PROF LCC,C.07-7MM,  600 ,12/25/2024
10/26/2024,10/26/2024,326/24XK,0494/UKRAINE,BEAUTY PROF LCC,CL.206-5MM,  150 ,12/25/2024
10/26/2024,10/26/2024,326/24XK,0494/UKRAINE,BEAUTY PROF LCC,CL.206-7mm,  1.000 ,12/25/2024
10/26/2024,10/26/2024,326/24XK,0494/UKRAINE,BEAUTY PROF LCC,CL.209-12MM,  1 ,12/25/2024
10/26/2024,10/26/2024,326/24XK,0494/UKRAINE,BEAUTY PROF LCC,CL.211-10MM,  1 ,12/25/2024
10/26/2024,10/26/2024,326/24XK,0494/UKRAINE,BEAUTY PROF LCC,CL.221-10MM,  1 ,12/25/2024
10/26/2024,10/26/2024,326/24XK,0494/UKRAINE,BEAUTY PROF LCC,CL.223-8MM,  1 ,12/25/2024
10/26/2024,10/26/2024,326/24XK,0494/UKRAINE,BEAUTY PROF LCC,KD.43,  120 ,12/25/2024
10/26/2024,10/26/2024,326/24XK,0494/UKRAINE,BEAUTY PROF LCC,KD.701,  480 ,12/25/2024
10/26/2024,10/26/2024,326/24XK,0494/UKRAINE,BEAUTY PROF LCC,KD.702,  800 ,12/25/2024
10/26/2024,10/26/2024,326/24XK,0494/UKRAINE,BEAUTY PROF LCC,KD.704,  480 ,12/25/2024
10/26/2024,10/26/2024,326/24XK,0494/UKRAINE,BEAUTY PROF LCC,KD.706,  1.300 ,12/25/2024
10/26/2024,10/26/2024,326/24XK,0494/UKRAINE,BEAUTY PROF LCC,KD.714,  500 ,12/25/2024
10/26/2024,10/26/2024,326/24XK,0494/UKRAINE,BEAUTY PROF LCC,KD.715,  500 ,12/25/2024
10/26/2024,10/26/2024,326/24XK,0494/UKRAINE,BEAUTY PROF LCC,KD.718,  2 ,12/25/2024
10/26/2024,10/26/2024,326/24XK,0494/UKRAINE,BEAUTY PROF LCC,KD.722,  1 ,12/25/2024
10/26/2024,10/26/2024,326/24XK,0494/UKRAINE,BEAUTY PROF LCC,KDM.713,  300 ,12/25/2024
10/26/2024,10/26/2024,326/24XK,0494/UKRAINE,BEAUTY PROF LCC,KDM.717,  300 ,12/25/2024
10/26/2024,10/26/2024,326/24XK,0494/UKRAINE,BEAUTY PROF LCC,KDN.720,  1 ,12/25/2024
10/26/2024,10/26/2024,326/24XK,0494/UKRAINE,BEAUTY PROF LCC,KDN.721,  1 ,12/25/2024
10/26/2024,10/26/2024,326/24XK,0494/UKRAINE,BEAUTY PROF LCC,NC.01,  300 ,12/25/2024
10/26/2024,10/26/2024,326/24XK,0494/UKRAINE,BEAUTY PROF LCC,NC.03,  180 ,12/25/2024
10/26/2024,10/26/2024,326/24XK,0494/UKRAINE,BEAUTY PROF LCC,NC.04,  300 ,12/25/2024
10/26/2024,10/26/2024,326/24XK,0494/UKRAINE,BEAUTY PROF LCC,P.12,  300 ,12/25/2024
10/26/2024,10/26/2024,326/24XK,0494/UKRAINE,BEAUTY PROF LCC,P.17,  300 ,12/25/2024
10/26/2024,10/26/2024,326/24XK,0494/UKRAINE,BEAUTY PROF LCC,P.18,  2 ,12/25/2024
10/26/2024,10/26/2024,326/24XK,0494/UKRAINE,BEAUTY PROF LCC,P.20,  2 ,12/25/2024
10/26/2024,10/26/2024,326/24XK,0494/UKRAINE,BEAUTY PROF LCC,P.21,  2 ,12/25/2024
10/26/2024,10/26/2024,326/24XK,0494/UKRAINE,BEAUTY PROF LCC,P.22,  2 ,12/25/2024
10/26/2024,10/26/2024,326/24XK,0494/UKRAINE,BEAUTY PROF LCC,T.01BL,  60 ,12/25/2024
10/26/2024,10/26/2024,326/24XK,0494/UKRAINE,BEAUTY PROF LCC,T.01BO,  60 ,12/25/2024
10/26/2024,10/26/2024,326/24XK,0494/UKRAINE,BEAUTY PROF LCC,T.01GR,  60 ,12/25/2024
10/26/2024,10/26/2024,326/24XK,0494/UKRAINE,BEAUTY PROF LCC,T.01PU,  60 ,12/25/2024
10/26/2024,10/26/2024,326/24XK,0494/UKRAINE,BEAUTY PROF LCC,T.01RE,  60 ,12/25/2024
10/26/2024,10/26/2024,326/24XK,0494/UKRAINE,BEAUTY PROF LCC,T.03,  180 ,12/25/2024
10/26/2024,10/26/2024,326/24XK,0494/UKRAINE,BEAUTY PROF LCC,T.04,  180 ,12/25/2024
10/26/2024,10/26/2024,326/24XK,0494/UKRAINE,BEAUTY PROF LCC,T.05,  360 ,12/25/2024
10/26/2024,10/26/2024,326/24XK,0494/UKRAINE,BEAUTY PROF LCC,T.06,  180 ,12/25/2024
10/26/2024,10/26/2024,326/24XK,0494/UKRAINE,BEAUTY PROF LCC,T.07,  360 ,12/25/2024
10/26/2024,10/26/2024,326/24XK,0494/UKRAINE,BEAUTY PROF LCC,T.09,  300 ,12/25/2024
10/26/2024,10/29/2024,327/24xk,0496/POLAND,APM GROUP,KSK-2476,  500 ,12/6/2024
10/26/2024,10/29/2024,327/24xk,0496/POLAND,APM GROUP,KSK-2477,  500 ,12/6/2024
10/28/2024,10/29/2024,328/24xk,0425/CHINA,Guangzhou Xingdian Nail Products Company Limited,S.504NC,  360 ,11/20/2024
10/29/2024,10/30/2024,329/24xk,0564/uk,ILENA POP,KSK-2479,  300 ,12/9/2024
10/29/2024,10/30/2024,329/24xk,0564/uk,ILENA POP,KSK-2480,  300 ,12/9/2024
10/29/2024,10/30/2024,329/24xk,0564/uk,ILENA POP,KSS-2481,  200 ,12/9/2024
12/30/1899,10/30/2024,330/24XK,0026/GERMANY,ZWILLING Beauty Group GmbH,KSD-0361,  1.000 ,12/31/2024
12/30/1899,10/30/2024,331/24ND,GT,GT,MD.QT,  50 ,11/18/2024
11/1/2024,11/2/2024,332/24XK,0276/AUSTRALIA,OZ NAILS AND BEAUTY SUPPLY,C.05-16,  3.000 ,12/16/2024
11/1/2024,11/2/2024,332/24XK,0276/AUSTRALIA,OZ NAILS AND BEAUTY SUPPLY,C.07-16,  3.000 ,12/16/2024
11/1/2024,11/2/2024,332/24XK,0276/AUSTRALIA,OZ NAILS AND BEAUTY SUPPLY,C.112,  3.000 ,12/16/2024
11/1/2024,11/2/2024,332/24XK,0276/AUSTRALIA,OZ NAILS AND BEAUTY SUPPLY,ES.01,  500 ,12/16/2024
11/1/2024,11/2/2024,332/24XK,0276/AUSTRALIA,OZ NAILS AND BEAUTY SUPPLY,NC.01,  2.500 ,12/16/2024
11/1/2024,11/2/2024,332/24XK,0276/AUSTRALIA,OZ NAILS AND BEAUTY SUPPLY,NC.02,  300 ,12/16/2024
11/1/2024,11/2/2024,332/24XK,0276/AUSTRALIA,OZ NAILS AND BEAUTY SUPPLY,P.01,  500 ,12/16/2024
11/1/2024,11/2/2024,332/24XK,0276/AUSTRALIA,OZ NAILS AND BEAUTY SUPPLY,P.02,  500 ,12/16/2024
11/1/2024,11/2/2024,332/24XK,0276/AUSTRALIA,OZ NAILS AND BEAUTY SUPPLY,P.03,  2.500 ,12/16/2024
11/1/2024,11/2/2024,332/24XK,0276/AUSTRALIA,OZ NAILS AND BEAUTY SUPPLY,P.04,  2.000 ,12/16/2024
11/1/2024,11/2/2024,332/24XK,0276/AUSTRALIA,OZ NAILS AND BEAUTY SUPPLY,P.05,  500 ,12/16/2024
11/1/2024,11/2/2024,332/24XK,0276/AUSTRALIA,OZ NAILS AND BEAUTY SUPPLY,P.08,  500 ,12/16/2024
11/1/2024,11/2/2024,332/24XK,0276/AUSTRALIA,OZ NAILS AND BEAUTY SUPPLY,P.09,  500 ,12/16/2024
11/1/2024,11/2/2024,332/24XK,0276/AUSTRALIA,OZ NAILS AND BEAUTY SUPPLY,P.10,  500 ,12/16/2024
11/1/2024,11/2/2024,332/24XK,0276/AUSTRALIA,OZ NAILS AND BEAUTY SUPPLY,T.03,  200 ,12/16/2024
11/1/2024,11/2/2024,332/24XK,0276/AUSTRALIA,OZ NAILS AND BEAUTY SUPPLY,T.07,  200 ,12/16/2024
11/1/2024,11/4/2024,333/24XK,0251/TAIWAN,"N H BEAUTY INTERNATIONAL CO., LTD",C.03-12,  1.440 ,1/17/2025
11/1/2024,11/4/2024,333/24XK,0251/TAIWAN,"N H BEAUTY INTERNATIONAL CO., LTD",C.04-12,  2.160 ,1/17/2025
11/1/2024,11/4/2024,333/24XK,0251/TAIWAN,"N H BEAUTY INTERNATIONAL CO., LTD",CL.101C-12,  1.440 ,1/17/2025
11/1/2024,11/4/2024,333/24XK,0251/TAIWAN,"N H BEAUTY INTERNATIONAL CO., LTD",CL.201C-12,  2.520 ,1/17/2025
11/1/2024,11/4/2024,333/24XK,0251/TAIWAN,"N H BEAUTY INTERNATIONAL CO., LTD",ES.05,  360 ,12/25/2024
11/1/2024,11/4/2024,333/24XK,0251/TAIWAN,"N H BEAUTY INTERNATIONAL CO., LTD",NB.102C,  360 ,1/17/2025
11/1/2024,11/4/2024,333/24XK,0251/TAIWAN,"N H BEAUTY INTERNATIONAL CO., LTD",NC.01,  360 ,12/25/2024
11/4/2024,11/4/2024,334/24XK,0531/CHINA,"TONG DE INDUSTRY AND TRADE (YANGJIANG YANGDONG DISTRICT) CO., LTD",KD.43,  600 ,12/25/2024
11/4/2024,11/4/2024,334/24XK,0531/CHINA,"TONG DE INDUSTRY AND TRADE (YANGJIANG YANGDONG DISTRICT) CO., LTD",KD2.2-2493,  8.000 ,12/25/2024
11/4/2024,11/4/2024,334/24XK,0531/CHINA,"TONG DE INDUSTRY AND TRADE (YANGJIANG YANGDONG DISTRICT) CO., LTD",KD2-2494,  1.000 ,12/25/2024
11/4/2024,11/4/2024,334/24XK,0531/CHINA,"TONG DE INDUSTRY AND TRADE (YANGJIANG YANGDONG DISTRICT) CO., LTD",KSK-2495,  1.000 ,12/25/2024
11/4/2024,11/4/2024,334/24XK1,0531/CHINA,"TONG DE INDUSTRY AND TRADE (YANGJIANG YANGDONG DISTRICT) CO., LTD",KD2.2-2493,  2.000 ,12/10/2024
11/5/2024,11/6/2024,335/24xk,0531/CHINA,"TONG DE INDUSTRY AND TRADE (YANGJIANG YANGDONG DISTRICT) CO., LTD",KDM.713,  360 ,12/25/2024
11/5/2024,11/6/2024,335/24xk,0531/CHINA,"TONG DE INDUSTRY AND TRADE (YANGJIANG YANGDONG DISTRICT) CO., LTD",KSK-2497,  500 ,12/25/2024
11/5/2024,11/6/2024,336/24XK,0494/UKRAINE,BEAUTY PROF LCC,AL.101,  21 ,12/25/2024
11/5/2024,11/6/2024,336/24XK,0494/UKRAINE,BEAUTY PROF LCC,AL.101C,  12 ,12/25/2024
11/5/2024,11/6/2024,336/24XK,0494/UKRAINE,BEAUTY PROF LCC,KD.702,  25 ,12/25/2024
11/5/2024,11/6/2024,336/24XK,0494/UKRAINE,BEAUTY PROF LCC,KD.703,  16 ,12/25/2024
11/5/2024,11/6/2024,336/24XK,0494/UKRAINE,BEAUTY PROF LCC,KD.704,  23 ,12/25/2024
11/5/2024,11/6/2024,336/24XK,0494/UKRAINE,BEAUTY PROF LCC,KD.705,  15 ,12/25/2024
11/5/2024,11/6/2024,336/24XK,0494/UKRAINE,BEAUTY PROF LCC,KD.706,  17 ,12/25/2024
11/5/2024,11/6/2024,336/24XK,0494/UKRAINE,BEAUTY PROF LCC,N.07,  20 ,12/25/2024
11/5/2024,11/6/2024,336/24XK,0494/UKRAINE,BEAUTY PROF LCC,NL.202,  20 ,12/25/2024
11/5/2024,11/6/2024,336/24XK,0494/UKRAINE,BEAUTY PROF LCC,NL.208,  11 ,12/25/2024
11/6/2024,11/7/2024,337/24xk,0531/CHINA,"TONG DE INDUSTRY AND TRADE (YANGJIANG YANGDONG DISTRICT) CO., LTD",CL.209-12MM,  360 ,12/16/2024
11/6/2024,11/7/2024,338/24xk,0531/CHINA,"TONG DE INDUSTRY AND TRADE (YANGJIANG YANGDONG DISTRICT) CO., LTD",CL.206-7mm,  720 ,12/25/2024
11/6/2024,11/7/2024,338/24xk,0531/CHINA,"TONG DE INDUSTRY AND TRADE (YANGJIANG YANGDONG DISTRICT) CO., LTD",NL.203,  360 ,12/25/2024
11/6/2024,11/7/2024,339/24xk,0564/INDONESIA,JS NAIL SUPPLIES & ACADEMY  ,KD2-2482,  250 ,1/17/2025
11/6/2024,11/7/2024,339/24xk,0564/INDONESIA,JS NAIL SUPPLIES & ACADEMY  ,KSS-2483,  250 ,1/17/2025
11/8/2024,11/8/2024,340/24XK,0309/ITALY,Ten Artis,KD2-0682,  1.000 ,12/26/2024
11/8/2024,11/8/2024,340/24XK,0309/ITALY,Ten Artis,KD2-0836,  300 ,12/26/2024
11/8/2024,11/8/2024,340/24XK,0309/ITALY,Ten Artis,KD2-0847,  300 ,12/26/2024
11/8/2024,11/8/2024,341/24xk,0302/TAIWAN,"HELENA COSMETIC CO., LTD",KD2-0764,  720 ,1/13/2025
11/8/2024,11/13/2024,342/24XK,0538/BULGARIA,Premium Beauty Partners,KD2-2215,  200 ,1/10/2025
11/8/2024,11/13/2024,342/24XK,0538/BULGARIA,Premium Beauty Partners,KD2-2216,  200 ,1/10/2025
11/8/2024,11/13/2024,342/24XK,0538/BULGARIA,Premium Beauty Partners,KM2-2219,  200 ,1/10/2025
11/8/2024,11/13/2024,342/24XK,0538/BULGARIA,Premium Beauty Partners,KSK-2225,  200 ,1/10/2025
11/8/2024,11/13/2024,342/24XK,0538/BULGARIA,Premium Beauty Partners,KSK-2226,  100 ,1/10/2025
11/8/2024,11/13/2024,342/24XK,0538/BULGARIA,Premium Beauty Partners,KSS-2221,  100 ,1/10/2025
11/8/2024,11/13/2024,342/24XK,0538/BULGARIA,Premium Beauty Partners,KSS-2222,  200 ,1/10/2025
11/8/2024,11/13/2024,342/24XK,0538/BULGARIA,Premium Beauty Partners,KSS-2223,  100 ,1/10/2025
11/8/2024,11/13/2024,342/24XK,0538/BULGARIA,Premium Beauty Partners,KSS-2224,  100 ,1/10/2025
11/12/2024,11/14/2024,343/24XK,0205/JAPAN,HIKARI CORPORATION,KD2-0286,  1.000 ,1/15/2025
11/13/2024,11/13/2024,344/24xk,0251/TAIWAN,"N H BEAUTY INTERNATIONAL CO., LTD",C.04-12,  360 ,12/26/2024
11/13/2024,11/13/2024,344/24xk,0251/TAIWAN,"N H BEAUTY INTERNATIONAL CO., LTD",C.07-14,  720 ,12/26/2024
11/13/2024,11/13/2024,344/24xk,0251/TAIWAN,"N H BEAUTY INTERNATIONAL CO., LTD",CL.201C-12,  360 ,2/11/2025
11/13/2024,11/14/2024,345/24XK,0531/CHINA,"TONG DE INDUSTRY AND TRADE (YANGJIANG YANGDONG DISTRICT) CO., LTD",KD2-2509,  1.000 ,1/15/2025
11/13/2024,11/14/2024,345/24XK,0531/CHINA,"TONG DE INDUSTRY AND TRADE (YANGJIANG YANGDONG DISTRICT) CO., LTD",KD2-2510,  1.000 ,1/15/2025
11/13/2024,11/14/2024,345/24XK,0531/CHINA,"TONG DE INDUSTRY AND TRADE (YANGJIANG YANGDONG DISTRICT) CO., LTD",KSK-2511,  1.000 ,12/30/2024
11/13/2024,11/14/2024,345/24XK,0531/CHINA,"TONG DE INDUSTRY AND TRADE (YANGJIANG YANGDONG DISTRICT) CO., LTD",KSS-2512,  1.000 ,12/30/2024
11/13/2024,11/14/2024,345/24XK,0531/CHINA,"TONG DE INDUSTRY AND TRADE (YANGJIANG YANGDONG DISTRICT) CO., LTD",KSS-2513,  1.000 ,12/30/2024
11/13/2024,11/15/2024,346/24XK,0002/ITALY,ALPEN DEI F.LLI GIANOLA SNC,KD2-0005,  1.000 ,1/17/2024
11/13/2024,11/15/2024,346/24XK,0002/ITALY,ALPEN DEI F.LLI GIANOLA SNC,KD3-0011,  250 ,1/17/2025
11/13/2024,11/15/2024,346/24XK,0002/ITALY,ALPEN DEI F.LLI GIANOLA SNC,KD3-0012,  250 ,1/17/2024
11/13/2024,11/15/2024,346/24XK,0002/ITALY,ALPEN DEI F.LLI GIANOLA SNC,KD3-0015,  250 ,1/17/2024
11/7/2024,11/18/2024,347/24xk,NNC,NNC,CL.205-6MM,  1.800 ,2/20/2025
11/7/2024,11/18/2024,347/24xk,NNC,NNC,CL.206-5MM,  1.800 ,2/20/2025
11/7/2024,11/18/2024,347/24xk,NNC,NNC,CL.206-7MM,  1.440 ,2/20/2025
11/7/2024,11/18/2024,347/24xk,NNC,NNC,CL.211-10MM,  1.080 ,2/20/2025
11/7/2024,11/18/2024,347/24xk,NNC,NNC,CL.211-7MM,  1.800 ,2/20/2025
11/7/2024,11/18/2024,347/24xk,NNC,NNC,CL.S01-5MM,  1.800 ,2/20/2025
11/7/2024,11/18/2024,347/24xk,NNC,NNC,CL.S02-5MM,  1.800 ,2/20/2025
11/7/2024,11/18/2024,347/24xk,NNC,NNC,KD.43,  1.800 ,2/20/2025
11/7/2024,11/18/2024,347/24xk,NNC,NNC,KD.701,  1.800 ,2/20/2025
11/7/2024,11/18/2024,347/24xk,NNC,NNC,KD.703,  1.440 ,2/20/2025
11/7/2024,11/18/2024,347/24xk,NNC,NNC,KD.704,  2.520 ,2/20/2025
11/7/2024,11/18/2024,347/24xk,NNC,NNC,KD.705,  1.800 ,2/20/2025
11/7/2024,11/18/2024,347/24xk,NNC,NNC,KD.706,  1.440 ,2/20/2025
11/7/2024,11/18/2024,347/24xk,NNC,NNC,KD.707,  2.880 ,2/20/2025
11/7/2024,11/18/2024,347/24xk,NNC,NNC,KD.712,  1.440 ,2/20/2025
11/7/2024,11/18/2024,347/24xk,NNC,NNC,KD.715,  1.080 ,2/20/2025
11/7/2024,11/18/2024,347/24xk,NNC,NNC,NL.202,  720 ,2/20/2025
11/7/2024,11/18/2024,347/24xk,NNC,NNC,NL.203,  1.440 ,2/20/2025
11/7/2024,11/18/2024,347/24xk,NNC,NNC,NL.205,  1.440 ,2/20/2025
11/7/2024,11/18/2024,347/24xk,NNC,NNC,P.12,  2.880 ,2/20/2025
11/7/2024,11/18/2024,347/24xk,NNC,NNC,P.13,  2.520 ,2/20/2025
11/7/2024,11/18/2024,347/24xk,NNC,NNC,P.14,  2.160 ,2/20/2025
11/7/2024,11/18/2024,347/24xk,NNC,NNC,P.15,  1.080 ,2/20/2025
11/7/2024,11/18/2024,347/24xk,NNC,NNC,P.17,  1.800 ,2/20/2025
11/13/2024,11/18/2024,348/24XK,0425/CHINA,Guangzhou Xingdian Nail Products Company Limited,B.901NC,  360 ,1/11/2025
11/13/2024,11/18/2024,348/24XK,0425/CHINA,Guangzhou Xingdian Nail Products Company Limited,B.902NC,  1.440 ,1/11/2025
11/13/2024,11/18/2024,348/24XK,0425/CHINA,Guangzhou Xingdian Nail Products Company Limited,D.07-12NC,  5.040 ,12/16/2024
11/13/2024,11/18/2024,348/24XK,0425/CHINA,Guangzhou Xingdian Nail Products Company Limited,D.07-16NC,  720 ,12/16/2024
11/13/2024,11/18/2024,348/24XK,0425/CHINA,Guangzhou Xingdian Nail Products Company Limited,D.07-3.5NC,  1.800 ,12/16/2024
11/13/2024,11/18/2024,348/24XK,0425/CHINA,Guangzhou Xingdian Nail Products Company Limited,KM.601NC,  360 ,1/11/2025
11/13/2024,11/18/2024,348/24XK,0425/CHINA,Guangzhou Xingdian Nail Products Company Limited,S.504NC,  360 ,1/11/2025
11/13/2024,11/18/2024,348/24XK,0425/CHINA,Guangzhou Xingdian Nail Products Company Limited,S.506NC,  1.080 ,1/11/2025
11/13/2024,11/18/2024,348/24XK,0425/CHINA,Guangzhou Xingdian Nail Products Company Limited,S.507NC,  360 ,1/11/2025
11/13/2024,11/18/2024,348/24XK,0425/CHINA,Guangzhou Xingdian Nail Products Company Limited,S.511NC,  2.520 ,1/11/2025
11/13/2024,11/18/2024,348/24XK,0425/CHINA,Guangzhou Xingdian Nail Products Company Limited,S.514NC,  720 ,1/11/2025
11/18/2024,,349/24XK,0069/POLAND,ACTIV TOMASZ PACHOLCZYK,MD.2268,  500 ,12/4/2024
11/18/2024,,350/24XK,0419/MEXICO,Oleksandr Zadorozhnyi,MD.2508,  520 ,12/16/2024
11/18/2024,11/18/2024,351/24xk,0139/JAPAN,"UTSUMI CO., LTD",KSS-0283,  2.000 ,1/6/2025
11/20/2024,11/21/2024,352/24xk,0013/ITALY,TECNIWORK S.P.A,KM3-2428,  600 ,2/21/2025
11/20/2024,11/21/2024,352/24xk,0013/ITALY,TECNIWORK S.P.A,KM3-2429,  600 ,2/21/2025
11/21/2024,11/22/2024,353/24XK,0425/CHINA,Guangzhou Xingdian Nail Products Company Limited,B.901NC,  720 ,2/18/2025
11/21/2024,11/22/2024,353/24XK,0425/CHINA,Guangzhou Xingdian Nail Products Company Limited,B.902NC,  1.080 ,2/18/2025
11/21/2024,11/22/2024,353/24XK,0425/CHINA,Guangzhou Xingdian Nail Products Company Limited,D.03-12NC,  1.440 ,2/18/2025
11/21/2024,11/22/2024,353/24XK,0425/CHINA,Guangzhou Xingdian Nail Products Company Limited,D.03-14NC,  1.440 ,2/18/2025
11/21/2024,11/22/2024,353/24XK,0425/CHINA,Guangzhou Xingdian Nail Products Company Limited,D.03-16NC,  840 ,2/18/2025
11/21/2024,11/22/2024,353/24XK,0425/CHINA,Guangzhou Xingdian Nail Products Company Limited,D.04-12NC,  120 ,2/18/2025
11/21/2024,11/22/2024,353/24XK,0425/CHINA,Guangzhou Xingdian Nail Products Company Limited,D.04-14NC,  180 ,2/18/2025
11/21/2024,11/22/2024,353/24XK,0425/CHINA,Guangzhou Xingdian Nail Products Company Limited,D.05-12NC,  300 ,2/18/2025
11/21/2024,11/22/2024,353/24XK,0425/CHINA,Guangzhou Xingdian Nail Products Company Limited,D.06-12NC,  1.080 ,2/18/2025
11/21/2024,11/22/2024,353/24XK,0425/CHINA,Guangzhou Xingdian Nail Products Company Limited,D.06-14NC,  720 ,2/18/2025
11/21/2024,11/22/2024,353/24XK,0425/CHINA,Guangzhou Xingdian Nail Products Company Limited,D.06-16NC,  360 ,2/18/2025
11/21/2024,11/22/2024,353/24XK,0425/CHINA,Guangzhou Xingdian Nail Products Company Limited,D.07-12NC,  28.800 ,2/18/2025
11/21/2024,11/22/2024,353/24XK,0425/CHINA,Guangzhou Xingdian Nail Products Company Limited,D.07-14NC,  24.120 ,2/18/2025
11/21/2024,11/22/2024,353/24XK,0425/CHINA,Guangzhou Xingdian Nail Products Company Limited,D.07-16NC,  4.260 ,2/18/2025
11/21/2024,11/22/2024,353/24XK,0425/CHINA,Guangzhou Xingdian Nail Products Company Limited,D.07-3.5NC,  7.920 ,2/18/2025
11/21/2024,11/22/2024,353/24XK,0425/CHINA,Guangzhou Xingdian Nail Products Company Limited,D.18NC,  360 ,2/18/2025
11/21/2024,11/22/2024,353/24XK,0425/CHINA,Guangzhou Xingdian Nail Products Company Limited,D.22NC,  21.600 ,2/18/2025
11/21/2024,11/22/2024,353/24XK,0425/CHINA,Guangzhou Xingdian Nail Products Company Limited,D.23NC,  7.200 ,2/18/2025
11/21/2024,11/22/2024,353/24XK,0425/CHINA,Guangzhou Xingdian Nail Products Company Limited,D.27NC,  720 ,2/18/2025
11/21/2024,11/22/2024,353/24XK,0425/CHINA,Guangzhou Xingdian Nail Products Company Limited,D.28NC,  1.320 ,2/18/2025
11/21/2024,11/22/2024,353/24XK,0425/CHINA,Guangzhou Xingdian Nail Products Company Limited,M.555NC,  120 ,2/18/2025
11/21/2024,11/22/2024,353/24XK,0425/CHINA,Guangzhou Xingdian Nail Products Company Limited,S.511NC,  1.800 ,2/18/2025
11/22/2024,11/22/2024,354/24XK,0276/AUSTRALIA,OZ NAILS AND BEAUTY SUPPLY,KD.707,  240 ,12/20/2024
11/22/2024,11/22/2024,354/24XK,0276/AUSTRALIA,OZ NAILS AND BEAUTY SUPPLY,KDN.720,  180 ,12/20/2024
11/22/2024,11/26/2024,355/24xk,0566/KOREA,JBHIN TRADING CORP.,KD2-2524,  1.080 ,2/26/2025
11/22/2024,11/26/2024,355/24xk,0566/KOREA,JBHIN TRADING CORP.,KDT-2525,  1.080 ,2/26/2025
11/22/2024,11/26/2024,356/24xk,0567/AUSTRALIA,ACOS,KD2-2528,  300 ,2/16/2025
11/22/2024,11/26/2024,356/24xk,0567/AUSTRALIA,ACOS,KD2-2529,  300 ,2/16/2025
11/22/2024,11/26/2024,356/24xk,0567/AUSTRALIA,ACOS,KSB-2532,  300 ,2/16/2025
11/22/2024,11/26/2024,356/24xk,0567/AUSTRALIA,ACOS,KSB-2533,  300 ,2/16/2025
11/22/2024,11/26/2024,356/24xk,0567/AUSTRALIA,ACOS,KSS-2530,  300 ,2/16/2025
11/22/2024,11/26/2024,356/24xk,0567/AUSTRALIA,ACOS,KSS-2531,  300 ,2/16/2025
11/26/2024,11/26/2024,357/24xk,0241/UAE,BEDASHING BEAUTY LOUNGE LLC,KD2-0339,  2.900 ,2/26/2025
11/26/2024,11/26/2024,357/24xk,0241/UAE,BEDASHING BEAUTY LOUNGE LLC,KSB-1488,  200 ,2/26/2025
11/26/2024,11/26/2024,357/24xk,0241/UAE,BEDASHING BEAUTY LOUNGE LLC,KSS-0338,  600 ,2/26/2025
11/26/2024,11/26/2024,358/24xk,0539/KOREA,IDR,C.07-12,  1.000 ,1/10/2025
11/26/2024,11/26/2024,358/24xk,0539/KOREA,IDR,C.07-14,  2.000 ,1/10/2025
11/28/2024,11/29/2024,359/24xk,0026/GERMANY,ZWILLING Beauty Group GmbH,KD2-0211,  4.500 ,4/29/2025
11/28/2024,11/29/2024,359/24xk,0026/GERMANY,ZWILLING Beauty Group GmbH,KM2-0212,  4.800 ,4/29/2025
11/28/2024,11/29/2024,359/24xk,0026/GERMANY,ZWILLING Beauty Group GmbH,KSS-0213,  4.200 ,3/10/2025
11/28/2024,11/29/2024,359/24xk,0026/GERMANY,ZWILLING Beauty Group GmbH,KSS-0367,  5.400 ,3/10/2025
11/29/2024,11/30/2024,360/24XK,0223/KOREA,JENIPER,KDT-1440,  3.000 ,1/23/2025
11/29/2024,12/5/2024,361/24XK,0568/AUSTRALIA,Global Nail Beauty Supplies,C.03-14,  180 ,12/6/2024
11/29/2024,12/5/2024,361/24XK,0568/AUSTRALIA,Global Nail Beauty Supplies,C.04-14,  180 ,12/6/2024
12/3/2024,12/5/2024,362/24XK,0569/LEBANON,LISA COSMETICS,KD2-2103,  500 ,2/12/2025
12/3/2024,12/5/2024,362/24XK,0569/LEBANON,LISA COSMETICS,KD2-2104,  500 ,2/12/2025
12/3/2024,12/5/2024,362/24XK,0569/LEBANON,LISA COSMETICS,KDT-2105,  500 ,2/12/2025
12/3/2024,12/5/2024,362/24XK,0569/LEBANON,LISA COSMETICS,KDT-2106,  500 ,2/12/2025
12/4/2024,12/5/2024,363/24XK,0481/FRANCE,ONIX PRO,KSK-1753,  500 ,1/21/2025
12/4/2024,12/5/2024,363/24XK,0481/FRANCE,ONIX PRO,KSK-1754,  500 ,1/21/2025
12/4/2024,12/5/2024,363/24XK,0481/FRANCE,ONIX PRO,KSK-1755,  500 ,1/21/2025
12/4/2024,12/5/2024,363/24XK,0481/FRANCE,ONIX PRO,KSK-1756,  500 ,1/21/2025
12/4/2024,12/5/2024,363/24XK,0481/FRANCE,ONIX PRO,KSK-1757,  500 ,1/21/2025
12/4/2024,12/5/2024,364/24xk,0516/ROMANIA,Biton Beauty SRL,KSK-1978,  300 ,1/20/2025
12/4/2024,12/5/2024,364/24xk,0516/ROMANIA,Biton Beauty SRL,KSK-1979,  300 ,1/20/2025
12/4/2024,12/5/2024,364/24xk,0516/ROMANIA,Biton Beauty SRL,KSK-2396,  300 ,1/20/2025
12/4/2024,12/6/2024,365/24XK,0040/ITALY,WICTOR SRL,KD2-0121,  500 ,2/18/2025
12/4/2024,12/6/2024,365/24XK,0040/ITALY,WICTOR SRL,KD2-0122,  500 ,2/18/2025
12/4/2024,12/6/2024,365/24XK,0040/ITALY,WICTOR SRL,KD2-0123,  500 ,2/18/2025
12/4/2024,12/6/2024,365/24XK,0040/ITALY,WICTOR SRL,KD2-0125,  500 ,2/18/2025
12/4/2024,12/6/2024,365/24XK,0040/ITALY,WICTOR SRL,KD2-0126,  500 ,2/18/2025
12/4/2024,12/6/2024,365/24XK,0040/ITALY,WICTOR SRL,KD2-0667,  500 ,2/18/2025
12/4/2024,12/6/2024,365/24XK,0040/ITALY,WICTOR SRL,KSB-0129,  500 ,1/18/2025
12/4/2024,12/6/2024,365/24XK,0040/ITALY,WICTOR SRL,KSB-0130,  500 ,1/18/2025
12/6/2024,12/9/2024,366/24xk,0205/JAPAN,HIKARI CORPORATION,KSK-2096,  1.000 ,1/18/2025
11/15/2024,12/9/2024,367/24ND,GT(MKT),MKT,M.13,  300 ,2/25/2025
11/15/2024,12/9/2024,367/24ND,GT(MKT),MKT,M.14,  300 ,2/25/2025
11/15/2024,12/9/2024,367/24ND1,GT(MKT),MKT,M.13,  300 ,3/25/2025
11/15/2024,12/9/2024,367/24ND1,GT(MKT),MKT,M.14,  300 ,3/25/2025
11/15/2024,12/9/2024,367/24ND2,GT(MKT),MKT,M.13,  400 ,4/24/2025
11/15/2024,12/9/2024,367/24ND2,GT(MKT),MKT,M.14,  400 ,4/24/2025
12/7/2024,12/10/2024,368/24XK,0570/CHILE,Belogorie SPA,CL.S01-5MM,  70 ,12/19/2024
12/7/2024,12/10/2024,368/24XK,0570/CHILE,Belogorie SPA,CL.S01-7mm,  70 ,12/19/2024
12/7/2024,12/10/2024,368/24XK,0570/CHILE,Belogorie SPA,CL.S02-5MM,  70 ,12/19/2024
12/7/2024,12/10/2024,368/24XK,0570/CHILE,Belogorie SPA,KD.701,  60 ,12/30/2024
12/7/2024,12/10/2024,368/24XK,0570/CHILE,Belogorie SPA,KD.702,  60 ,12/30/2024
12/7/2024,12/10/2024,368/24XK,0570/CHILE,Belogorie SPA,KD.708,  60 ,12/30/2024
12/7/2024,12/10/2024,368/24XK,0570/CHILE,Belogorie SPA,KD.718,  30 ,12/30/2024
12/7/2024,12/10/2024,368/24XK,0570/CHILE,Belogorie SPA,P.08,  70 ,12/30/2024
12/7/2024,12/10/2024,368/24XK,0570/CHILE,Belogorie SPA,P.12,  70 ,12/30/2024
12/7/2024,12/10/2024,368/24XK,0570/CHILE,Belogorie SPA,P.14,  70 ,12/30/2024
12/12/2024,12/17/2024,369/24XK,0327/KOREA,BEAUTY H,KD2-0742,  1.000 ,2/26/2025
12/11/2024,12/24/2024,370/24XK,0393/RUSSIA,LLC RINGO,KD2-1068,  2.500 ,3/15/2025
12/11/2024,12/17/2024,370/24XK,0393/RUSSIA,LLC RINGO,KD2-1118,  4.000 ,2/28/2025
12/11/2024,12/17/2024,370/24XK,0393/RUSSIA,LLC RINGO,KD2-1119,  3.000 ,2/28/2025
12/11/2024,12/17/2024,370/24XK,0393/RUSSIA,LLC RINGO,KD2-1121,  3.000 ,2/28/2025
12/11/2024,12/17/2024,370/24XK,0393/RUSSIA,LLC RINGO,KD2-1123,  4.000 ,2/28/2025
12/11/2024,12/17/2024,370/24XK,0393/RUSSIA,LLC RINGO,KD2-1125,  4.000 ,2/28/2025
12/11/2024,12/17/2024,370/24XK,0393/RUSSIA,LLC RINGO,KD2-1126,  6.000 ,2/28/2025
12/11/2024,12/17/2024,370/24XK,0393/RUSSIA,LLC RINGO,KD2-1131,  5.000 ,2/28/2025
12/11/2024,12/17/2024,370/24XK,0393/RUSSIA,LLC RINGO,KD2-1133,  3.000 ,3/15/2025
12/11/2024,12/20/2025,370/24XK,0393/RUSSIA,LLC RINGO,KM2-1176,  5.000 ,3/15/2025
12/11/2024,12/20/2025,370/24XK,0393/RUSSIA,LLC RINGO,KM2-1434,  5.000 ,3/15/2025
12/11/2024,12/19/2025,370/24XK,0393/RUSSIA,LLC RINGO,KM2-1441,  2.500 ,3/15/2025
12/11/2024,12/17/2024,370/24XK,0393/RUSSIA,LLC RINGO,KM2-1914,  3.500 ,3/15/2025
12/11/2024,12/19/2025,370/24XK,0393/RUSSIA,LLC RINGO,KM2-2478,  5.000 ,3/15/2025
12/11/2024,12/24/2024,370/24xk1,0393/RUSSIA,LLC RINGO,KM2-1176,  5.000 ,4/25/2025
12/11/2024,12/24/2024,370/24xk1,0393/RUSSIA,LLC RINGO,KM2-1434,  5.000 ,4/25/2025
12/11/2024,12/24/2024,370/24xk1,0393/RUSSIA,LLC RINGO,KM2-1441,  2.500 ,4/25/2025
12/11/2024,12/24/2024,370/24xk1,0393/RUSSIA,LLC RINGO,KM2-1914,  3.500 ,4/25/2025
12/17/2024,12/19/2024,372/24xk,0482/PORTUGAL,DANTAS CORREIA & LEITÃO LDA,KSK-2581,  1.000 ,1/23/2025
12/18/2024,12/19/2024,373/24xk,0539/Germany,Heiko Wild,KSK-2582,  3.000 ,1/21/2025
12/19/2024,12/19/2024,374/24ND,GT(CÔNG ĐOÀN),CÔNG ĐOÀN,CB3K.012,  -   ,HỦY
12/11/2024,12/20/2024,375/24XK,0541/TURKEY,ERAY AÇIKGÖZ EXPERTYOL,KD2-2548,  150 ,3/20/2025
12/11/2024,12/20/2024,375/24XK,0541/TURKEY,ERAY AÇIKGÖZ EXPERTYOL,KD2-2549,  80 ,3/20/2025
12/11/2024,12/20/2024,375/24XK,0541/TURKEY,ERAY AÇIKGÖZ EXPERTYOL,KD2-2550,  40 ,3/20/2025
12/11/2024,12/20/2024,375/24XK,0541/TURKEY,ERAY AÇIKGÖZ EXPERTYOL,KD2-2568,  100 ,3/20/2025
12/11/2024,12/20/2024,375/24XK,0541/TURKEY,ERAY AÇIKGÖZ EXPERTYOL,KD2-2569,  100 ,3/20/2025
12/11/2024,12/20/2024,375/24XK,0541/TURKEY,ERAY AÇIKGÖZ EXPERTYOL,KSK-2571,  150 ,3/20/2025
12/11/2024,12/20/2024,375/24XK,0541/TURKEY,ERAY AÇIKGÖZ EXPERTYOL,KSK-2572,  50 ,3/20/2025
12/11/2024,12/20/2024,375/24XK,0541/TURKEY,ERAY AÇIKGÖZ EXPERTYOL,KSK-2573,  50 ,3/20/2025
12/11/2024,12/20/2024,375/24XK,0541/TURKEY,ERAY AÇIKGÖZ EXPERTYOL,KSK-2574,  50 ,3/20/2025
12/11/2024,12/20/2024,375/24XK,0541/TURKEY,ERAY AÇIKGÖZ EXPERTYOL,KSN-2534,  50 ,3/20/2025
12/11/2024,12/20/2024,375/24XK,0541/TURKEY,ERAY AÇIKGÖZ EXPERTYOL,KSN-2535,  50 ,3/20/2025
12/11/2024,12/20/2024,375/24XK,0541/TURKEY,ERAY AÇIKGÖZ EXPERTYOL,KSN-2555,  200 ,3/20/2025
12/11/2024,12/20/2024,375/24XK,0541/TURKEY,ERAY AÇIKGÖZ EXPERTYOL,KSN-2570,  50 ,3/20/2025
12/11/2024,12/20/2024,375/24XK,0541/TURKEY,ERAY AÇIKGÖZ EXPERTYOL,KSS-2544,  100 ,3/20/2025
12/11/2024,12/20/2024,375/24XK,0541/TURKEY,ERAY AÇIKGÖZ EXPERTYOL,KSS-2545,  100 ,3/20/2025
12/11/2024,12/20/2024,375/24XK,0541/TURKEY,ERAY AÇIKGÖZ EXPERTYOL,KSS-2546,  100 ,3/20/2025
12/17/2024,12/19/2024,376/24xk,0525/PANAMA,LDA BUSINESS INC 1,CL.205-7mm,  35 ,1/10/2025
12/17/2024,12/19/2024,376/24xk,0525/PANAMA,LDA BUSINESS INC 1,CL.206-7MM,  30 ,1/10/2025
12/17/2024,12/19/2024,376/24xk,0525/PANAMA,LDA BUSINESS INC 1,CL.207-10mm,  20 ,1/10/2025
12/17/2024,12/19/2024,376/24xk,0525/PANAMA,LDA BUSINESS INC 1,CL.207-5MM,  40 ,1/10/2025
12/17/2024,12/19/2024,376/24xk,0525/PANAMA,LDA BUSINESS INC 1,CL.207-7MM,  30 ,1/10/2025
12/17/2024,12/19/2024,376/24xk,0525/PANAMA,LDA BUSINESS INC 1,CL.223-8MM,  30 ,1/10/2025
12/17/2024,12/19/2024,376/24xk,0525/PANAMA,LDA BUSINESS INC 1,CL.S01-5MM,  30 ,1/10/2025
12/17/2024,12/19/2024,376/24xk,0525/PANAMA,LDA BUSINESS INC 1,CL.S01-7mm,  40 ,1/10/2025
12/17/2024,12/19/2024,376/24xk,0525/PANAMA,LDA BUSINESS INC 1,CL.S02-5MM,  30 ,1/10/2025
12/17/2024,12/19/2024,376/24xk,0525/PANAMA,LDA BUSINESS INC 1,HS.03,  1 ,1/10/2025
12/17/2024,12/19/2024,376/24xk,0525/PANAMA,LDA BUSINESS INC 1,HS.04,  1 ,1/10/2025
12/17/2024,12/19/2024,376/24xk,0525/PANAMA,LDA BUSINESS INC 1,KDN.721,  20 ,1/10/2025
12/17/2024,12/19/2024,376/24xk,0525/PANAMA,LDA BUSINESS INC 1,NC.01,  30 ,1/10/2025
12/17/2024,12/19/2024,376/24xk,0525/PANAMA,LDA BUSINESS INC 1,P.03,  20 ,1/10/2025
12/17/2024,12/19/2024,376/24xk,0525/PANAMA,LDA BUSINESS INC 1,P.12,  30 ,1/10/2025
12/17/2024,12/19/2024,376/24xk,0525/PANAMA,LDA BUSINESS INC 1,P.13,  30 ,1/10/2025
12/17/2024,12/19/2024,376/24xk,0525/PANAMA,LDA BUSINESS INC 1,P.15,  20 ,1/10/2025
12/17/2024,12/19/2024,376/24xk,0525/PANAMA,LDA BUSINESS INC 1,P.17,  20 ,1/10/2025
12/17/2024,12/19/2024,376/24xk,0525/PANAMA,LDA BUSINESS INC 1,P.22,  20 ,1/10/2025
12/18/2024,12/20/2024,377/24XK,0539/Germany,Heiko Wild,KSS-2130,  500 ,1/18/2025
12/18/2024,12/20/2024,377/24XK,0539/Germany,Heiko Wild,KSS-2586,  200 ,1/18/2025
12/20/2024,12/24/2024,378/24XK,0425/CHINA,Guangzhou Xingdian Nail Products Company Limited,D.03-16NC,  120 ,2/17/2025
12/20/2024,12/24/2024,378/24XK,0425/CHINA,Guangzhou Xingdian Nail Products Company Limited,D.07-16NC,  60 ,2/17/2025
12/20/2024,12/24/2024,378/24XK,0425/CHINA,Guangzhou Xingdian Nail Products Company Limited,D.07-3.5NC,  360 ,2/17/2025
12/20/2024,12/24/2024,378/24XK,0425/CHINA,Guangzhou Xingdian Nail Products Company Limited,D.22NC,  1.800 ,2/17/2025
12/20/2024,12/24/2024,378/24XK,0425/CHINA,Guangzhou Xingdian Nail Products Company Limited,D.23NC,  1.080 ,2/17/2025
12/20/2024,12/24/2024,379/24XK,0205/JAPAN,HIKARI CORPORATION,KD2-0286,  1.000 ,3/20/2025
12/20/2024,12/24/2024,379/24XK,0205/JAPAN,HIKARI CORPORATION,KD3-0287,  1.000 ,3/20/2025
12/18/2024,12/25/2024,380/24ND,B2B,VCB SÀI GÒN,BQT.VCB SG01,  50 ,3/14/2025
12/18/2024,12/25/2024,380/24ND,B2B,VCB SÀI GÒN,BQT.VCB SG02,  100 ,1/13/2025
12/18/2024,12/25/2024,380/24ND,B2B,VCB SÀI GÒN,BQT.VCB SG03,  50 ,3/14/2025
12/23/2024,12/25/2024,381/24XK,0571/GREECE,ALEZORI COMPANY,KD2-2588,  500 ,3/15/2025
12/23/2024,12/25/2024,381/24XK,0571/GREECE,ALEZORI COMPANY,KD2-2589,  500 ,3/15/2025
12/23/2024,12/25/2024,381/24XK,0571/GREECE,ALEZORI COMPANY,KD2-2590,  500 ,3/15/2025
12/23/2024,12/25/2024,381/24XK,0571/GREECE,ALEZORI COMPANY,KD2-2591,  500 ,3/15/2025
12/23/2024,12/25/2024,381/24XK,0571/GREECE,ALEZORI COMPANY,KD2-2592,  500 ,3/15/2025
12/23/2024,12/25/2024,381/24XK,0571/GREECE,ALEZORI COMPANY,KD2-2593,  500 ,3/15/2025
12/23/2024,12/25/2024,381/24XK,0571/GREECE,ALEZORI COMPANY,KD2-2594,  500 ,3/15/2025
12/23/2024,12/25/2024,381/24XK,0571/GREECE,ALEZORI COMPANY,KD2-2595,  500 ,3/15/2025
12/23/2024,12/25/2024,381/24XK,0571/GREECE,ALEZORI COMPANY,KD2-2596,  500 ,3/15/2025
12/23/2024,12/25/2024,381/24XK,0571/GREECE,ALEZORI COMPANY,KD2-2597,  500 ,3/15/2025
12/23/2024,12/25/2024,381/24XK,0571/GREECE,ALEZORI COMPANY,KM2-2598,  500 ,3/22/2025
12/23/2024,12/25/2024,381/24XK,0571/GREECE,ALEZORI COMPANY,KM2-2599,  500 ,3/22/2025
12/23/2024,12/25/2024,381/24XK,0571/GREECE,ALEZORI COMPANY,KSK-2606,  500 ,3/15/2025
12/23/2024,12/25/2024,381/24XK,0571/GREECE,ALEZORI COMPANY,KSK-2607,  500 ,3/15/2025
12/23/2024,12/25/2024,381/24XK,0571/GREECE,ALEZORI COMPANY,KSK-2608,  500 ,3/15/2025
12/23/2024,12/25/2024,381/24XK,0571/GREECE,ALEZORI COMPANY,KSK-2609,  500 ,3/15/2025
12/23/2024,12/25/2024,381/24XK,0571/GREECE,ALEZORI COMPANY,KSK-2610,  500 ,3/15/2025
12/23/2024,12/25/2024,381/24XK,0571/GREECE,ALEZORI COMPANY,KSK-2611,  500 ,3/15/2025
12/23/2024,12/25/2024,381/24XK,0571/GREECE,ALEZORI COMPANY,KSS-2600,  500 ,3/15/2025
12/23/2024,12/25/2024,381/24XK,0571/GREECE,ALEZORI COMPANY,KSS-2601,  500 ,3/15/2025
12/23/2024,12/25/2024,381/24XK,0571/GREECE,ALEZORI COMPANY,KSS-2602,  500 ,3/15/2025
12/23/2024,12/25/2024,381/24XK,0571/GREECE,ALEZORI COMPANY,KSS-2603,  500 ,3/15/2025
12/23/2024,12/25/2024,381/24XK,0571/GREECE,ALEZORI COMPANY,KSS-2604,  500 ,3/15/2025
12/23/2024,12/25/2024,381/24XK,0571/GREECE,ALEZORI COMPANY,KSS-2605,  500 ,3/15/2025
12/26/2024,1/2/2025,001/25XK,0536/SING,Maximus Zhao Marketing (S) Pte. Ltd,P.03,  3.000 ,2/20/2025
12/27/2024,1/2/2025,002/25XK,0531/CHINA,"TONG DE INDUSTRY AND TRADE (YANGJIANG YANGDONG DISTRICT) CO., LTD",KD2-2616,  500 ,3/10/2025
12/27/2024,1/2/2025,003/25XK,0497/RUSSIA,ALEX BEAUTY CONCEPTS,B.916C-HO,  30 ,3/8/2025
12/27/2024,1/2/2025,003/25XK,0497/RUSSIA,ALEX BEAUTY CONCEPTS,B.916C-TR,  30 ,3/8/2025
12/27/2024,1/2/2025,003/25XK,0497/RUSSIA,ALEX BEAUTY CONCEPTS,B.916C-VA,  30 ,3/8/2025
12/27/2024,1/2/2025,003/25XK,0497/RUSSIA,ALEX BEAUTY CONCEPTS,B.916C-XL,  30 ,3/8/2025
12/27/2024,1/2/2025,003/25XK,0497/RUSSIA,ALEX BEAUTY CONCEPTS,B.999,  120 ,3/8/2025
12/27/2024,1/2/2025,003/25XK,0497/RUSSIA,ALEX BEAUTY CONCEPTS,CL.201-14,  120 ,3/17/2025
12/27/2024,1/2/2025,003/25XK,0497/RUSSIA,ALEX BEAUTY CONCEPTS,CL.203-14,  120 ,3/17/2025
12/27/2024,1/2/2025,003/25XK,0497/RUSSIA,ALEX BEAUTY CONCEPTS,ES.01,  120 ,3/8/2025
12/27/2024,1/2/2025,003/25XK,0497/RUSSIA,ALEX BEAUTY CONCEPTS,ES.04,  120 ,3/8/2025
12/27/2024,1/2/2025,003/25XK,0497/RUSSIA,ALEX BEAUTY CONCEPTS,NC.01,  120 ,3/8/2025
12/27/2024,1/2/2025,003/25XK,0497/RUSSIA,ALEX BEAUTY CONCEPTS,NC.02,  120 ,3/8/2025
12/27/2024,1/2/2025,003/25XK,0497/RUSSIA,ALEX BEAUTY CONCEPTS,NL.102,  120 ,3/17/2025
12/27/2024,1/2/2025,003/25XK,0497/RUSSIA,ALEX BEAUTY CONCEPTS,T.01BL,  20 ,3/8/2025
12/27/2024,1/2/2025,003/25XK,0497/RUSSIA,ALEX BEAUTY CONCEPTS,T.01BO,  30 ,3/8/2025
12/27/2024,1/2/2025,003/25XK,0497/RUSSIA,ALEX BEAUTY CONCEPTS,T.01GR,  20 ,3/8/2025
12/27/2024,1/2/2025,003/25XK,0497/RUSSIA,ALEX BEAUTY CONCEPTS,T.01PU,  20 ,3/8/2025
12/27/2024,1/2/2025,003/25XK,0497/RUSSIA,ALEX BEAUTY CONCEPTS,T.01RE,  30 ,3/8/2025
12/27/2024,1/2/2025,003/25XK,0497/RUSSIA,ALEX BEAUTY CONCEPTS,T.03,  120 ,3/8/2025
12/27/2024,1/2/2025,003/25XK,0497/RUSSIA,ALEX BEAUTY CONCEPTS,T.04,  120 ,3/8/2025
12/27/2024,1/2/2025,003/25XK,0497/RUSSIA,ALEX BEAUTY CONCEPTS,T.07,  120 ,3/8/2025
12/27/2024,1/2/2025,003/25XK,0497/RUSSIA,ALEX BEAUTY CONCEPTS,T.08,  120 ,3/8/2025
12/27/2024,1/2/2025,004/25ND,GT,BAN GIÁM ĐỐC,GS.01CC,  -   ,1/15/2025
12/27/2024,1/2/2025,004/25ND,GT,BAN GIÁM ĐỐC,GS.03CC,  -   ,1/15/2025
12/27/2024,1/2/2025,004/25ND,GT,BAN GIÁM ĐỐC,GS.07CC,  -   ,1/15/2025
11/27/2025,1/9/2025,005/25XK,KDQT,HÀNG TỒN,B.916C-HO,  1 ,2/22/2025
11/27/2025,1/9/2025,005/25XK,KDQT,HÀNG TỒN,B.916C-VA,  1 ,2/22/2025
11/27/2025,1/9/2025,005/25XK,KDQT,HÀNG TỒN,B.916C-XL,  1 ,2/22/2025
11/27/2025,1/9/2025,005/25XK,KDQT,HÀNG TỒN,B.999,  -   ,2/22/2025
11/27/2025,1/9/2025,005/25XK,KDQT,HÀNG TỒN,KD.701,  14 ,2/22/2025
11/27/2025,1/9/2025,005/25XK,KDQT,HÀNG TỒN,KD.701,  6 ,2/22/2025
11/27/2025,1/9/2025,005/25XK,KDQT,HÀNG TỒN,KD.702,  5 ,2/22/2025
11/27/2025,1/9/2025,005/25XK,KDQT,HÀNG TỒN,KD.703,  5 ,2/22/2025
11/27/2025,1/9/2025,005/25XK,KDQT,HÀNG TỒN,KD.704,  4 ,2/22/2025
11/27/2025,1/9/2025,005/25XK,KDQT,HÀNG TỒN,KD.704,  6 ,2/22/2025
11/27/2025,1/9/2025,005/25XK,KDQT,HÀNG TỒN,KD.705,  5 ,2/22/2025
11/27/2025,1/9/2025,005/25XK,KDQT,HÀNG TỒN,KD.706,  5 ,2/22/2025
11/27/2025,1/9/2025,005/25XK,KDQT,HÀNG TỒN,KD.707,  15 ,2/22/2025
11/27/2025,1/9/2025,005/25XK,KDQT,HÀNG TỒN,KD.707,  5 ,2/22/2025
11/27/2025,1/9/2025,005/25XK,KDQT,HÀNG TỒN,KD.708,  5 ,2/22/2025
11/27/2025,1/9/2025,005/25XK,KDQT,HÀNG TỒN,KD.709,  5 ,2/22/2025
11/27/2025,1/9/2025,005/25XK,KDQT,HÀNG TỒN,KD.710,  5 ,2/22/2025
11/27/2025,1/9/2025,005/25XK,KDQT,HÀNG TỒN,KD.711,  5 ,2/22/2025
11/27/2025,1/9/2025,005/25XK,KDQT,HÀNG TỒN,KD.712,  3 ,2/22/2025
11/27/2025,1/9/2025,005/25XK,KDQT,HÀNG TỒN,KD.712,  2 ,2/22/2025
11/27/2025,1/9/2025,005/25XK,KDQT,HÀNG TỒN,KD.714,  2 ,2/22/2025
11/27/2025,1/9/2025,005/25XK,KDQT,HÀNG TỒN,KD.714,  3 ,2/22/2025
11/27/2025,1/9/2025,005/25XK,KDQT,HÀNG TỒN,KD.715,  2 ,2/22/2025
11/27/2025,1/9/2025,005/25XK,KDQT,HÀNG TỒN,KD.715,  8 ,2/22/2025
11/27/2025,1/9/2025,005/25XK,KDQT,HÀNG TỒN,KD.716,  3 ,2/22/2025
11/27/2025,1/9/2025,005/25XK,KDQT,HÀNG TỒN,KD.718,  3 ,2/22/2025
11/27/2025,1/9/2025,005/25XK,KDQT,HÀNG TỒN,KD.722,  -   ,2/22/2025
11/27/2025,1/9/2025,005/25XK,KDQT,HÀNG TỒN,KD.723,  -   ,2/22/2025
11/27/2025,1/9/2025,005/25XK,KDQT,HÀNG TỒN,KDM.713,  2 ,2/22/2025
11/27/2025,1/9/2025,005/25XK,KDQT,HÀNG TỒN,KDM.717,  2 ,2/22/2025
11/27/2025,1/9/2025,005/25XK,KDQT,HÀNG TỒN,KDN.720,  20 ,2/22/2025
11/27/2025,1/9/2025,005/25XK,KDQT,HÀNG TỒN,KDN.721,  20 ,2/22/2025
11/27/2025,1/9/2025,005/25XK,KDQT,HÀNG TỒN,NC.01,  3 ,2/22/2025
11/27/2025,1/9/2025,005/25XK,KDQT,HÀNG TỒN,NC.02,  3 ,2/22/2025
11/27/2025,1/9/2025,005/25XK,KDQT,HÀNG TỒN,NC.03,  2 ,2/22/2025
11/27/2025,1/9/2025,005/25XK,KDQT,HÀNG TỒN,NC.04,  2 ,2/22/2025
11/27/2025,1/9/2025,005/25XK,KDQT,HÀNG TỒN,NC.05,  2 ,2/22/2025
11/27/2025,1/9/2025,005/25XK,KDQT,HÀNG TỒN,NC.06,  2 ,2/22/2025
11/27/2025,1/9/2025,005/25XK,KDQT,HÀNG TỒN,P.01,  5 ,2/22/2025
11/27/2025,1/9/2025,005/25XK,KDQT,HÀNG TỒN,P.02,  5 ,2/22/2025
11/27/2025,1/9/2025,005/25XK,KDQT,HC 2025,P.03,  10 ,2/22/2025
11/27/2025,1/9/2025,005/25XK,KDQT,HÀNG TỒN,P.03,  -   ,2/22/2025
11/27/2025,1/9/2025,005/25XK,KDQT,HÀNG TỒN,P.04,  5 ,2/22/2025
11/27/2025,1/9/2025,005/25XK,KDQT,HÀNG TỒN,P.05,  5 ,2/22/2025
11/27/2025,1/9/2025,005/25XK,KDQT,HÀNG TỒN,P.08,  6 ,2/22/2025
11/27/2025,1/9/2025,005/25XK,KDQT,HÀNG TỒN,P.08,  4 ,2/22/2025
11/27/2025,1/9/2025,005/25XK,KDQT,HÀNG TỒN,P.09,  5 ,2/22/2025
11/27/2025,1/9/2025,005/25XK,KDQT,HÀNG TỒN,P.10,  5 ,2/22/2025
11/27/2025,1/9/2025,005/25XK,KDQT,HÀNG TỒN,P.12,  10 ,2/22/2025
11/27/2025,1/9/2025,005/25XK,KDQT,HÀNG TỒN,P.12,  -   ,2/22/2025
11/27/2025,1/9/2025,005/25XK,KDQT,HÀNG TỒN,P.13,  10 ,2/22/2025
11/27/2025,1/9/2025,005/25XK,KDQT,HÀNG TỒN,P.14,  10 ,2/22/2025
11/27/2025,1/9/2025,005/25XK,KDQT,HÀNG TỒN,P.15,  10 ,2/22/2025
11/27/2025,1/9/2025,005/25XK,KDQT,HÀNG TỒN,P.17,  7 ,2/22/2025
11/27/2025,1/9/2025,005/25XK,KDQT,HÀNG TỒN,P.17,  3 ,2/22/2025
11/27/2025,1/9/2025,005/25XK,KDQT,HÀNG TỒN,P.19,  3 ,2/22/2025
11/27/2025,1/9/2025,005/25XK,KDQT,HÀNG TỒN,P.20,  5 ,2/22/2025
11/27/2025,1/9/2025,005/25XK,KDQT,HÀNG TỒN,P.21,  10 ,2/22/2025
11/27/2025,1/9/2025,005/25XK,KDQT,HÀNG TỒN,P.22,  10 ,2/22/2025
11/27/2025,1/9/2025,005/25XK,KDQT,HÀNG TỒN,P.22,  -   ,2/22/2025
11/27/2025,1/9/2025,005/25XK,KDQT,HÀNG TỒN,P.24,  10 ,2/22/2025
11/27/2025,1/9/2025,005/25XK,KDQT,HÀNG TỒN,T.01BL,  1 ,2/22/2025
11/27/2025,1/9/2025,005/25XK,KDQT,HÀNG TỒN,T.01BO,  1 ,2/22/2025
11/27/2025,1/9/2025,005/25XK,KDQT,HÀNG TỒN,T.01GR,  1 ,2/22/2025
11/27/2025,1/9/2025,005/25XK,KDQT,HÀNG TỒN,T.01PU,  1 ,2/22/2025
11/27/2025,1/9/2025,005/25XK,KDQT,HÀNG TỒN,T.01RE,  1 ,2/22/2025
11/27/2025,1/9/2025,005/25XK,KDQT,HÀNG TỒN,T.03,  -   ,2/22/2025
11/27/2025,1/9/2025,005/25XK,KDQT,HÀNG TỒN,T.04,  2 ,2/22/2025
11/27/2025,1/9/2025,005/25XK,KDQT,HÀNG TỒN,T.05,  2 ,2/22/2025
11/27/2025,1/9/2025,005/25XK,KDQT,HÀNG TỒN,T.06,  2 ,2/22/2025
11/27/2025,1/9/2025,005/25XK,KDQT,HÀNG TỒN,T.07,  2 ,2/22/2025
11/27/2025,1/9/2025,005/25XK,KDQT,HÀNG TỒN,T.08,  2 ,2/22/2025
11/27/2025,1/9/2025,005/25XK,KDQT,HÀNG TỒN,T.09,  3 ,2/22/2025
11/27/2025,1/9/2025,005/25XK,KDQT,HÀNG TỒN,T.10,  10 ,2/22/2025
11/27/2025,1/9/2025,006/25XK,KDQT,HÀNG TỒN,C.03-5MM,  3 ,2/22/2025
11/27/2025,1/9/2025,006/25XK,KDQT,HÀNG TỒN,C.04-6MM,  3 ,2/22/2025
11/27/2025,1/9/2025,006/25XK,KDQT,HÀNG TỒN,C.05-5MM,  2 ,2/22/2025
11/27/2025,1/9/2025,006/25XK,KDQT,HÀNG TỒN,C.06-7MM,  2 ,2/22/2025
11/27/2025,1/9/2025,006/25XK,KDQT,HÀNG TỒN,C.07-3.5MM,  2 ,2/22/2025
11/27/2025,1/9/2025,006/25XK,KDQT,HÀNG TỒN,C.07-5MM,  10 ,2/22/2025
11/27/2025,1/9/2025,006/25XK,KDQT,HÀNG TỒN,C.07-7MM,  10 ,2/22/2025
11/27/2025,1/9/2025,006/25XK,KDQT,HÀNG TỒN,C.08-7MM,  2 ,2/22/2025
11/27/2025,1/9/2025,006/25XK,KDQT,HÀNG TỒN,C.111,  3 ,2/22/2025
11/27/2025,1/9/2025,006/25XK,KDQT,HÀNG TỒN,C.112,  1 ,2/22/2025
11/27/2025,1/9/2025,006/25XK,KDQT,HÀNG TỒN,C.112,  2 ,2/22/2025
11/27/2025,1/9/2025,006/25XK,KDQT,HÀNG TỒN,C.114,  2 ,2/22/2025
11/27/2025,1/9/2025,006/25XK,KDQT,HÀNG TỒN,C.114,  1 ,2/22/2025
11/27/2025,1/9/2025,006/25XK,KDQT,HÀNG TỒN,C.118,  3 ,2/22/2025
11/27/2025,1/9/2025,006/25XK,KDQT,HÀNG TỒN,C.35-5MM,  2 ,2/22/2025
11/27/2025,1/9/2025,006/25XK,KDQT,HÀNG TỒN,C.36-5MM,  5 ,2/22/2025
11/27/2025,1/9/2025,006/25XK,KDQT,HÀNG TỒN,CL.101-12,  2 ,2/22/2025
11/27/2025,1/9/2025,006/25XK,KDQT,HÀNG TỒN,CL.201-5MM,  2 ,2/22/2025
11/27/2025,1/9/2025,006/25XK,KDQT,HÀNG TỒN,CL.201-6MM,  -   ,2/22/2025
11/27/2025,1/9/2025,006/25XK,KDQT,HÀNG TỒN,CL.203-5MM,  3 ,2/22/2025
11/27/2025,1/9/2025,006/25XK,KDQT,HÀNG TỒN,CL.205-5mm,  3 ,2/22/2025
11/27/2025,1/9/2025,006/25XK,KDQT,HÀNG TỒN,CL.205-7mm,  3 ,2/22/2025
11/27/2025,1/9/2025,006/25XK,KDQT,HÀNG TỒN,CL.206-5mm,  5 ,2/22/2025
11/27/2025,1/9/2025,006/25XK,KDQT,HÀNG TỒN,CL.206-7MM,  5 ,2/22/2025
11/27/2025,1/9/2025,006/25XK,KDQT,HÀNG TỒN,CL.209-12MM,  2 ,2/22/2025
11/27/2025,1/9/2025,006/25XK,KDQT,HÀNG TỒN,CL.210-12MM,  2 ,2/22/2025
11/27/2025,1/9/2025,006/25XK,KDQT,HÀNG TỒN,CL.211-10MM,  5 ,2/22/2025
11/27/2025,1/9/2025,006/25XK,KDQT,HÀNG TỒN,CL.212-8MM,  2 ,2/22/2025
11/27/2025,1/9/2025,006/25XK,KDQT,HÀNG TỒN,CL.213-10MM,  2 ,2/22/2025
11/27/2025,1/9/2025,006/25XK,KDQT,HÀNG TỒN,CL.214-10MM,  2 ,2/22/2025
11/27/2025,1/9/2025,006/25XK,KDQT,HÀNG TỒN,CL.221-10MM,  3 ,2/22/2025
11/27/2025,1/9/2025,006/25XK,KDQT,HÀNG TỒN,CL.223-8MM,  5 ,2/22/2025
11/27/2025,1/9/2025,006/25XK,KDQT,HÀNG TỒN,CL.S01-5MM,  3 ,2/22/2025
11/27/2025,1/9/2025,006/25XK,KDQT,HÀNG TỒN,CL.S02-5MM,  3 ,2/22/2025
11/27/2025,1/9/2025,006/25XK,KDQT,HÀNG TỒN,EVO.01V-6MM,  2 ,2/22/2025
11/27/2025,1/9/2025,006/25XK,KDQT,HÀNG TỒN,NB.102,  2 ,2/22/2025
11/27/2025,1/9/2025,006/25XK,KDQT,HÀNG TỒN,NL.102,  2 ,2/22/2025
11/27/2025,1/9/2025,006/25XK,KDQT,HÀNG TỒN,NL.201,  3 ,2/22/2025
11/27/2025,1/9/2025,006/25XK,KDQT,HÀNG TỒN,NL.202,  3 ,2/22/2025
11/27/2025,1/9/2025,006/25XK,KDQT,HÀNG TỒN,NL.203,  3 ,2/22/2025
11/27/2025,1/9/2025,006/25XK,KDQT,HÀNG TỒN,NL.204,  2 ,2/22/2025
11/27/2025,1/9/2025,006/25XK,KDQT,HÀNG TỒN,NL.205,  3 ,2/22/2025
11/27/2025,1/9/2025,006/25XK,KDQT,HÀNG TỒN,NL.206,  5 ,2/22/2025
11/27/2025,1/9/2025,006/25XK,KDQT,HÀNG TỒN,NL.207,  2 ,2/22/2025
11/27/2025,1/9/2025,006/25XK,KDQT,HÀNG TỒN,NL.208,  2 ,2/22/2025
11/27/2025,1/9/2025,006/25XK,KDQT,HÀNG TỒN,NL.210,  5 ,2/22/2025
12/27/2024,1/2/2025,007/25XK,KDQT,HÀNG TỒN,CL.206-5mm,  1.000 ,3/26/2025
12/27/2024,1/2/2025,007/25XK,KDQT,HÀNG TỒN,CL.206-7mm,  1.000 ,3/26/2025
12/27/2024,1/2/2025,007/25XK,KDQT,HÀNG TỒN,CL.209-12mm,  500 ,3/26/2025
12/27/2024,1/2/2025,007/25XK,KDQT,HÀNG TỒN,CL.212-8mm,  120 ,3/26/2025
12/27/2024,1/2/2025,007/25XK,KDQT,HÀNG TỒN,CL.221-10mm,  60 ,3/26/2025
12/27/2024,1/2/2025,007/25XK,KDQT,HÀNG TỒN,CL.223-8mm,  360 ,3/26/2025
12/27/2024,1/2/2025,007/25XK,KDQT,HÀNG TỒN,CL.S02-5mm,  360 ,3/26/2025
12/27/2024,1/2/2025,007/25XK,KDQT,HÀNG TỒN,KD.43,  300 ,2/28/2025
12/27/2024,1/2/2025,007/25XK,KDQT,HÀNG TỒN,KD2-2622,  500 ,3/26/2025
12/27/2024,1/2/2025,007/25XK,KDQT,HÀNG TỒN,KD2-2623,  1.000 ,3/26/2025
12/27/2024,1/2/2025,007/25XK,KDQT,HÀNG TỒN,KD2-2624,  900 ,3/26/2025
12/27/2024,1/2/2025,007/25XK,KDQT,HÀNG TỒN,KDN.721,  1.500 ,3/28/2025
12/27/2024,1/20/2025,007/25XK,KDQT,HÀNG TỒN,KM2-1484,  500 ,4/5/2025
12/27/2024,1/2/2025,007/25XK,KDQT,HÀNG TỒN,KSK-2426,  500 ,2/28/2025
12/27/2024,1/2/2025,007/25XK,KDQT,HÀNG TỒN,NL.201,  360 ,3/26/2025
12/27/2024,1/2/2025,007/25XK,KDQT,HÀNG TỒN,NL.202,  360 ,3/26/2025
12/27/2024,1/2/2025,007/25XK,KDQT,HÀNG TỒN,NL.203,  500 ,4/29/2025
12/27/2024,1/2/2025,007/25XK,KDQT,HÀNG TỒN,NL.205,  360 ,4/29/2025
12/27/2024,1/2/2025,007/25XK1,KDQT,HÀNG TỒN,KDN.721,  -   ,5/29/2025
1/2/2025,2/17/2025,008/25XK,KDQT,HÀNG TỒN,KD.701,  2.500 ,2/28/2025
1/2/2025,2/17/2025,008/25XK,KDQT,HÀNG TỒN,KD.702,  2.000 ,2/28/2025
1/2/2025,2/17/2025,008/25XK,KDQT,HÀNG TỒN,KD.703,  1.000 ,2/28/2025
1/2/2025,2/17/2025,008/25XK,KDQT,HÀNG TỒN,KD.704,  2.000 ,2/28/2025
1/2/2025,2/17/2025,008/25XK,KDQT,HÀNG TỒN,KD.705,  1.000 ,2/28/2025
1/2/2025,2/17/2025,008/25XK,KDQT,HÀNG TỒN,KD.706,  2.000 ,2/28/2025
1/2/2025,2/17/2025,008/25XK,KDQT,HÀNG TỒN,KD.707,  7.000 ,2/28/2025
1/2/2025,3/3/2025,008/25XK,KDQT,HÀNG TỒN,KD.709,  1.500 ,3/31/2025
1/2/2025,3/3/2025,008/25xk,KDQT,HÀNG TỒN,KD.710,  1.000 ,3/31/2025
1/2/2025,2/17/2025,008/25XK,KDQT,HÀNG TỒN,KD.714,  1.000 ,2/28/2025
1/2/2025,2/17/2025,008/25XK,KDQT,HÀNG TỒN,KD.715,  1.000 ,2/28/2025
1/2/2025,2/17/2025,008/25XK,KDQT,HÀNG TỒN,KD.718,  1.000 ,2/28/2025
1/2/2025,3/3/2025,008/25XK,KDQT,HÀNG TỒN,KDN.720,  500 ,3/31/2025
1/2/2025,3/3/2025,008/25XK,KDQT,HÀNG TỒN,KSK-1868,  500 ,3/31/2025
12/7/2024,1/4/2025,009/25XK,0503/SPAIN,Salón manicura y pedicura Siberia S.L.,KSK-1899,  629 ,3/14/2025
12/7/2024,1/4/2025,009/25XK,0503/SPAIN,Salón manicura y pedicura Siberia S.L.,KSK-2089,  834 ,3/14/2025
12/7/2024,1/4/2025,009/25XK,0503/SPAIN,Salón manicura y pedicura Siberia S.L.,KSK-2090,  800 ,3/14/2025
12/7/2024,1/4/2025,009/25XK,0503/SPAIN,Salón manicura y pedicura Siberia S.L.,KSK-2092,  691 ,3/14/2025
1/8/2025,1/9/2025,011/25XK,0418/OMAN,MAYA NAILSHOP,C.36-12,  360 ,3/25/2025
1/8/2025,1/9/2025,012/25ND,CHAOBA,CHAOBA,B.902,  360 ,1/20/2025
1/8/2025,1/9/2025,012/25ND,CHAOBA,CHAOBA,D.09-16,  600 ,1/20/2025
1/8/2025,1/9/2025,012/25ND,CHAOBA,CHAOBA,D.18,  1.100 ,1/20/2025
1/8/2025,1/9/2025,012/25ND,CHAOBA,CHAOBA,D.501,  2.240 ,1/20/2025
1/8/2025,1/9/2025,012/25ND,CHAOBA,CHAOBA,D.506,  500 ,1/20/2025
1/8/2025,1/9/2025,012/25ND,CHAOBA,CHAOBA,S.506,  360 ,1/20/2025
1/10/2025,1/13/2025,013/25XK,0419/MEXICO,Oleksandr Zadorozhnyi,KSK-2078,  1.000 ,2/11/2025
1/13/2025,1/13/2025,014/25XK,0531/CHINA,"TONG DE INDUSTRY AND TRADE (YANGJIANG YANGDONG DISTRICT) CO., LTD",KD2-2230,  720 ,3/12/2025
1/13/2025,1/13/2025,014/25XK,0531/CHINA,"TONG DE INDUSTRY AND TRADE (YANGJIANG YANGDONG DISTRICT) CO., LTD",KD2-2231,  1.080 ,3/12/2025
1/13/2025,1/13/2025,014/25XK,0531/CHINA,"TONG DE INDUSTRY AND TRADE (YANGJIANG YANGDONG DISTRICT) CO., LTD",KD2-2232,  500 ,3/12/2025
1/13/2025,1/13/2025,014/25XK,0531/CHINA,"TONG DE INDUSTRY AND TRADE (YANGJIANG YANGDONG DISTRICT) CO., LTD",KD2-2233,  500 ,3/12/2025
1/13/2025,1/15/2025,015/25XK,0425/CHINA,Guangzhou Xingdian Nail Products Company Limited,B.901NC,  1.080 ,3/31/2025
1/13/2025,1/15/2025,015/25XK,0425/CHINA,Guangzhou Xingdian Nail Products Company Limited,B.902NC,  1.800 ,3/31/2025
1/13/2025,1/15/2025,015/25XK,0425/CHINA,Guangzhou Xingdian Nail Products Company Limited,D.03-12NC,  360 ,3/31/2025
1/13/2025,1/15/2025,015/25XK,0425/CHINA,Guangzhou Xingdian Nail Products Company Limited,D.03-14NC,  1.800 ,3/31/2025
1/13/2025,1/15/2025,015/25XK,0425/CHINA,Guangzhou Xingdian Nail Products Company Limited,D.03-16NC,  360 ,3/31/2025
1/13/2025,1/15/2025,015/25XK,0425/CHINA,Guangzhou Xingdian Nail Products Company Limited,D.04-12NC,  180 ,3/31/2025
1/13/2025,1/15/2025,015/25XK,0425/CHINA,Guangzhou Xingdian Nail Products Company Limited,D.04-14NC,  180 ,3/31/2025
1/13/2025,1/15/2025,015/25XK,0425/CHINA,Guangzhou Xingdian Nail Products Company Limited,D.05-12NC,  120 ,3/31/2025
1/13/2025,1/15/2025,015/25XK,0425/CHINA,Guangzhou Xingdian Nail Products Company Limited,D.06-14NC,  360 ,3/31/2025
1/13/2025,1/15/2025,015/25XK,0425/CHINA,Guangzhou Xingdian Nail Products Company Limited,D.07-12NC,  14.400 ,3/31/2025
1/13/2025,1/15/2025,015/25XK,0425/CHINA,Guangzhou Xingdian Nail Products Company Limited,D.07-14NC,  10.800 ,3/31/2025
1/13/2025,1/15/2025,015/25XK,0425/CHINA,Guangzhou Xingdian Nail Products Company Limited,D.07-16NC,  3.600 ,3/31/2025
1/13/2025,1/15/2025,015/25XK,0425/CHINA,Guangzhou Xingdian Nail Products Company Limited,D.07-3.5NC,  3.600 ,3/31/2025
1/13/2025,1/15/2025,015/25XK,0425/CHINA,Guangzhou Xingdian Nail Products Company Limited,D.18NC,  720 ,3/31/2025
1/13/2025,1/15/2025,015/25XK,0425/CHINA,Guangzhou Xingdian Nail Products Company Limited,D.22NC,  18.000 ,3/31/2025
1/13/2025,1/15/2025,015/25XK,0425/CHINA,Guangzhou Xingdian Nail Products Company Limited,D.23NC,  10.800 ,3/31/2025
1/13/2025,1/15/2025,015/25XK,0425/CHINA,Guangzhou Xingdian Nail Products Company Limited,D.27NC,  1.080 ,3/31/2025
1/13/2025,1/15/2025,015/25XK,0425/CHINA,Guangzhou Xingdian Nail Products Company Limited,D.28NC,  1.440 ,3/31/2025
1/13/2025,1/15/2025,015/25XK,0425/CHINA,Guangzhou Xingdian Nail Products Company Limited,D.501-14NC,  18.000 ,3/31/2025
1/13/2025,1/15/2025,015/25XK,0425/CHINA,Guangzhou Xingdian Nail Products Company Limited,D.501NC,  27.000 ,3/31/2025
1/13/2025,1/15/2025,015/25XK,0425/CHINA,Guangzhou Xingdian Nail Products Company Limited,D.555NC,  4.680 ,3/31/2025
1/13/2025,1/15/2025,015/25XK,0425/CHINA,Guangzhou Xingdian Nail Products Company Limited,S.504NC,  1.080 ,3/31/2025
1/13/2025,1/15/2025,015/25XK,0425/CHINA,Guangzhou Xingdian Nail Products Company Limited,S.506NC,  2.520 ,3/31/2025
1/13/2025,1/15/2025,015/25XK,0425/CHINA,Guangzhou Xingdian Nail Products Company Limited,S.507NC,  360 ,3/31/2025
1/13/2025,1/15/2025,015/25XK,0425/CHINA,Guangzhou Xingdian Nail Products Company Limited,S.508NC,  1.080 ,3/31/2025
1/13/2025,1/15/2025,015/25XK,0425/CHINA,Guangzhou Xingdian Nail Products Company Limited,S.511NC,  5.400 ,3/31/2025
1/13/2025,1/15/2025,015/25XK,0425/CHINA,Guangzhou Xingdian Nail Products Company Limited,S.514NC,  1.440 ,3/31/2025
1/13/2025,1/15/2025,016/25XK,0425/CHINA,Guangzhou Xingdian Nail Products Company Limited,B.901NC,  1.080 ,4/28/2025
1/13/2025,1/15/2025,016/25XK,0425/CHINA,Guangzhou Xingdian Nail Products Company Limited,B.902NC,  1.080 ,4/28/2025
1/13/2025,1/15/2025,016/25XK,0425/CHINA,Guangzhou Xingdian Nail Products Company Limited,D.03-12NC,  720 ,4/28/2025
1/13/2025,1/15/2025,016/25XK,0425/CHINA,Guangzhou Xingdian Nail Products Company Limited,D.03-14NC,  1.800 ,4/28/2025
1/13/2025,1/15/2025,016/25XK,0425/CHINA,Guangzhou Xingdian Nail Products Company Limited,D.05-12NC,  120 ,4/28/2025
1/13/2025,1/15/2025,016/25XK,0425/CHINA,Guangzhou Xingdian Nail Products Company Limited,D.05V-16NC,  60 ,4/28/2025
1/13/2025,1/15/2025,016/25XK,0425/CHINA,Guangzhou Xingdian Nail Products Company Limited,D.06-14NC,  360 ,4/28/2025
1/13/2025,1/15/2025,016/25XK,0425/CHINA,Guangzhou Xingdian Nail Products Company Limited,D.07-12NC,  9.720 ,4/28/2025
1/13/2025,1/15/2025,016/25XK,0425/CHINA,Guangzhou Xingdian Nail Products Company Limited,D.07-14NC,  7.920 ,4/28/2025
1/13/2025,1/15/2025,016/25XK,0425/CHINA,Guangzhou Xingdian Nail Products Company Limited,D.07-16NC,  1.800 ,4/28/2025
1/13/2025,1/15/2025,016/25XK,0425/CHINA,Guangzhou Xingdian Nail Products Company Limited,D.18NC,  360 ,4/28/2025
1/13/2025,1/15/2025,016/25XK,0425/CHINA,Guangzhou Xingdian Nail Products Company Limited,D.22NC,  10.800 ,4/28/2025
1/13/2025,1/15/2025,016/25XK,0425/CHINA,Guangzhou Xingdian Nail Products Company Limited,D.23NC,  5.400 ,4/28/2025
1/13/2025,1/15/2025,016/25XK,0425/CHINA,Guangzhou Xingdian Nail Products Company Limited,D.27NC,  720 ,4/28/2025
1/13/2025,1/15/2025,016/25XK,0425/CHINA,Guangzhou Xingdian Nail Products Company Limited,D.28NC,  1.080 ,4/28/2025
1/13/2025,1/15/2025,016/25XK,0425/CHINA,Guangzhou Xingdian Nail Products Company Limited,D.501-14NC,  10.800 ,4/28/2025
1/13/2025,1/15/2025,016/25XK,0425/CHINA,Guangzhou Xingdian Nail Products Company Limited,D.501NC,  10.800 ,4/28/2025
1/13/2025,1/15/2025,016/25XK,0425/CHINA,Guangzhou Xingdian Nail Products Company Limited,S.511NC,  3.600 ,4/28/2025
1/15/2025,1/15/2025,017/25XK,0531/CHINA,"TONG DE INDUSTRY AND TRADE (YANGJIANG YANGDONG DISTRICT) CO., LTD",KSK-1847,  1.000 ,2/26/2025
1/14/2025,1/16/2025,018/25XK,0572/HUNGARY,Norbert Laza,KSK-2626,  500 ,2/28/2025
1/14/2025,1/16/2025,018/25XK,0572/HUNGARY,Norbert Laza,KSK-2627,  100 ,2/28/2025
1/13/2025,1/16/2025,019/25xk,0510/ESTONIA,Mereneid Trading OÜ,C.04-3.5MM,  120 ,3/28/2025
1/13/2025,1/16/2025,019/25xk,0510/ESTONIA,Mereneid Trading OÜ,C.04-5MM,  120 ,3/28/2025
1/13/2025,1/16/2025,019/25xk,0510/ESTONIA,Mereneid Trading OÜ,C.07-3.5MM,  60 ,3/28/2025
1/13/2025,1/16/2025,019/25xk,0510/ESTONIA,Mereneid Trading OÜ,C.07-5MM,  60 ,3/28/2025
1/13/2025,1/16/2025,019/25xk,0510/ESTONIA,Mereneid Trading OÜ,CL.205-3.5MM,  120 ,3/28/2025
1/13/2025,1/16/2025,019/25xk,0510/ESTONIA,Mereneid Trading OÜ,CL.205-5mm,  60 ,3/28/2025
1/13/2025,1/16/2025,019/25xk,0510/ESTONIA,Mereneid Trading OÜ,CL.206-3.5MM,  60 ,3/28/2025
1/13/2025,1/16/2025,019/25xk,0510/ESTONIA,Mereneid Trading OÜ,CL.206-5mm,  60 ,3/28/2025
1/13/2025,1/16/2025,019/25xk,0510/ESTONIA,Mereneid Trading OÜ,KD.704,  120 ,3/22/2025
1/13/2025,1/16/2025,019/25xk,0510/ESTONIA,Mereneid Trading OÜ,KD.705,  120 ,3/22/2025
1/13/2025,1/16/2025,019/25xk,0510/ESTONIA,Mereneid Trading OÜ,KD.707,  60 ,3/22/2025
1/13/2025,1/16/2025,019/25xk,0510/ESTONIA,Mereneid Trading OÜ,KD.718,  60 ,3/22/2025
1/13/2026,1/19/2026,019/26XK,0059/KOREA,CAREN BEAUTY,KD2-0152,  600 ,4/4/2026
1/13/2026,1/19/2026,019/26XK,0059/KOREA,CAREN BEAUTY,KD2-0153,  1.000 ,4/4/2026
1/13/2025,1/16/2025,019/25xk,0510/ESTONIA,Mereneid Trading OÜ,NL.201,  60 ,3/28/2025
1/13/2025,1/16/2025,019/25xk,0510/ESTONIA,Mereneid Trading OÜ,NL.202,  60 ,3/28/2025
1/13/2025,1/16/2025,019/25xk,0510/ESTONIA,Mereneid Trading OÜ,P.02,  60 ,3/22/2025
1/13/2025,1/16/2025,019/25xk,0510/ESTONIA,Mereneid Trading OÜ,P.08,  60 ,3/22/2025
1/13/2025,1/16/2025,019/25xk,0510/ESTONIA,Mereneid Trading OÜ,P.17,  60 ,3/22/2025
1/13/2025,1/16/2025,019/25xk,0510/ESTONIA,Mereneid Trading OÜ,T.03,  60 ,3/22/2025
1/13/2025,1/16/2025,019/25xk,0510/ESTONIA,Mereneid Trading OÜ,T.05,  60 ,3/22/2025
1/13/2026,1/19/2026,020/26XK,0026/GERMANY,ZWILLING Beauty Group GmbH,KD2-0568,  2.000 ,4/15/2026
12/11/2024,1/16/2025,020/25XK,0211/JAPAN,MARUTO HASEGAWA KOSAKUJO INC.,KSK-0484,  500 ,3/26/2025
12/11/2024,1/16/2025,020/25XK,0211/JAPAN,MARUTO HASEGAWA KOSAKUJO INC.,KSK-0490,  500 ,3/26/2025
12/11/2024,1/16/2025,020/25XK,0211/JAPAN,MARUTO HASEGAWA KOSAKUJO INC.,KSN-0387,  500 ,3/26/2025
1/20/2025,1/20/2025,021/25XK,0395/ESTONIA, VIIS ILUSALONG ( MOSAIC ),KD.43,  360 ,1/22/2025
1/13/2025,1/20/2025,022/25ND,CHAOBA,CHAOBA,D.01-12,  800 ,2/25/2025
1/13/2025,1/20/2025,022/25ND,CHAOBA,CHAOBA,D.01-14,  560 ,2/25/2025
1/13/2025,1/20/2025,022/25ND,CHAOBA,CHAOBA,D.03-16,  600 ,2/25/2025
1/13/2025,1/20/2025,022/25ND,CHAOBA,CHAOBA,D.06-14,  60 ,2/25/2025
1/13/2025,1/20/2025,022/25ND,CHAOBA,CHAOBA,D.07-16,  1.760 ,2/25/2025
1/13/2025,1/20/2025,022/25ND,CHAOBA,CHAOBA,D.09-12,  200 ,2/25/2025
1/13/2025,1/20/2025,022/25ND,CHAOBA,CHAOBA,D.18,  1.800 ,2/25/2025
1/13/2025,1/20/2025,022/25ND,CHAOBA,CHAOBA,D.501,  4.200 ,2/25/2025
1/13/2025,1/20/2025,022/25ND,CHAOBA,CHAOBA,D.506,  1.900 ,2/25/2025
1/13/2025,1/20/2025,022/25ND,CHAOBA,CHAOBA,D.555KD,  4.800 ,2/25/2025
1/13/2025,1/20/2025,022/25ND,CHAOBA,CHAOBA,S.506,  720 ,2/25/2025
1/23/2025,2/10/2025,023/25XK,0026/GERMANY,ZWILLING Beauty Group GmbH,KD2-0568,  500 ,4/4/2025
1/20/2025,2/10/2025,024/25xk,0026/GERMANY,ZWILLING Beauty Group GmbH,KSS-0213,  7.800 ,4/16/2025
1/20/2025,2/10/2025,024/25xk,0026/GERMANY,ZWILLING Beauty Group GmbH,KSS-0228,  3.000 ,5/17/2025
1/20/2025,2/10/2025,024/25xk,0026/GERMANY,ZWILLING Beauty Group GmbH,KSS-0367,  4.800 ,4/16/2025
1/20/2025,2/10/2025,024/25xk1,0026/GERMANY,ZWILLING Beauty Group GmbH,KSS-0367,  11.400 ,5/17/2025
1/20/2025,2/10/2025,025/25XK,0336/CHINA,"QVS Global China, LTD",KSS-0228,  1.000 ,5/17/2025
1/21/2025,2/10/2025,026/25XK,0026/GERMANY,ZWILLING Beauty Group GmbH,KD2-0211,  4.500 ,5/31/2025
1/21/2025,2/10/2025,026/25XK,0026/GERMANY,ZWILLING Beauty Group GmbH,KD2-0568,  2.500 ,5/31/2025
1/21/2025,2/10/2025,026/25XK,0026/GERMANY,ZWILLING Beauty Group GmbH,KM2-0212,  6.000 ,5/31/2025
1/21/2025,2/10/2025,026/25XK,0026/GERMANY,ZWILLING Beauty Group GmbH,KM2-0550,  2.400 ,5/31/2025
1/21/2025,2/10/2025,027/25XK,0026/GERMANY,ZWILLING Beauty Group GmbH,KD2-0211,  4.500 ,7/4/2025
1/21/2025,2/10/2025,027/25XK,0026/GERMANY,ZWILLING Beauty Group GmbH,KM2-0212,  6.000 ,7/4/2025
1/21/2025,2/10/2025,027/25XK,0026/GERMANY,ZWILLING Beauty Group GmbH,KSS-0367,  2.400 ,7/4/2025
2/7/2025,2/10/2025,028/25XK,0006/LEBANON,FADI SAWAYA SAL (SAWAYA INT'L LLC),KD2-0370,  200 ,3/31/2025
2/7/2025,2/10/2025,028/25XK,0006/LEBANON,FADI SAWAYA SAL (SAWAYA INT'L LLC),KD2-1635,  200 ,3/31/2025
2/7/2025,2/10/2025,028/25XK,0006/LEBANON,FADI SAWAYA SAL (SAWAYA INT'L LLC),KSB-0293,  300 ,3/26/2025
2/7/2025,2/10/2025,028/25XK,0006/LEBANON,FADI SAWAYA SAL (SAWAYA INT'L LLC),KSB-0294,  150 ,3/26/2025
2/7/2025,2/10/2025,029/25ND,B2B,SINCO,BQT.SINCO 2025,  300 ,3/5/2025
2/7/2025,2/10/2025,030/25XK,0424/USA,Yama Yama Trading LLC,KD2-1409,  500 ,3/26/2025
2/7/2025,2/10/2025,030/25XK,0424/USA,Yama Yama Trading LLC,KDT-2625,  500 ,3/26/2025
2/7/2025,2/10/2025,031/25XK,0270/UAE,MILIA COSMETICS MAT TR.L L C - SOLE PROPRIETORSHIP,C.03-12,  1.200 ,3/25/2025
2/7/2025,2/10/2025,031/25XK,0270/UAE,MILIA COSMETICS MAT TR.L L C - SOLE PROPRIETORSHIP,C.05-12,  600 ,3/25/2025
2/7/2025,2/10/2025,031/25XK,0270/UAE,MILIA COSMETICS MAT TR.L L C - SOLE PROPRIETORSHIP,C.06-12,  2.400 ,3/25/2025
2/7/2025,2/10/2025,031/25XK,0270/UAE,MILIA COSMETICS MAT TR.L L C - SOLE PROPRIETORSHIP,C.07-12,  1.200 ,3/25/2025
2/7/2025,2/10/2025,031/25XK,0270/UAE,MILIA COSMETICS MAT TR.L L C - SOLE PROPRIETORSHIP,C.111,  2.400 ,3/25/2025
2/7/2025,2/10/2025,031/25XK,0270/UAE,MILIA COSMETICS MAT TR.L L C - SOLE PROPRIETORSHIP,C.112,  1.200 ,3/25/2025
2/7/2025,2/10/2025,031/25XK,0270/UAE,MILIA COSMETICS MAT TR.L L C - SOLE PROPRIETORSHIP,C.114,  1.200 ,3/25/2025
2/7/2025,2/10/2025,031/25XK,0270/UAE,MILIA COSMETICS MAT TR.L L C - SOLE PROPRIETORSHIP,C.118,  2.400 ,3/25/2025
2/7/2025,2/10/2025,031/25XK,0270/UAE,MILIA COSMETICS MAT TR.L L C - SOLE PROPRIETORSHIP,C.36-12,  1.200 ,3/25/2025
2/7/2025,2/10/2025,031/25XK,0270/UAE,MILIA COSMETICS MAT TR.L L C - SOLE PROPRIETORSHIP,CL.S01-7MM,  600 ,3/25/2025
2/7/2025,2/10/2025,031/25XK,0270/UAE,MILIA COSMETICS MAT TR.L L C - SOLE PROPRIETORSHIP,N.04,  600 ,3/25/2025
2/7/2025,2/10/2025,031/25XK,0270/UAE,MILIA COSMETICS MAT TR.L L C - SOLE PROPRIETORSHIP,N.118,  360 ,3/25/2025
2/7/2025,2/10/2025,031/25XK,0270/UAE,MILIA COSMETICS MAT TR.L L C - SOLE PROPRIETORSHIP,NC.01,  600 ,3/25/2025
2/7/2025,2/10/2025,031/25XK,0270/UAE,MILIA COSMETICS MAT TR.L L C - SOLE PROPRIETORSHIP,NC.02,  1.200 ,3/25/2025
2/7/2025,2/10/2025,031/25XK,0270/UAE,MILIA COSMETICS MAT TR.L L C - SOLE PROPRIETORSHIP,P.04,  600 ,3/25/2025
2/7/2025,2/10/2025,031/25XK,0270/UAE,MILIA COSMETICS MAT TR.L L C - SOLE PROPRIETORSHIP,P.10,  1.200 ,3/25/2025
2/7/2025,2/10/2025,031/25XK,0270/UAE,MILIA COSMETICS MAT TR.L L C - SOLE PROPRIETORSHIP,P.13,  600 ,3/25/2025
2/7/2025,2/10/2025,031/25XK,0270/UAE,MILIA COSMETICS MAT TR.L L C - SOLE PROPRIETORSHIP,P.14,  600 ,3/25/2025
2/7/2025,2/10/2025,031/25XK,0270/UAE,MILIA COSMETICS MAT TR.L L C - SOLE PROPRIETORSHIP,P.20,  600 ,3/25/2025
2/7/2025,2/10/2025,031/25XK,0270/UAE,MILIA COSMETICS MAT TR.L L C - SOLE PROPRIETORSHIP,T.05,  600 ,3/25/2025
1/23/2025,2/10/2025,032/25XK,0539/Germany,Heiko Wild,KM2-2664,  200 ,3/29/2025
2/10/2025,2/11/2025,033/25XK,0059/KOREA,CAREN BEAUTY,KD2-0153,  1.000 ,3/28/2025
2/7/2025,2/11/2025,034/25xk,0574/POLAND,Anna Kalicka Beetle Valley,KD2-2450,  500 ,4/12/2025
2/7/2025,2/11/2025,034/25xk,0574/POLAND,Anna Kalicka Beetle Valley,KSS-2449,  500 ,3/29/2025
2/11/2025,2/12/2025,035/25ND,GT,CHỦ TỊCH,GS.EVO-01,  120 ,3/6/2025
2/11/2025,2/12/2025,036/25ND,GT,GT,D.4,  2.000 ,3/5/2025
2/11/2025,2/12/2025,037/25ND,B2B,HÀNG TỒN,GS.03CC,  100 ,3/5/2025
2/11/2025,2/12/2025,037/25ND,B2B,HÀNG TỒN,GS.08TC,  100 ,3/5/2025
2/11/2025,2/12/2025,037/25ND,B2B,HÀNG TỒN,GS.12TC,  1.930 ,3/5/2025
2/11/2025,2/12/2025,037/25ND,B2B,HÀNG TỒN,MD.32,  600 ,3/5/2025
2/11/2025,2/12/2025,037/25ND,B2B,HÀNG TỒN,MD.33,  600 ,3/5/2025
2/11/2025,2/12/2025,037/25ND1,B2B,HÀNG TỒN,GS.03CC,  400 ,3/31/2025
2/11/2025,2/12/2025,037/25ND1,B2B,HÀNG TỒN,GS.08TC,  400 ,3/17/2025
2/8/2025,2/12/2025,038/25XK,0425/CHINA,Guangzhou Xingdian Nail Products Company Limited,CL.206-3.5MM,  5 ,3/7/2025
2/8/2025,2/12/2025,038/25XK,0425/CHINA,Guangzhou Xingdian Nail Products Company Limited,CL.206-5mm,  5 ,3/7/2025
2/8/2025,2/12/2025,038/25XK,0425/CHINA,Guangzhou Xingdian Nail Products Company Limited,CL.206-6MM,  5 ,3/7/2025
2/8/2025,2/12/2025,038/25XK,0425/CHINA,Guangzhou Xingdian Nail Products Company Limited,CL.207-5MM,  5 ,3/7/2025
2/8/2025,2/12/2025,038/25XK,0425/CHINA,Guangzhou Xingdian Nail Products Company Limited,KD2-2679,  5 ,3/7/2025
2/8/2025,2/12/2025,038/25XK,0425/CHINA,Guangzhou Xingdian Nail Products Company Limited,KD2-2680,  5 ,3/7/2025
2/8/2025,2/12/2025,038/25XK,0425/CHINA,Guangzhou Xingdian Nail Products Company Limited,KD2-2681,  5 ,3/7/2025
2/8/2025,2/12/2025,038/25XK,0425/CHINA,Guangzhou Xingdian Nail Products Company Limited,KD2-2682,  5 ,3/7/2025
2/8/2025,2/12/2025,038/25XK,0425/CHINA,Guangzhou Xingdian Nail Products Company Limited,KD2-2683,  5 ,3/7/2025
2/8/2025,2/12/2025,038/25XK,0425/CHINA,Guangzhou Xingdian Nail Products Company Limited,KD2-2684,  5 ,3/7/2025
2/8/2025,2/12/2025,038/25XK,0425/CHINA,Guangzhou Xingdian Nail Products Company Limited,KD2-2685,  5 ,3/7/2025
2/11/2025,2/12/2025,039/25xk,0531/CHINA,"TONG DE INDUSTRY AND TRADE (YANGJIANG YANGDONG DISTRICT) CO., LTD",KD2-2686,  500 ,3/26/2025
2/7/2025,2/12/2025,040/25XK,0573/BRAZIL,Vicente and Teixeira Cosmetics Ltd,KD2-2665,  360 ,3/27/2025
2/7/2025,2/12/2025,040/25XK,0573/BRAZIL,Vicente and Teixeira Cosmetics Ltd,KD2-2666,  360 ,3/27/2025
2/7/2025,2/12/2025,040/25XK,0573/BRAZIL,Vicente and Teixeira Cosmetics Ltd,KD2-2672,  360 ,3/27/2025
2/7/2025,2/12/2025,040/25XK,0573/BRAZIL,Vicente and Teixeira Cosmetics Ltd,KD2-2673,  360 ,3/27/2025
2/7/2025,2/12/2025,040/25XK,0573/BRAZIL,Vicente and Teixeira Cosmetics Ltd,KSK-2667,  800 ,3/27/2025
2/7/2025,2/12/2025,040/25XK,0573/BRAZIL,Vicente and Teixeira Cosmetics Ltd,KSK-2668,  400 ,3/27/2025
2/7/2025,2/12/2025,040/25XK,0573/BRAZIL,Vicente and Teixeira Cosmetics Ltd,KSK-2671,  100 ,3/27/2025
2/7/2025,2/12/2025,040/25XK,0573/BRAZIL,Vicente and Teixeira Cosmetics Ltd,KSK-2674,  800 ,3/27/2025
2/7/2025,2/12/2025,040/25XK,0573/BRAZIL,Vicente and Teixeira Cosmetics Ltd,KSK-2675,  400 ,3/27/2025
2/7/2025,2/12/2025,040/25XK,0573/BRAZIL,Vicente and Teixeira Cosmetics Ltd,KSK-2678,  100 ,3/27/2025
2/7/2025,2/12/2025,040/25XK,0573/BRAZIL,Vicente and Teixeira Cosmetics Ltd,KSS-2669,  400 ,3/27/2025
2/7/2025,2/12/2025,040/25XK,0573/BRAZIL,Vicente and Teixeira Cosmetics Ltd,KSS-2670,  400 ,3/27/2025
2/7/2025,2/12/2025,040/25XK,0573/BRAZIL,Vicente and Teixeira Cosmetics Ltd,KSS-2676,  400 ,3/27/2025
2/7/2025,2/12/2025,040/25XK,0573/BRAZIL,Vicente and Teixeira Cosmetics Ltd,KSS-2677,  400 ,3/27/2025
2/11/2025,2/14/2025,041/25XK,0505/PORTUGAL,DUOBEAUTY UNIPESSOAL LDA,KD2-2186,  120 ,4/15/2025
2/11/2025,2/14/2025,041/25XK,0505/PORTUGAL,DUOBEAUTY UNIPESSOAL LDA,KD2-2187,  180 ,4/15/2025
2/11/2025,2/14/2025,041/25XK,0505/PORTUGAL,DUOBEAUTY UNIPESSOAL LDA,KD2-2188,  120 ,4/15/2025
2/11/2025,2/14/2025,041/25XK,0505/PORTUGAL,DUOBEAUTY UNIPESSOAL LDA,KM2-2657,  200 ,4/15/2025
2/11/2025,2/14/2025,041/25XK,0505/PORTUGAL,DUOBEAUTY UNIPESSOAL LDA,KM2-2658,  200 ,4/15/2025
2/11/2025,2/14/2025,041/25XK,0505/PORTUGAL,DUOBEAUTY UNIPESSOAL LDA,KSK-2189,  240 ,3/15/2025
2/11/2025,2/14/2025,041/25XK,0505/PORTUGAL,DUOBEAUTY UNIPESSOAL LDA,KSK-2190,  200 ,3/15/2025
2/11/2025,2/14/2025,041/25XK,0505/PORTUGAL,DUOBEAUTY UNIPESSOAL LDA,KSK-2191,  200 ,3/15/2025
2/11/2025,2/14/2025,041/25XK,0505/PORTUGAL,DUOBEAUTY UNIPESSOAL LDA,KSK-2192,  240 ,3/15/2025
2/11/2025,2/14/2025,041/25XK,0505/PORTUGAL,DUOBEAUTY UNIPESSOAL LDA,KSK-2193,  200 ,3/15/2025
2/11/2025,2/14/2025,041/25XK,0505/PORTUGAL,DUOBEAUTY UNIPESSOAL LDA,KSK-2194,  200 ,3/15/2025
2/11/2025,2/14/2025,041/25XK,0505/PORTUGAL,DUOBEAUTY UNIPESSOAL LDA,KSK-2651,  380 ,3/15/2025
2/11/2025,2/14/2025,041/25XK,0505/PORTUGAL,DUOBEAUTY UNIPESSOAL LDA,KSK-2652,  380 ,3/15/2025
2/11/2025,2/14/2025,041/25XK,0505/PORTUGAL,DUOBEAUTY UNIPESSOAL LDA,KSK-2653,  200 ,3/15/2025
2/11/2025,2/14/2025,041/25XK,0505/PORTUGAL,DUOBEAUTY UNIPESSOAL LDA,KSS-1931,  400 ,3/15/2025
2/11/2025,2/14/2025,041/25XK,0505/PORTUGAL,DUOBEAUTY UNIPESSOAL LDA,KSS-2654,  350 ,3/15/2025
2/11/2025,2/14/2025,041/25XK,0505/PORTUGAL,DUOBEAUTY UNIPESSOAL LDA,KSS-2655,  200 ,4/15/2025
2/11/2025,2/14/2025,041/25XK,0505/PORTUGAL,DUOBEAUTY UNIPESSOAL LDA,KSS-2656,  250 ,4/15/2025
2/13/2025,2/14/2025,042/25xk,0536/SING,Maximus Zhao Marketing (S) Pte. Ltd,C.111,  3.000 ,3/25/2025
2/11/2025,2/14/2025,043/25XK,0013/ITALY,TECNIWORK S.P.A,KSS-2556,  800 ,3/5/2025
2/11/2025,2/14/2025,043/25XK,0013/ITALY,TECNIWORK S.P.A,KSS-2557,  500 ,3/5/2025
2/14/2025,2/14/2025,044/25nd,B2B,VIETCOMBANK SÀI GÒN,BQT.VCB SG02,  50 ,3/7/2025
2/14/2025,2/14/2025,045/25XK,0457/uk,K&K BEAUTY,KD2-1828,  600 ,4/4/2025
2/14/2025,2/14/2025,045/25XK,0457/UK,K&K BEAUTY,KSS-1763,  400 ,4/4/2025
2/14/2025,2/14/2025,045/25XK1,0457/uk,K&K BEAUTY,KD2-1828,  400 ,3/26/2025
2/14/2025,2/17/2025,046/25XK,0079/RUSSIA,Vectorgroup Company,KD2-0552,  3.000 ,4/8/2025
2/14/2025,2/17/2025,047/25XK,0410/PAT,SETACO FOR IMPORT AND EXPORT (Patrick Ricco ),KD2-1316,  1.080 ,4/5/2025
2/14/2025,2/17/2025,047/25XK,0410/PAT,SETACO FOR IMPORT AND EXPORT (Patrick Ricco ),KD2-2-1590,  720 ,4/5/2025
2/14/2025,2/17/2025,047/25XK,0410/PAT,SETACO FOR IMPORT AND EXPORT (Patrick Ricco ),KDT-1317,  720 ,4/5/2025
2/14/2025,2/17/2025,047/25XK,0410/PAT,SETACO FOR IMPORT AND EXPORT (Patrick Ricco ),KDT-1602,  720 ,4/5/2025
2/18/2025,2/18/2025,048/25ND,GT,GT,MD.QT,  350 ,2/28/2025
2/18/2025,2/18/2025,049/25XK,0531/CHINA,"TONG DE INDUSTRY AND TRADE (YANGJIANG YANGDONG DISTRICT) CO., LTD",KD2.2-2493,  10.000 ,3/27/2025
2/18/2025,2/18/2025,050/25XK,NNC,NNC,B.901,  3.600 ,4/26/2025
2/18/2025,2/18/2025,050/25XK,NNC,NNC,D.01-12,  1.780 ,4/26/2025
2/18/2025,2/18/2025,050/25XK,NNC,NNC,D.01-14,  11.880 ,4/26/2025
2/18/2025,2/18/2025,050/25XK,NNC,NNC,D.03-14,  2.760 ,4/26/2025
2/18/2025,2/18/2025,050/25XK,NNC,NNC,D.03-16,  6.120 ,4/26/2025
2/18/2025,2/18/2025,050/25XK,NNC,NNC,D.04-12,  960 ,4/26/2025
2/18/2025,2/18/2025,050/25XK,NNC,NNC,D.04-14,  5.100 ,4/26/2025
2/18/2025,2/18/2025,050/25XK,NNC,NNC,D.04-16,  6.600 ,4/26/2025
2/18/2025,2/18/2025,050/25XK,NNC,NNC,D.05-14,  360 ,4/26/2025
2/18/2025,2/18/2025,050/25XK,NNC,NNC,D.05V-12,  180 ,4/26/2025
2/18/2025,2/18/2025,050/25XK,NNC,NNC,D.05V-14,  60 ,4/26/2025
2/18/2025,2/18/2025,050/25XK,NNC,NNC,D.05V-16,  180 ,4/26/2025
2/18/2025,2/18/2025,050/25XK,NNC,NNC,D.06-12,  3.120 ,4/26/2025
2/18/2025,2/18/2025,050/25XK,NNC,NNC,D.06-14,  1.440 ,4/26/2025
2/18/2025,2/18/2025,050/25XK,NNC,NNC,D.06-16,  3.420 ,4/26/2025
2/18/2025,2/18/2025,050/25XK,NNC,NNC,D.07-12,  3.360 ,4/26/2025
2/18/2025,2/18/2025,050/25XK,NNC,NNC,D.07-14,  10.200 ,4/26/2025
2/18/2025,2/18/2025,050/25XK,NNC,NNC,D.07-16,  10.800 ,4/26/2025
2/18/2025,2/18/2025,050/25XK,NNC,NNC,D.08-12,  360 ,4/26/2025
2/18/2025,2/18/2025,050/25XK,NNC,NNC,D.08-14,  1.000 ,4/26/2025
2/18/2025,2/18/2025,050/25XK,NNC,NNC,D.08-16,  1.340 ,4/26/2025
2/18/2025,2/18/2025,050/25XK,NNC,NNC,D.09-14,  1.560 ,4/26/2025
2/18/2025,2/18/2025,050/25XK,NNC,NNC,D.09-16,  2.160 ,4/26/2025
2/18/2025,2/18/2025,050/25XK,NNC,NNC,D.18,  1.080 ,4/26/2025
2/18/2025,2/18/2025,050/25XK,NNC,NNC,D.501,  5.700 ,4/26/2025
2/18/2025,2/18/2025,050/25XK,NNC,NNC,D.506,  1.080 ,4/26/2025
2/18/2025,2/18/2025,050/25XK,NNC,NNC,D.555KD,  12.600 ,4/26/2025
2/18/2025,2/18/2025,050/25XK,NNC,NNC,KD.715,  -   ,4/26/2025
2/18/2025,2/18/2025,050/25XK,NNC,NNC,M.01,  240 ,4/26/2025
2/18/2025,2/18/2025,050/25XK,NNC,NNC,M.18,  720 ,4/26/2025
2/18/2025,2/18/2025,050/25XK,NNC,NNC,M.501,  360 ,4/26/2025
2/18/2025,2/18/2025,050/25XK,NNC,NNC,M.555KD,  2.040 ,4/26/2025
2/18/2025,2/18/2025,050/25XK,NNC,NNC,NL.205,  -   ,4/26/2025
2/18/2025,2/18/2025,050/25XK,NNC,NNC,P.12,  -   ,4/26/2025
2/18/2025,2/18/2025,050/25XK,NNC,NNC,P.13,  -   ,4/26/2025
2/18/2025,2/18/2025,050/25XK,NNC,NNC,P.14,  -   ,4/26/2025
2/18/2025,2/18/2025,050/25XK,NNC,NNC,P.15,  -   ,4/26/2025
2/18/2025,2/18/2025,050/25XK,NNC,NNC,P.17,  -   ,4/26/2025
2/18/2025,2/18/2025,050/25XK,NNC,NNC,S.514,  360 ,4/26/2025
2/19/2025,2/20/2025,051/25ND,B2B,B2B,GS.12TC,  500 ,3/10/2025
2/20/2025,2/20/2025,052/25ND,CHAOBA,CHAOBA,D.07-12,  1.200 ,3/15/2025
2/20/2025,2/20/2025,052/25ND,CHAOBA,CHAOBA,D.07-14,  1.800 ,3/15/2025
2/20/2025,2/20/2025,052/25ND,CHAOBA,CHAOBA,D.07-16,  5.000 ,3/15/2025
2/20/2025,2/22/2025,053/25XK,0139/JAPAN,"UTSUMI CO., LTD",KD2-0282,  1.000 ,4/10/2025
2/20/2025,2/22/2025,053/25XK,0139/JAPAN,"UTSUMI CO., LTD",KD2-0288,  1.000 ,4/10/2025
2/20/2025,2/22/2025,053/25XK,0139/JAPAN,"UTSUMI CO., LTD",KSS-0283,  2.000 ,4/12/2025
2/20/2025,2/22/2025,054/25XK,0562/GERMANY,Climate GmbH,KM2-2638,  500 ,4/12/2025
2/20/2025,2/25/2025,054/25XK,0562/GERMANY,Climate GmbH,KSN-2634,  200 ,4/12/2025
2/20/2025,2/25/2025,054/25XK,0562/GERMANY,Climate GmbH,KSS-2632,  200 ,4/12/2025
2/20/2025,2/25/2025,054/25XK,0562/GERMANY,Climate GmbH,KSS-2639,  200 ,4/12/2025
2/22/2025,2/25/2025,055/25XK,0575/LEBANON, RAMZI SALIBY SARL,KD2-2690,  500 ,4/14/2025
2/22/2025,2/25/2025,055/25XK,0575/LEBANON, RAMZI SALIBY SARL,KD2-2693,  500 ,4/14/2025
2/22/2025,2/25/2025,055/25XK,0575/LEBANON, RAMZI SALIBY SARL,KDT-2688,  500 ,4/14/2025
2/22/2025,2/25/2025,055/25XK,0575/LEBANON, RAMZI SALIBY SARL,KDT-2689,  500 ,4/14/2025
2/22/2025,2/25/2025,056/25XK,0554/LEBANON,DR PARA SARL,KD2-2370,  360 ,4/16/2025
2/22/2025,2/25/2025,056/25XK,0554/LEBANON,DR PARA SARL,KD2-2371,  360 ,4/16/2025
2/22/2025,2/25/2025,056/25XK,0554/LEBANON,DR PARA SARL,KD2-2416,  360 ,4/16/2025
2/22/2025,2/25/2025,056/25XK,0554/LEBANON,DR PARA SARL,KSB-2687,  360 ,4/16/2025
2/22/2025,2/25/2025,056/25XK,0554/LEBANON,DR PARA SARL,KSB-2699,  360 ,4/16/2025
2/22/2025,2/25/2025,056/25XK,0554/LEBANON,DR PARA SARL,KSB-2700,  360 ,4/16/2025
2/22/2025,2/25/2025,056/25XK,0554/LEBANON,DR PARA SARL,KSB-2701,  360 ,4/16/2025
2/22/2025,2/25/2025,056/25XK,0554/LEBANON,DR PARA SARL,KSK-2379,  360 ,4/16/2025
2/22/2025,2/25/2025,056/25XK,0554/LEBANON,DR PARA SARL,KSN-2376,  360 ,4/16/2025
2/22/2025,2/25/2025,056/25XK,0554/LEBANON,DR PARA SARL,KSN-2377,  360 ,4/16/2025
2/22/2025,2/25/2025,056/25XK,0554/LEBANON,DR PARA SARL,KSN-2378,  360 ,4/16/2025
2/22/2025,2/25/2025,056/25XK,0554/LEBANON,DR PARA SARL,KSS-2372,  360 ,4/16/2025
2/22/2025,2/25/2025,056/25XK,0554/LEBANON,DR PARA SARL,KSS-2373,  360 ,4/16/2025
2/22/2025,2/25/2025,056/25XK,0554/LEBANON,DR PARA SARL,KSS-2374,  360 ,4/16/2025
2/22/2025,2/25/2025,056/25XK,0554/LEBANON,DR PARA SARL,KSS-2375,  360 ,4/16/2025
2/22/2025,2/25/2025,057/25xk,0481/FRANCE,ONIX PRO,KD2-2024,  720 ,4/24/2025
2/22/2025,2/25/2025,057/25xk,0481/FRANCE,ONIX PRO,KD2-2025,  360 ,4/24/2025
2/22/2025,2/25/2025,057/25xk,0481/FRANCE,ONIX PRO,KD2-2026,  360 ,4/24/2025
2/21/2025,2/25/2025,058/25XK,0553/ISRAEL,ROYAL DENTAL,KK2-2663,  500 ,5/7/2025
2/21/2025,2/25/2025,058/25XK,0553/ISRAEL,ROYAL DENTAL,KM2-2662,  500 ,5/7/2025
2/21/2025,2/25/2025,058/25XK,0553/ISRAEL,ROYAL DENTAL,KM3-2660,  500 ,5/7/2025
2/21/2025,2/25/2025,058/25XK,0553/ISRAEL,ROYAL DENTAL,KM3-2661,  500 ,5/7/2025
2/21/2025,2/25/2025,058/25XK,0553/ISRAEL,ROYAL DENTAL,KSK-2659,  500 ,4/26/2025
2/24/2025,2/25/2025,059/25XK,0405/MALAYSIA,YOUSHINE SOLUTION SDN BHD.,C.04-12,  480 ,4/15/2025
2/24/2025,2/25/2025,059/25XK,0405/MALAYSIA,YOUSHINE SOLUTION SDN BHD.,C.04-14,  480 ,4/15/2025
2/24/2025,2/25/2025,059/25XK,0405/MALAYSIA,YOUSHINE SOLUTION SDN BHD.,C.07-12,  600 ,4/15/2025
2/24/2025,2/25/2025,059/25XK,0405/MALAYSIA,YOUSHINE SOLUTION SDN BHD.,C.07-14,  600 ,4/15/2025
2/24/2025,2/25/2025,059/25XK,0405/MALAYSIA,YOUSHINE SOLUTION SDN BHD.,NC.01,  120 ,4/15/2025
2/24/2025,2/25/2025,059/25XK,0405/MALAYSIA,YOUSHINE SOLUTION SDN BHD.,P.03,  120 ,4/15/2025
2/27/2025,2/28/2025,060/25XK,0426/GREECE,LALOO COSMECTICS,C.01-5mm,  350 ,4/12/2025
2/27/2025,2/28/2025,060/25XK,0426/GREECE,LALOO COSMECTICS,C.03-5mm,  300 ,4/12/2025
2/27/2025,2/28/2025,060/25XK,0426/GREECE,LALOO COSMECTICS,C.04-6mm,  300 ,4/12/2025
2/27/2025,2/28/2025,060/25XK,0426/GREECE,LALOO COSMECTICS,C.04-7mm,  300 ,4/12/2025
2/27/2025,2/28/2025,060/25XK,0426/GREECE,LALOO COSMECTICS,C.05-3.5mm,  180 ,4/12/2025
2/27/2025,2/28/2025,060/25XK,0426/GREECE,LALOO COSMECTICS,C.05-5mm,  300 ,4/12/2025
2/27/2025,2/28/2025,060/25XK,0426/GREECE,LALOO COSMECTICS,C.07-3.5mm,  300 ,4/12/2025
2/27/2025,2/28/2025,060/25XK,0426/GREECE,LALOO COSMECTICS,C.07-5mm,  350 ,4/12/2025
2/27/2025,2/28/2025,060/25XK,0426/GREECE,LALOO COSMECTICS,C.07-6mm,  214 ,4/12/2025
2/27/2025,2/28/2025,060/25XK,0426/GREECE,LALOO COSMECTICS,C.07-7mm,  300 ,4/12/2025
2/27/2025,2/28/2025,060/25XK,0426/GREECE,LALOO COSMECTICS,C.08-5mm,  250 ,4/12/2025
2/27/2025,2/28/2025,060/25XK,0426/GREECE,LALOO COSMECTICS,C.08-6mm,  200 ,4/12/2025
2/27/2025,2/28/2025,060/25XK,0426/GREECE,LALOO COSMECTICS,C.08-7mm,  250 ,4/12/2025
2/27/2025,2/28/2025,060/25XK,0426/GREECE,LALOO COSMECTICS,C.37-6mm,  300 ,4/12/2025
2/27/2025,2/28/2025,060/25XK,0426/GREECE,LALOO COSMECTICS,CB.101C-6mm,  200 ,4/12/2025
2/27/2025,2/28/2025,060/25XK,0426/GREECE,LALOO COSMECTICS,CL.201-5MM,  300 ,4/12/2025
2/27/2025,2/28/2025,060/25XK,0426/GREECE,LALOO COSMECTICS,CL.205-5mm,  300 ,4/12/2025
2/27/2025,2/28/2025,060/25XK,0426/GREECE,LALOO COSMECTICS,CL.205-7mm,  300 ,4/12/2025
2/27/2025,2/28/2025,060/25XK,0426/GREECE,LALOO COSMECTICS,CL.206-5MM,  350 ,4/12/2025
2/27/2025,2/28/2025,060/25XK,0426/GREECE,LALOO COSMECTICS,CL.206-7MM,  350 ,4/12/2025
2/27/2025,2/28/2025,060/25XK,0426/GREECE,LALOO COSMECTICS,CL.207-10MM,  200 ,4/12/2025
2/27/2025,2/28/2025,060/25XK,0426/GREECE,LALOO COSMECTICS,CL.207-7MM,  300 ,4/12/2025
2/27/2025,2/28/2025,060/25XK,0426/GREECE,LALOO COSMECTICS,CL.S01-5mm,  200 ,4/12/2025
2/27/2025,2/28/2025,060/25XK,0426/GREECE,LALOO COSMECTICS,CL.S01-7mm,  100 ,4/12/2025
2/27/2025,2/28/2025,060/25XK,0426/GREECE,LALOO COSMECTICS,EVO.01V-6mm,  200 ,4/12/2025
2/27/2025,2/28/2025,060/25XK,0426/GREECE,LALOO COSMECTICS,KD.701,  300 ,4/9/2025
2/27/2025,2/28/2025,060/25XK,0426/GREECE,LALOO COSMECTICS,KD.703,  200 ,4/9/2025
2/27/2025,2/28/2025,060/25XK,0426/GREECE,LALOO COSMECTICS,KD.706,  200 ,4/9/2025
2/27/2025,2/28/2025,060/25XK,0426/GREECE,LALOO COSMECTICS,KD.718,  200 ,4/9/2025
2/27/2025,2/28/2025,060/25XK,0426/GREECE,LALOO COSMECTICS,NC.01,  200 ,4/9/2025
2/27/2025,2/28/2025,060/25XK,0426/GREECE,LALOO COSMECTICS,NL.102,  350 ,4/12/2025
2/27/2025,2/28/2025,060/25XK,0426/GREECE,LALOO COSMECTICS,NL.201,  200 ,4/12/2025
2/27/2025,2/28/2025,060/25XK,0426/GREECE,LALOO COSMECTICS,NL.203,  200 ,4/12/2025
2/27/2025,2/28/2025,060/25XK,0426/GREECE,LALOO COSMECTICS,NL.204,  350 ,4/12/2025
2/27/2025,2/28/2025,060/25XK,0426/GREECE,LALOO COSMECTICS,NL.205,  300 ,4/12/2025
2/27/2025,2/28/2025,060/25XK,0426/GREECE,LALOO COSMECTICS,NL.207,  300 ,4/12/2025
2/27/2025,2/28/2025,060/25XK,0426/GREECE,LALOO COSMECTICS,NL.208,  234 ,4/12/2025
2/27/2025,2/28/2025,060/25XK,0426/GREECE,LALOO COSMECTICS,NL.208,  66 ,4/12/2025
2/27/2025,2/28/2025,060/25XK,0426/GREECE,LALOO COSMECTICS,P.04,  200 ,4/9/2025
2/27/2025,2/28/2025,060/25XK,0426/GREECE,LALOO COSMECTICS,P.05,  300 ,4/9/2025
2/27/2025,2/28/2025,060/25XK,0426/GREECE,LALOO COSMECTICS,P.10,  400 ,4/9/2025
2/27/2025,2/28/2025,060/25XK,0426/GREECE,LALOO COSMECTICS,P.12,  200 ,4/9/2025
2/27/2025,2/28/2025,060/25XK,0426/GREECE,LALOO COSMECTICS,P.13,  200 ,4/9/2025
2/27/2025,2/28/2025,060/25XK1,0426/GREECE,LALOO COSMECTICS,C.05-3.5mm,  120 ,4/12/2025
2/27/2025,2/28/2025,060/25XK1,0426/GREECE,LALOO COSMECTICS,C.07-6mm,  86 ,4/12/2025
2/27/2025,2/28/2025,060/25XK1,0426/GREECE,LALOO COSMECTICS,CL.S01-7mm,  300 ,4/12/2025
2/26/2025,2/26/2025,061/25XK,0578/JORDAN,CANNI,C.03-12,  50 ,3/4/2025
2/26/2025,2/26/2025,061/25XK,0578/JORDAN,CANNI,C.03-14,  50 ,3/4/2025
2/26/2025,2/26/2025,061/25XK,0578/JORDAN,CANNI,C.04-12,  50 ,3/4/2025
2/26/2025,2/26/2025,061/25XK,0578/JORDAN,CANNI,C.04-14,  50 ,3/4/2025
2/26/2025,2/26/2025,061/25XK,0578/JORDAN,CANNI,C.36-12,  50 ,3/4/2025
2/26/2025,2/26/2025,061/25XK,0578/JORDAN,CANNI,C.36-14,  50 ,3/4/2025
2/26/2025,2/26/2025,061/25XK,0578/JORDAN,CANNI,C.37-12,  50 ,3/4/2025
2/26/2025,2/26/2025,061/25XK,0578/JORDAN,CANNI,CL.S01-5MM,  50 ,3/4/2025
2/26/2025,2/26/2025,061/25XK,0578/JORDAN,CANNI,CL.S02-5MM,  50 ,3/4/2025
2/26/2025,2/26/2025,061/25XK,0578/JORDAN,CANNI,ES.01,  30 ,3/4/2025
2/26/2025,2/26/2025,061/25XK,0578/JORDAN,CANNI,ES.03,  30 ,3/4/2025
2/26/2025,2/26/2025,061/25XK,0578/JORDAN,CANNI,KD.701,  30 ,3/4/2025
2/26/2025,2/26/2025,061/25XK,0578/JORDAN,CANNI,KD.703,  30 ,3/4/2025
2/26/2025,2/26/2025,061/25XK,0578/JORDAN,CANNI,KD.706,  30 ,3/4/2025
2/26/2025,2/26/2025,061/25XK,0578/JORDAN,CANNI,KD.716,  30 ,3/4/2025
2/26/2025,2/26/2025,061/25XK,0578/JORDAN,CANNI,KDN.721,  30 ,3/4/2025
2/26/2025,2/26/2025,061/25XK,0578/JORDAN,CANNI,P.02,  50 ,3/4/2025
2/26/2025,2/26/2025,061/25XK,0578/JORDAN,CANNI,P.03,  50 ,3/4/2025
2/26/2025,2/26/2025,061/25XK,0578/JORDAN,CANNI,P.13,  30 ,3/4/2025
2/26/2025,2/26/2025,061/25XK,0578/JORDAN,CANNI,P.20,  30 ,3/4/2025
2/26/2025,2/26/2025,061/25XK,0578/JORDAN,CANNI,P.21,  30 ,3/4/2025
2/26/2025,2/26/2025,062/25XK,0577/KOREA,MIRROR NIPPER,KD2-2704,  1.000 ,4/21/2025
2/27/2025,2/27/2025,063/25XK,0531/CHINA,"TONG DE INDUSTRY AND TRADE (YANGJIANG YANGDONG DISTRICT) CO., LTD",C.06-14,  360 ,3/15/2025
2/27/2025,2/27/2025,063/25XK,0531/CHINA,"TONG DE INDUSTRY AND TRADE (YANGJIANG YANGDONG DISTRICT) CO., LTD",P.08,  180 ,3/15/2025
2/27/2025,2/27/2025,063/25XK,0531/CHINA,"TONG DE INDUSTRY AND TRADE (YANGJIANG YANGDONG DISTRICT) CO., LTD",P.10,  180 ,3/15/2025
2/27/2025,2/27/2025,064/25XK,0543/LITHUANIA,UAB “Plienas Meistras”,KSK-2282,  200 ,4/16/2025
2/27/2025,2/27/2025,064/25XK,0543/LITHUANIA,UAB “Plienas Meistras”,KSK-2284,  300 ,4/16/2025
2/27/2025,2/27/2025,064/25XK,0543/LITHUANIA,UAB “Plienas Meistras”,KSK-2285,  500 ,4/16/2025
2/27/2025,2/27/2025,064/25XK,0543/LITHUANIA,UAB “Plienas Meistras”,KSK-2288,  200 ,4/16/2025
2/27/2025,2/27/2025,064/25XK,0543/LITHUANIA,UAB “Plienas Meistras”,KSS-2705,  300 ,4/16/2025
2/27/2025,2/27/2025,064/25XK,0543/LITHUANIA,UAB “Plienas Meistras”,KSS-2706,  300 ,4/16/2025
2/27/2025,2/27/2025,064/25XK,0543/LITHUANIA,UAB “Plienas Meistras”,KSS-2707,  300 ,4/16/2025
2/27/2025,2/27/2025,064/25XK,0543/LITHUANIA,UAB “Plienas Meistras”,KSS-2708,  360 ,4/16/2025
2/24/2025,2/27/2025,065/25XK,0542/TURKEY,DOĞUŞ KOZMETİK GIDA İNŞ. TURZ. TİC. A.Ş.,C.35-12,  3 ,3/8/2025
2/24/2025,2/27/2025,065/25XK,0542/TURKEY,DOĞUŞ KOZMETİK GIDA İNŞ. TURZ. TİC. A.Ş.,CL.205-3.5MM,  3 ,3/8/2025
2/24/2025,2/27/2025,065/25XK,0542/TURKEY,DOĞUŞ KOZMETİK GIDA İNŞ. TURZ. TİC. A.Ş.,CL.221-10mm,  3 ,3/8/2025
2/24/2025,2/27/2025,065/25XK,0542/TURKEY,DOĞUŞ KOZMETİK GIDA İNŞ. TURZ. TİC. A.Ş.,CL.S01-7mm,  3 ,3/8/2025
2/24/2025,2/27/2025,065/25XK,0542/TURKEY,DOĞUŞ KOZMETİK GIDA İNŞ. TURZ. TİC. A.Ş.,NL.201,  3 ,3/8/2025
2/24/2025,2/27/2025,065/25XK,0542/TURKEY,DOĞUŞ KOZMETİK GIDA İNŞ. TURZ. TİC. A.Ş.,NL.202,  3 ,3/8/2025
2/24/2025,2/27/2025,065/25XK,0542/TURKEY,DOĞUŞ KOZMETİK GIDA İNŞ. TURZ. TİC. A.Ş.,NL.205,  3 ,3/8/2025
1/22/2025,3/7/2025,066/25XK,0541/TURKEY,ERAY AÇIKGÖZ EXPERTYOL,KSK-2617,  50 ,3/31/2025
1/22/2025,3/7/2025,066/25XK,0541/TURKEY,ERAY AÇIKGÖZ EXPERTYOL,KSN-2498,  50 ,3/31/2025
1/22/2025,3/7/2025,066/25XK,0541/TURKEY,ERAY AÇIKGÖZ EXPERTYOL,KSN-2554,  100 ,3/31/2025
1/22/2025,3/7/2025,066/25XK,0541/TURKEY,ERAY AÇIKGÖZ EXPERTYOL,KSN-2612,  50 ,3/31/2025
1/22/2025,3/7/2025,066/25XK,0541/TURKEY,ERAY AÇIKGÖZ EXPERTYOL,KSN-2613,  100 ,3/31/2025
1/22/2025,3/7/2025,066/25XK,0541/TURKEY,ERAY AÇIKGÖZ EXPERTYOL,KSN-2614,  50 ,3/31/2025
1/22/2025,3/7/2025,066/25XK,0541/TURKEY,ERAY AÇIKGÖZ EXPERTYOL,KSN-2615,  50 ,3/31/2025
1/22/2025,3/7/2025,066/25XK,0541/TURKEY,ERAY AÇIKGÖZ EXPERTYOL,KSN-2618,  100 ,3/31/2025
1/22/2025,3/7/2025,066/25XK,0541/TURKEY,ERAY AÇIKGÖZ EXPERTYOL,KSN-2619,  100 ,3/31/2025
1/22/2025,3/7/2025,066/25XK,0541/TURKEY,ERAY AÇIKGÖZ EXPERTYOL,KSN-2648,  100 ,3/31/2025
3/3/2025,3/7/2025,067/25XK,0205/JAPAN,HIKARI CORPORATION,KD3-0520,  1.000 ,5/24/2025
3/3/2025,3/7/2025,067/25XK,0205/JAPAN,HIKARI CORPORATION,KSS-1137,  1.000 ,4/26/2025
3/3/2025,3/7/2025,068/25XK,0538/BULGARIA,Premium Beauty Partners,KD2-2215,  300 ,4/26/2025
3/3/2025,3/7/2025,068/25XK,0538/BULGARIA,Premium Beauty Partners,KD2-2216,  300 ,4/26/2025
3/3/2025,3/7/2025,068/25XK,0538/BULGARIA,Premium Beauty Partners,KD2-2217,  300 ,4/26/2025
3/3/2025,3/7/2025,068/25XK,0538/BULGARIA,Premium Beauty Partners,KSK-2225,  300 ,4/26/2025
3/1/2025,3/7/2025,069/25XK,0419/MEXICO,Oleksandr Zadorozhnyi,KSN-2709,  240 ,4/16/2025
3/1/2025,3/7/2025,069/25XK,0419/MEXICO,Oleksandr Zadorozhnyi,KSN-2710,  240 ,4/16/2025
3/1/2025,3/7/2025,069/25XK,0419/MEXICO,Oleksandr Zadorozhnyi,KSN-2711,  240 ,4/16/2025
3/1/2025,3/7/2025,069/25XK,0419/MEXICO,Oleksandr Zadorozhnyi,KSN-2712,  240 ,4/16/2025
3/1/2025,3/7/2025,069/25XK,0419/MEXICO,Oleksandr Zadorozhnyi,KSN-2713,  240 ,4/16/2025
3/5/2025,3/7/2025,070/25XK,0531/CHINA,"TONG DE INDUSTRY AND TRADE (YANGJIANG YANGDONG DISTRICT) CO., LTD",KSK-2720,  1.000 ,4/17/2025
3/5/2025,3/7/2025,071/25XK,0531/CHINA,"TONG DE INDUSTRY AND TRADE (YANGJIANG YANGDONG DISTRICT) CO., LTD",KD2.2-2493,  10.000 ,4/26/2025
3/5/2025,3/7/2025,072/25XK,0531/CHINA,"TONG DE INDUSTRY AND TRADE (YANGJIANG YANGDONG DISTRICT) CO., LTD",KM2-2719,  500 ,4/28/2025
3/6/2025,3/7/2025,073/25XK,0580/UAE,LIGHT SPEED GENERAL TRADING L.L.C,KD2-2721,  500 ,4/29/2025
3/6/2025,3/7/2025,073/25XK,0580/UAE,LIGHT SPEED GENERAL TRADING L.L.C,KSB-2723,  500 ,4/29/2025
3/6/2025,3/7/2025,073/25XK,0580/UAE,LIGHT SPEED GENERAL TRADING L.L.C,KSK-2722,  500 ,4/29/2025
3/6/2025,3/7/2025,073/25XK,0580/UAE,LIGHT SPEED GENERAL TRADING L.L.C,KSS-2724,  500 ,4/29/2025
3/10/2025,3/11/2025,074/25XK,0503/SPAIN,Salón manicura y pedicura Siberia S.L.,KSK-1899,  66 ,3/14/2025
3/1/2025,3/13/2025,075/25XK,0562/GERMANY,Climate GmbH,KM2-2637,  1.000 ,5/9/2025
3/1/2025,3/13/2025,075/25XK,0562/GERMANY,Climate GmbH,KM2-2729,  1.500 ,5/9/2025
3/1/2025,3/13/2025,075/25XK,0562/GERMANY,Climate GmbH,KM3-2718,  400 ,5/9/2025
3/1/2025,3/13/2025,075/25XK,0562/GERMANY,Climate GmbH,KSS-2632,  300 ,5/20/2025
3/1/2025,3/13/2025,075/25XK,0562/GERMANY,Climate GmbH,KSS-2639,  5.300 ,5/20/2025
3/1/2025,3/13/2025,075/25XK,0562/GERMANY,Climate GmbH,KSS-2717,  100 ,5/20/2025
3/10/2025,3/13/2025,076/25xk,0579/FRANCE,EUGEN,KSK-2274,  100 ,3/31/2025
3/10/2025,3/13/2025,076/25xk,0579/FRANCE,EUGEN,KSK-2716,  100 ,3/31/2025
3/10/2025,3/13/2025,077/25XK,0531/CHINA,"TONG DE INDUSTRY AND TRADE (YANGJIANG YANGDONG DISTRICT) CO., LTD",KSK-2726,  1.000 ,4/24/2025
3/11/2025,3/13/2025,078/25XK,0531/CHINA,"TONG DE INDUSTRY AND TRADE (YANGJIANG YANGDONG DISTRICT) CO., LTD",KSS-2146,  1.000 ,3/22/2025
3/11/2025,3/13/2025,079/25XK,0531/CHINA,"TONG DE INDUSTRY AND TRADE (YANGJIANG YANGDONG DISTRICT) CO., LTD",C.118,  720 ,4/19/2025
3/11/2025,3/13/2025,079/25XK,0531/CHINA,"TONG DE INDUSTRY AND TRADE (YANGJIANG YANGDONG DISTRICT) CO., LTD",C.121,  720 ,4/19/2025
3/12/2025,3/13/2025,080/25xk,0260/USA,NYDC NAIL & BEAUTY SUPPLY,C.04-16,  1.080 ,4/4/2025
3/13/2025,3/13/2025,081/25XK,0519/AUSTRALIA,Luna Beauty Store Pty Ltd,C.04-5MM,  60 ,4/5/2025
3/13/2025,3/13/2025,081/25XK,0519/AUSTRALIA,Luna Beauty Store Pty Ltd,C.07-5MM,  60 ,4/5/2025
3/13/2025,3/13/2025,081/25XK,0519/AUSTRALIA,Luna Beauty Store Pty Ltd,C.112,  60 ,4/5/2025
3/13/2025,3/13/2025,081/25XK,0519/AUSTRALIA,Luna Beauty Store Pty Ltd,C.118,  60 ,4/5/2025
3/13/2025,3/13/2025,081/25XK,0519/AUSTRALIA,Luna Beauty Store Pty Ltd,KD.701,  60 ,3/19/2025
3/13/2025,3/13/2025,081/25XK,0519/AUSTRALIA,Luna Beauty Store Pty Ltd,NC.01,  60 ,3/19/2025
3/13/2025,3/13/2025,081/25XK,0519/AUSTRALIA,Luna Beauty Store Pty Ltd,P.03,  60 ,3/19/2025
3/14/2025,3/14/2025,082/25XK,0419/MEXICO,Oleksandr Zadorozhnyi,MD.2725,  500 ,4/16/2025
3/14/2025,3/17/2025,083/25ND,GT,GT,GS.16V,  30 ,3/20/2025
3/14/2025,3/17/2025,084/25XK,0405/MALAYSIA,YOUSHINE SOLUTION SDN BHD.,C.04-14,  360 ,4/15/2025
3/18/2025,3/21/2025,085/25XK,0327/KOREA,BEAUTY H,KD3-0851,  500 ,5/30/2025
12/18/2025,3/24/2025,086/25XK,0026/GERMANY,ZWILLING Beauty Group GmbH,KSD-0361,  10.000 ,7/25/2025
12/18/2025,3/24/2025,086/25XK,0026/GERMANY,ZWILLING Beauty Group GmbH,KSD-0362,  14.400 ,7/25/2025
1/3/2025,1/4/2025,087/25XK,0539/Germany,Heiko Wild,KSK-2587,  500 ,4/18/2025
3/24/2025,3/25/2025,088/25ND,GT,GT,D.205KL,  100 ,4/1/2025
3/24/2025,3/25/2025,088/25ND,GT,GT,D.206KL,  300 ,4/1/2025
3/24/2025,3/25/2025,088/25ND,GT,GT,D.208KL,  200 ,4/1/2025
3/24/2025,3/25/2025,088/25ND,GT,GT,D.22KL,  100 ,4/1/2025
3/24/2025,3/25/2025,088/25ND,GT,GT,D.23KL,  100 ,4/1/2025
3/24/2025,3/25/2025,088/25ND,GT,GT,D.302KL,  100 ,4/1/2025
3/24/2025,3/25/2025,088/25ND,GT,GT,D.401KL,  200 ,4/1/2025
3/24/2025,3/25/2025,088/25ND,GT,GT,D.501KL,  200 ,4/1/2025
3/24/2025,3/25/2025,088/25ND,GT,GT,D.506KL,  100 ,4/1/2025
3/24/2025,3/25/2025,088/25ND,GT,GT,D.507KL,  100 ,4/1/2025
3/24/2025,3/25/2025,088/25ND,GT,GT,D.555KL,  800 ,4/1/2025
3/24/2025,3/25/2025,088/25ND,GT,GT,D.777KL,  100 ,4/1/2025
3/21/2025,4/2/2025,089/25XK,0555/FRANCE,OA NAIL SYSTEM,KSS-2733,  500 ,5/10/2025
3/25/2025,3/27/2025,090/25XK,0348/KOREA,SHINY GLOBAL,KD2-1580,  1.000 ,6/16/2025
3/25/2025,3/27/2025,090/25XK,0348/KOREA,SHINY GLOBAL,KD3-1577,  2.000 ,6/16/2025
3/25/2025,3/27/2025,090/25XK,0348/KOREA,SHINY GLOBAL,KD3-1578,  1.000 ,6/16/2025
3/28/2025,3/29/2025,091/25ND,B2B,BIDV BAN MÊ,BQT.BIDV07,  100 ,4/26/2025
3/28/2025,3/29/2025,091/25ND,B2B,BIDV BAN MÊ,BQT.BIDV08,  54 ,4/12/2025
3/28/2025,3/29/2025,091/25ND,B2B,BIDV BAN MÊ,BQT.BIDVNC,  150 ,4/12/2025
3/31/2025,4/2/2025,092/25XK,0535/FRANCE,M’novae M’Nails,KD2-2141,  500 ,5/27/2025
3/31/2025,4/2/2025,092/25XK,0535/FRANCE,M’novae M’Nails,KSK-2138,  500 ,5/27/2025
3/31/2025,4/2/2025,092/25XK,0535/FRANCE,M’novae M’Nails,KSK-2139,  200 ,5/27/2025
3/31/2025,4/2/2025,092/25XK,0535/FRANCE,M’novae M’Nails,KSK-2140,  500 ,5/27/2025
3/31/2025,4/2/2025,092/25XK,0535/FRANCE,M’novae M’Nails,KSS-2142,  200 ,5/27/2025
3/31/2025,4/2/2025,092/25XK,0535/FRANCE,M’novae M’Nails,KSS-2143,  500 ,5/27/2025
3/31/2025,4/5/2025,093/25XK,0531/CHINA,"TONG DE INDUSTRY AND TRADE (YANGJIANG YANGDONG DISTRICT) CO., LTD",KDT-2740,  1.000 ,4/28/2025
3/31/2025,4/5/2025,093/25XK,0531/CHINA,"TONG DE INDUSTRY AND TRADE (YANGJIANG YANGDONG DISTRICT) CO., LTD",KDT-2741,  1.000 ,4/28/2025
3/31/2025,4/5/2025,093/25XK,0531/CHINA,"TONG DE INDUSTRY AND TRADE (YANGJIANG YANGDONG DISTRICT) CO., LTD",KSK-2742,  500 ,4/28/2025
3/27/2025,4/2/2025,094/25ND,B2B,HÀNG TỒN,GS.01CC,  50 ,5/31/2025
3/27/2025,4/2/2025,094/25ND,B2B,HÀNG TỒN,GS.03CC,  -   ,5/31/2025
3/27/2025,4/2/2025,094/25ND,B2B,HÀNG TỒN,GS.03CC,  -   ,5/31/2025
3/27/2025,4/2/2025,094/25ND,B2B,HÀNG TỒN,GS.07CC,  150 ,5/31/2025
3/27/2025,4/2/2025,094/25ND,B2B,HÀNG TỒN,GS.07CC,  -   ,5/31/2025
3/27/2025,4/2/2025,094/25ND,B2B,HÀNG TỒN,GS.08TC,  500 ,5/15/2025
3/27/2025,4/2/2025,094/25ND,B2B,HÀNG TỒN,GS.08TC,  -   ,5/15/2025
3/27/2025,4/2/2025,094/25ND,B2B,HÀNG TỒN,GS.12TC,  500 ,5/15/2025
3/27/2025,4/2/2025,094/25ND,B2B,HÀNG TỒN,GS.12TC,  -   ,5/15/2025
3/27/2025,4/2/2025,094/25ND,B2B,HÀNG TỒN,MD.32,  695 ,5/15/2025
3/27/2025,4/2/2025,094/25ND,B2B,HÀNG TỒN,MD.33,  800 ,5/15/2025
3/27/2025,4/2/2025,094/25ND1,B2B,HÀNG TỒN,GS.01CC,  -   ,5/31/2025
3/27/2025,4/2/2025,094/25ND1,B2B,HÀNG TỒN,MD.32,  -   ,5/15/2025
3/27/2025,4/2/2025,094/25ND1,B2B,HÀNG TỒN,MD.33,  -   ,5/15/2025
4/1/2025,4/2/2025,095/25XK,0582/SWIZERLAND,Princess Nail,KSK-2735,  300 ,4/29/2025
4/1/2025,4/4/2025,096/25XK,0525/PANAMA,LDA BUSINESS INC 1,C.07-3.5MM,  30 ,4/16/2025
4/1/2025,4/4/2025,096/25XK,0525/PANAMA,LDA BUSINESS INC 1,CL.205-7MM,  40 ,4/16/2025
4/1/2025,4/4/2025,096/25XK,0525/PANAMA,LDA BUSINESS INC 1,CL.206-7MM,  30 ,4/16/2025
4/1/2025,4/4/2025,096/25XK,0525/PANAMA,LDA BUSINESS INC 1,CL.207-10MM,  30 ,4/16/2025
4/1/2025,4/4/2025,096/25XK,0525/PANAMA,LDA BUSINESS INC 1,CL.207-5MM,  30 ,4/16/2025
4/1/2025,4/4/2025,096/25XK,0525/PANAMA,LDA BUSINESS INC 1,CL.207-7MM,  40 ,4/16/2025
4/1/2025,4/4/2025,096/25XK,0525/PANAMA,LDA BUSINESS INC 1,CL.211-10MM,  30 ,4/16/2025
4/1/2025,4/4/2025,096/25XK,0525/PANAMA,LDA BUSINESS INC 1,CL.223-8MM,  25 ,4/16/2025
4/1/2025,4/4/2025,096/25XK,0525/PANAMA,LDA BUSINESS INC 1,CL.S01-5MM,  50 ,4/16/2025
4/1/2025,4/4/2025,096/25XK,0525/PANAMA,LDA BUSINESS INC 1,CL.S02-5MM,  25 ,4/16/2025
4/1/2025,4/4/2025,096/25XK,0525/PANAMA,LDA BUSINESS INC 1,ES.05,  10 ,4/16/2025
4/1/2025,4/4/2025,096/25XK,0525/PANAMA,LDA BUSINESS INC 1,HS.03,  10 ,4/16/2025
4/1/2025,4/4/2025,096/25XK,0525/PANAMA,LDA BUSINESS INC 1,HS.04,  10 ,4/16/2025
4/1/2025,4/4/2025,096/25XK,0525/PANAMA,LDA BUSINESS INC 1,KD.43,  20 ,4/16/2025
4/1/2025,4/4/2025,096/25XK,0525/PANAMA,LDA BUSINESS INC 1,KD.707,  40 ,4/16/2025
4/1/2025,4/4/2025,096/25XK,0525/PANAMA,LDA BUSINESS INC 1,NC.01,  30 ,4/16/2025
4/1/2025,4/4/2025,096/25XK,0525/PANAMA,LDA BUSINESS INC 1,NL.202,  30 ,4/16/2025
4/1/2025,4/4/2025,096/25XK,0525/PANAMA,LDA BUSINESS INC 1,NL.206,  30 ,4/16/2025
4/1/2025,4/4/2025,096/25XK,0525/PANAMA,LDA BUSINESS INC 1,P.01,  20 ,4/16/2025
4/1/2025,4/4/2025,096/25XK,0525/PANAMA,LDA BUSINESS INC 1,P.02,  30 ,4/16/2025
4/1/2025,4/4/2025,096/25XK,0525/PANAMA,LDA BUSINESS INC 1,P.03,  30 ,4/16/2025
4/1/2025,4/4/2025,096/25XK,0525/PANAMA,LDA BUSINESS INC 1,P.12,  30 ,4/16/2025
4/1/2025,4/4/2025,096/25XK,0525/PANAMA,LDA BUSINESS INC 1,P.13,  30 ,4/16/2025
4/1/2025,4/4/2025,096/25XK,0525/PANAMA,LDA BUSINESS INC 1,P.14,  20 ,4/16/2025
4/1/2025,4/4/2025,096/25XK,0525/PANAMA,LDA BUSINESS INC 1,P.15,  50 ,4/16/2025
4/1/2025,4/4/2025,096/25XK,0525/PANAMA,LDA BUSINESS INC 1,P.17,  50 ,4/16/2025
4/1/2025,4/4/2025,096/25XK,0525/PANAMA,LDA BUSINESS INC 1,P.22,  20 ,4/16/2025
4/1/2025,4/4/2025,096/25XK,0525/PANAMA,LDA BUSINESS INC 1,T.11,  20 ,4/16/2025
4/1/2025,4/2/2025,097/25xk,0327/KOREA,BEAUTY H,KD2-0741,  1.000 ,6/3/2025
4/2/2025,4/2/2025,098/25XK,0342/KOREA,ROYAL NIPPER,KD2-0870,  500 ,6/12/2025
4/2/2025,4/2/2025,098/25XK,0342/KOREA,ROYAL NIPPER,KD2-1086,  500 ,6/12/2025
4/2/2025,4/2/2025,098/25XK,0342/KOREA,ROYAL NIPPER,KD2-1947,  500 ,6/12/2025
4/2/2025,4/2/2025,098/25XK,0342/KOREA,ROYAL NIPPER,KD2-1986,  500 ,6/12/2025
4/3/2025,4/4/2025,099/25XK,0342/THAILAN,"DIVA SUPPLY CO., Ltd",C.04-5MM,  200 ,5/6/2025
4/3/2025,4/4/2025,099/25XK,0342/THAILAN,"DIVA SUPPLY CO., Ltd",C.112,  300 ,5/6/2025
4/4/2025,4/5/2025,100/25XK,0246/KOREA,PARAN NAIL ,KDT-2120,  2.000 ,6/10/2025
4/4/2025,4/5/2025,100/25XK,0246/KOREA,PARAN NAIL ,KDT-2430,  3.000 ,6/10/2025
4/4/2025,4/5/2025,101/25xk,0583/FRANCE,Nails Frs,KD2-2765,  1.000 ,5/22/2025
4/4/2025,4/5/2025,101/25xk,0583/FRANCE,Nails Frs,KSK-2764,  2.000 ,6/9/2025
4/4/2025,4/5/2025,101/25xk,0583/FRANCE,Nails Frs,KSK-2766,  500 ,6/9/2025
4/4/2025,4/5/2025,101/25xk,0583/FRANCE,Nails Frs,KSS-2760,  1.500 ,6/9/2025
4/4/2025,4/5/2025,101/25xk,0583/FRANCE,Nails Frs,KSS-2761,  1.500 ,6/9/2025
4/4/2025,4/5/2025,101/25xk,0583/FRANCE,Nails Frs,KSS-2762,  1.500 ,6/9/2025
4/4/2025,4/5/2025,101/25xk,0583/FRANCE,Nails Frs,KSS-2763,  1.500 ,6/9/2025
4/4/2025,4/9/2025,102/25XK,0425/CHINA,Guangzhou Xingdian Nail Products Company Limited,B.901NC,  3.600 ,6/11/2025
4/4/2025,4/9/2025,102/25XK,0425/CHINA,Guangzhou Xingdian Nail Products Company Limited,B.902NC,  3.600 ,6/11/2025
4/4/2025,4/9/2025,102/25XK,0425/CHINA,Guangzhou Xingdian Nail Products Company Limited,D.03-12NC,  1.080 ,6/17/2025
4/4/2025,4/9/2025,102/25XK,0425/CHINA,Guangzhou Xingdian Nail Products Company Limited,D.05-14NC,  60 ,6/17/2025
4/4/2025,4/9/2025,102/25XK,0425/CHINA,Guangzhou Xingdian Nail Products Company Limited,D.05V-12NC,  240 ,6/17/2025
4/4/2025,4/9/2025,102/25XK,0425/CHINA,Guangzhou Xingdian Nail Products Company Limited,D.06-12NC,  1.080 ,6/17/2025
4/4/2025,4/9/2025,102/25XK,0425/CHINA,Guangzhou Xingdian Nail Products Company Limited,D.07-12NC,  28.800 ,6/17/2025
4/4/2025,4/9/2025,102/25XK,0425/CHINA,Guangzhou Xingdian Nail Products Company Limited,D.07-14NC,  27.360 ,6/17/2025
4/4/2025,4/9/2025,102/25XK,0425/CHINA,Guangzhou Xingdian Nail Products Company Limited,D.07-16NC,  2.160 ,6/17/2025
4/4/2025,4/9/2025,102/25XK,0425/CHINA,Guangzhou Xingdian Nail Products Company Limited,D.07-3.5NC,  8.640 ,6/17/2025
4/4/2025,4/9/2025,102/25XK,0425/CHINA,Guangzhou Xingdian Nail Products Company Limited,D.22NC,  28.800 ,6/17/2025
4/4/2025,4/9/2025,102/25XK,0425/CHINA,Guangzhou Xingdian Nail Products Company Limited,D.23NC,  2.880 ,6/17/2025
4/4/2025,4/9/2025,102/25XK,0425/CHINA,Guangzhou Xingdian Nail Products Company Limited,D.501-14NC,  24.480 ,6/17/2025
4/4/2025,4/9/2025,102/25XK,0425/CHINA,Guangzhou Xingdian Nail Products Company Limited,D.501NC,  13.080 ,6/17/2025
4/4/2025,4/9/2025,102/25XK,0425/CHINA,Guangzhou Xingdian Nail Products Company Limited,S.511NC,  3.600 ,6/11/2025
4/4/2025,4/9/2025,103/25XK,0425/CHINA,Guangzhou Xingdian Nail Products Company Limited,B.901NC,  1.800 ,7/22/2025
4/4/2025,4/9/2025,103/25XK,0425/CHINA,Guangzhou Xingdian Nail Products Company Limited,B.902NC,  1.800 ,7/22/2025
4/4/2025,4/9/2025,103/25XK,0425/CHINA,Guangzhou Xingdian Nail Products Company Limited,D.03-12NC,  1.020 ,7/22/2025
4/4/2025,4/9/2025,103/25XK,0425/CHINA,Guangzhou Xingdian Nail Products Company Limited,D.03-14NC,  720 ,7/22/2025
4/4/2025,4/9/2025,103/25XK,0425/CHINA,Guangzhou Xingdian Nail Products Company Limited,D.07-12NC,  13.680 ,7/22/2025
4/4/2025,4/9/2025,103/25XK,0425/CHINA,Guangzhou Xingdian Nail Products Company Limited,D.07-14NC,  12.960 ,7/22/2025
4/4/2025,4/9/2025,103/25XK,0425/CHINA,Guangzhou Xingdian Nail Products Company Limited,D.07-16NC,  2.160 ,7/22/2025
4/4/2025,4/9/2025,103/25XK,0425/CHINA,Guangzhou Xingdian Nail Products Company Limited,D.07-3.5NC,  5.400 ,7/22/2025
4/4/2025,4/9/2025,103/25XK,0425/CHINA,Guangzhou Xingdian Nail Products Company Limited,D.22NC,  14.400 ,7/22/2025
4/4/2025,4/9/2025,103/25XK,0425/CHINA,Guangzhou Xingdian Nail Products Company Limited,D.23NC,  4.980 ,7/22/2025
4/4/2025,4/9/2025,103/25XK,0425/CHINA,Guangzhou Xingdian Nail Products Company Limited,D.27NC,  720 ,7/22/2025
4/4/2025,4/9/2025,103/25XK,0425/CHINA,Guangzhou Xingdian Nail Products Company Limited,D.28NC,  720 ,7/22/2025
4/4/2025,4/9/2025,103/25XK,0425/CHINA,Guangzhou Xingdian Nail Products Company Limited,D.501-14NC,  14.400 ,7/22/2025
4/4/2025,4/9/2025,103/25XK,0425/CHINA,Guangzhou Xingdian Nail Products Company Limited,D.501NC,  21.600 ,7/22/2025
4/4/2025,4/9/2025,103/25XK,0425/CHINA,Guangzhou Xingdian Nail Products Company Limited,D.555NC,  2.220 ,7/22/2025
4/4/2025,4/9/2025,103/25XK,0425/CHINA,Guangzhou Xingdian Nail Products Company Limited,P.13NC,  360 ,7/22/2025
4/4/2025,4/9/2025,103/25XK,0425/CHINA,Guangzhou Xingdian Nail Products Company Limited,S.511NC,  3.600 ,7/22/2025
4/4/2025,4/9/2025,103/25XK,0425/CHINA,Guangzhou Xingdian Nail Products Company Limited,S.514NC,  720 ,7/22/2025
4/8/2025,4/9/2025,104/25XK,0467/POLAND,NAIL4U,KD2-1673,  500 ,5/26/2025
4/8/2025,4/9/2025,104/25XK,0467/POLAND,NAIL4U,KD2-1996,  500 ,5/26/2025
4/8/2025,4/9/2025,104/25XK,0467/POLAND,NAIL4U,KSS-2779,  500 ,5/28/2025
4/8/2025,4/9/2025,105/25XK,0002/ITALY,ALPEN DEI F.LLI GIANOLA SNC,KD2-0006,  500 ,5/30/2025
4/8/2025,4/9/2025,105/25XK,0002/ITALY,ALPEN DEI F.LLI GIANOLA SNC,KDT-0003,  1.000 ,6/10/2025
4/8/2025,4/9/2025,106/25XK,0336/CHINA,"QVS Global China, LTD",KSS-0228,  1.000 ,6/20/2025
4/8/2025,4/11/2025,107/25XK,0536/FRANCE,ElyaMaje,KD2-2156,  1.000 ,5/30/2025
4/8/2025,4/11/2025,107/25XK,0536/FRANCE,ElyaMaje,KSN-2208,  1.500 ,5/31/2025
4/8/2025,4/11/2025,107/25XK,0536/FRANCE,ElyaMaje,KSS-2179,  1.000 ,5/31/2025
4/8/2025,4/11/2025,107/25XK,0536/FRANCE,ElyaMaje,KSS-2184,  1.000 ,5/31/2025
4/9/2025,4/11/2025,108/25XK,0394/JORDAN,Fahmi Alqawasmi Est.,B.916C-HO,  150 ,5/10/2025
4/9/2025,4/11/2025,108/25XK,0394/JORDAN,Fahmi Alqawasmi Est.,B.916C-TR,  150 ,5/10/2025
4/9/2025,4/11/2025,108/25XK,0394/JORDAN,Fahmi Alqawasmi Est.,B.916C-VA,  150 ,5/10/2025
4/9/2025,4/11/2025,108/25XK,0394/JORDAN,Fahmi Alqawasmi Est.,B.916C-XL,  150 ,5/10/2025
4/9/2025,4/11/2025,108/25XK,0394/JORDAN,Fahmi Alqawasmi Est.,C.36-12,  1.200 ,5/10/2025
4/14/2025,4/15/2025,108/25XK,0394/JORDAN,Fahmi Alqawasmi Est.,C.36-14,  600 ,6/10/2025
4/14/2025,4/15/2025,108/25XK,0394/JORDAN,Fahmi Alqawasmi Est.,C.36-16,  600 ,6/10/2025
4/9/2025,4/11/2025,108/25XK,0394/JORDAN,Fahmi Alqawasmi Est.,KD.701,  60 ,5/10/2025
4/9/2025,4/11/2025,108/25XK,0394/JORDAN,Fahmi Alqawasmi Est.,KD.707,  60 ,5/10/2025
4/9/2025,4/11/2025,108/25XK,0394/JORDAN,Fahmi Alqawasmi Est.,NC.04,  120 ,5/10/2025
4/9/2025,4/11/2025,108/25XK,0394/JORDAN,Fahmi Alqawasmi Est.,P.08,  120 ,5/10/2025
4/9/2025,4/11/2025,108/25XK,0394/JORDAN,Fahmi Alqawasmi Est.,P.10,  120 ,5/10/2025
4/9/2025,4/11/2025,108/25XK,0394/JORDAN,Fahmi Alqawasmi Est.,P.12,  60 ,5/10/2025
4/9/2025,4/11/2025,108/25XK,0394/JORDAN,Fahmi Alqawasmi Est.,P.15,  60 ,5/10/2025
4/9/2025,4/11/2025,108/25XK,0394/JORDAN,Fahmi Alqawasmi Est.,P.17,  60 ,5/10/2025
4/9/2025,4/11/2025,108/25XK,0394/JORDAN,Fahmi Alqawasmi Est.,T.01BL,  40 ,5/10/2025
4/9/2025,4/11/2025,108/25XK,0394/JORDAN,Fahmi Alqawasmi Est.,T.01BO,  40 ,5/10/2025
4/9/2025,4/11/2025,108/25XK,0394/JORDAN,Fahmi Alqawasmi Est.,T.01GR,  40 ,5/10/2025
4/9/2025,4/11/2025,108/25XK,0394/JORDAN,Fahmi Alqawasmi Est.,T.01PU,  40 ,5/10/2025
4/9/2025,4/11/2025,108/25XK,0394/JORDAN,Fahmi Alqawasmi Est.,T.01RE,  40 ,5/10/2025
4/9/2025,4/11/2025,108/25XK,0394/JORDAN,Fahmi Alqawasmi Est.,T.05,  60 ,5/10/2025
4/9/2025,4/11/2025,108/25XK,0394/JORDAN,Fahmi Alqawasmi Est.,T.10,  60 ,5/10/2025
4/10/2025,4/11/2025,109/25XK,0281/UK,NBS DISTRIBUTION LTD,C.04-7mm,  500 ,5/7/2025
4/10/2025,4/11/2025,109/25XK,0281/UK,NBS DISTRIBUTION LTD,KD.704,  100 ,5/7/2025
4/10/2025,4/14/2025,110/25ND,B2B,HÀNG TỒN,BQT.HTH,  50 ,6/6/2025
4/9/2025,4/15/2025,111/25XK,0584/UK,ISO CLEAN UK,KD2-2703,  2.000 ,5/31/2025
4/9/2025,4/15/2025,111/25XK,0584/UK,ISO CLEAN UK,KSK-2702,  2.000 ,6/18/2025
4/9/2025,4/15/2025,111/25XK,0584/UK,ISO CLEAN UK,KSS-2565,  4.000 ,6/18/2025
4/9/2025,4/15/2025,111/25XK,0584/UK,ISO CLEAN UK,KSS-2566,  2.000 ,6/18/2025
4/11/2025,4/15/2025,112/25XK,0586/ROMANIA,NAILSUP,KSK-2782,  500 ,5/22/2025
4/11/2025,4/15/2025,112/25XK,0586/ROMANIA,NAILSUP,KSK-2783,  500 ,5/22/2025
4/11/2025,4/15/2025,112/25XK,0586/ROMANIA,NAILSUP,KSK-2784,  500 ,5/22/2025
4/15/2025,4/15/2025,113/25XK,0393/RUSSIA,LLC RINGO,KD2-1070,  500 ,6/16/2025
4/15/2025,4/15/2025,113/25XK,0393/RUSSIA,LLC RINGO,KD2-1120,  2.000 ,6/16/2025
4/15/2025,4/15/2025,113/25XK,0393/RUSSIA,LLC RINGO,KD2-1124,  2.000 ,6/16/2025
4/15/2025,4/15/2025,113/25XK,0393/RUSSIA,LLC RINGO,KD2-1127,  2.000 ,6/16/2025
4/15/2025,4/15/2025,113/25XK,0393/RUSSIA,LLC RINGO,KD2-1128,  2.500 ,6/16/2025
4/15/2025,4/15/2025,113/25XK,0393/RUSSIA,LLC RINGO,KD2-1130,  1.000 ,6/16/2025
4/15/2025,4/15/2025,113/25XK,0393/RUSSIA,LLC RINGO,KD2-1132,  1.000 ,6/16/2025
4/15/2025,4/15/2025,113/25XK,0393/RUSSIA,LLC RINGO,KD2-1144,  3.000 ,6/16/2025
4/15/2025,4/15/2025,113/25XK,0393/RUSSIA,LLC RINGO,KD2-1551,  1.000 ,6/16/2025
4/15/2025,4/15/2025,113/25XK,0393/RUSSIA,LLC RINGO,KD2-2-1118,  1.500 ,6/16/2025
4/15/2025,4/15/2025,113/25XK,0393/RUSSIA,LLC RINGO,KD2-2-1126,  1.500 ,6/16/2025
4/15/2025,4/15/2025,113/25XK,0393/RUSSIA,LLC RINGO,KD2-2-1132,  1.000 ,6/16/2025
4/14/2025,4/15/2025,114/25XK,0079/RUSSIA,Vectorgroup Company,KD2-0046,  1.000 ,6/9/2025
4/14/2025,4/15/2025,114/25XK,0079/RUSSIA,Vectorgroup Company,KD2-0049,  4.500 ,6/9/2025
4/14/2025,4/15/2025,114/25XK,0079/RUSSIA,Vectorgroup Company,KD2-0050,  2.000 ,6/9/2025
4/14/2025,4/15/2025,114/25XK,0079/RUSSIA,Vectorgroup Company,KD2-0065,  7.000 ,6/9/2025
4/14/2025,4/15/2025,114/25XK,0079/RUSSIA,Vectorgroup Company,KD2-0525,  1.000 ,6/9/2025
4/14/2025,4/15/2025,114/25XK,0079/RUSSIA,Vectorgroup Company,KD2-0526,  3.000 ,6/9/2025
4/14/2025,4/15/2025,114/25XK,0079/RUSSIA,Vectorgroup Company,KD2-0552,  8.000 ,6/9/2025
4/14/2025,4/15/2025,114/25XK,0079/RUSSIA,Vectorgroup Company,KD2-0575,  1.500 ,6/9/2025
4/14/2025,4/15/2025,114/25XK,0079/RUSSIA,Vectorgroup Company,KD2-0619,  4.000 ,6/9/2025
4/14/2025,4/15/2025,114/25XK,0079/RUSSIA,Vectorgroup Company,KD2-0628,  3.500 ,6/9/2025
4/14/2025,4/15/2025,114/25XK,0079/RUSSIA,Vectorgroup Company,KD2-0731,  2.000 ,6/9/2025
4/14/2025,4/15/2025,114/25XK,0079/RUSSIA,Vectorgroup Company,KD2-1227,  1.000 ,6/9/2025
4/14/2025,4/15/2025,114/25XK,0079/RUSSIA,Vectorgroup Company,KD2-1459,  1.500 ,6/9/2025
4/14/2025,4/15/2025,114/25XK,0079/RUSSIA,Vectorgroup Company,KD2-1465,  1.500 ,6/9/2025
4/14/2025,4/15/2025,114/25XK,0079/RUSSIA,Vectorgroup Company,KD2-1583,  2.500 ,6/9/2025
4/14/2025,4/15/2025,114/25XK,0079/RUSSIA,Vectorgroup Company,KD2-1646,  1.500 ,6/9/2025
4/14/2025,4/15/2025,114/25XK,0079/RUSSIA,Vectorgroup Company,KD2-1647,  1.500 ,6/9/2025
4/14/2025,4/15/2025,114/25XK,0079/RUSSIA,Vectorgroup Company,KD2-1696,  1.500 ,6/9/2025
4/14/2025,4/15/2025,114/25XK,0079/RUSSIA,Vectorgroup Company,KD2-1926,  1.000 ,6/9/2025
4/14/2025,4/15/2025,114/25XK,0079/RUSSIA,Vectorgroup Company,KD2-1927,  1.000 ,6/9/2025
4/14/2025,4/15/2025,114/25XK,0079/RUSSIA,Vectorgroup Company,KM2-1700,  1.000 ,6/9/2025
4/14/2025,4/15/2025,114/25XK,0079/RUSSIA,Vectorgroup Company,KSK-2426,  -   ,6/9/2025
4/15/2025,4/17/2025,115/25ND,GT,CHỦ TỊCH,GS.18V,  50 ,4/21/2025
4/14/2025,4/17/2025,116/25XK,0069/POLAND,ACTIV TOMASZ PACHOLCZYK,AL.101,  180 ,6/16/2025
4/14/2025,4/17/2025,116/25XK,0069/POLAND,ACTIV TOMASZ PACHOLCZYK,C.03-5MM,  360 ,6/16/2025
4/14/2025,4/17/2025,116/25XK,0069/POLAND,ACTIV TOMASZ PACHOLCZYK,ES.01,  180 ,6/12/2025
4/14/2025,4/17/2025,116/25XK,0069/POLAND,ACTIV TOMASZ PACHOLCZYK,ES.03,  180 ,6/12/2025
4/14/2025,4/17/2025,116/25XK,0069/POLAND,ACTIV TOMASZ PACHOLCZYK,KD.701,  360 ,6/12/2025
4/14/2025,4/17/2025,116/25XK,0069/POLAND,ACTIV TOMASZ PACHOLCZYK,NC.01,  180 ,6/12/2025
4/14/2025,4/17/2025,116/25XK,0069/POLAND,ACTIV TOMASZ PACHOLCZYK,NC.03,  180 ,6/12/2025
4/14/2025,4/17/2025,116/25XK,0069/POLAND,ACTIV TOMASZ PACHOLCZYK,NC.04,  180 ,6/12/2025
4/14/2025,4/17/2025,116/25XK,0069/POLAND,ACTIV TOMASZ PACHOLCZYK,NC.06,  180 ,6/12/2025
4/14/2025,4/17/2025,116/25XK,0069/POLAND,ACTIV TOMASZ PACHOLCZYK,NL.102,  180 ,6/16/2025
4/14/2025,4/17/2025,116/25XK,0069/POLAND,ACTIV TOMASZ PACHOLCZYK,P.17,  720 ,6/12/2025
4/14/2025,4/17/2025,116/25XK,0069/POLAND,ACTIV TOMASZ PACHOLCZYK,T.01BL,  180 ,6/12/2025
4/14/2025,4/17/2025,116/25XK,0069/POLAND,ACTIV TOMASZ PACHOLCZYK,T.03,  720 ,6/12/2025
4/14/2025,4/17/2025,116/25XK,0069/POLAND,ACTIV TOMASZ PACHOLCZYK,T.04,  180 ,6/12/2025
4/14/2025,4/17/2025,116/25XK,0069/POLAND,ACTIV TOMASZ PACHOLCZYK,T.07,  360 ,6/12/2025
4/17/2025,4/17/2025,117/25XK,0536/FRANCE,ElyaMaje,KSS-2184,  1.500 ,5/14/2025
4/17/2025,5/2/2025,118/25ND,MKT,MAKETING,GS.18N,  -   ,x
4/17/2025,5/2/2025,118/25ND,MKT,MAKETING,GS.18V,  -   ,x
4/17/2025,5/2/2025,118/25ND,MKT,MAKETING,GS.19N,  -   ,x
4/17/2025,5/2/2025,118/25ND,MKT,MAKETING,GS.19V,  -   ,x
4/17/2025,5/2/2025,118/25ND,MKT,MAKETING,GS.20N,  -   ,x
4/17/2025,5/2/2025,118/25ND,MKT,MAKETING,GS.20V,  -   ,x
4/17/2025,5/2/2025,118/25ND,MKT,MAKETING,GS.21N,  -   ,x
4/17/2025,5/2/2025,118/25ND,MKT,MAKETING,GS.21V,  -   ,x
4/16/2025,4/17/2025,119/25XK,0013/ITALY,TECNIWORK S.P.A,KD3-0101,  300 ,6/20/2025
4/16/2025,4/17/2025,119/25XK,0013/ITALY,TECNIWORK S.P.A,KM2-0108,  350 ,6/20/2025
4/16/2025,4/17/2025,119/25XK,0013/ITALY,TECNIWORK S.P.A,KM3-0106,  300 ,6/20/2025
4/16/2025,4/17/2025,119/25XK,0013/ITALY,TECNIWORK S.P.A,KM3-0107,  500 ,6/20/2025
4/16/2025,4/17/2025,119/25XK,0013/ITALY,TECNIWORK S.P.A,KM3-0254,  300 ,6/20/2025
4/10/2025,4/17/2025,120/25XK,0393/RUSSIA,LLC RINGO,KD2-2407,  2.000 ,6/25/2025
4/10/2025,4/17/2025,120/25XK,0393/RUSSIA,LLC RINGO,KM2-2715,  2.500 ,6/18/2025
4/15/2025,4/18/2025,121/25ND,GT,GT,KDM.717,  -   ,HỦY
4/18/2025,4/18/2025,122/25ND,B2B,HỒ GIA PHÁT,B.939DO,  400 ,4/29/2025
4/21/2025,4/22/2025,123/25XK,0241/UAE,BEDASHING BEAUTY LOUNGE LLC,KD2-0339,  5.500 ,6/23/2025
4/21/2025,4/22/2025,123/25XK,0241/UAE,BEDASHING BEAUTY LOUNGE LLC,KSB-1488,  4.000 ,6/23/2025
4/21/2025,4/22/2025,123/25XK,0241/UAE,BEDASHING BEAUTY LOUNGE LLC,KSS-0338,  4.500 ,6/23/2025
4/23/2025,4/23/2025,124/25XK,0531/CHINA,"TONG DE INDUSTRY AND TRADE (YANGJIANG YANGDONG DISTRICT) CO., LTD",KD2-2809,  500 ,6/24/2025
4/22/2025,4/24/2025,125/25XK,NNC,NNC,B.901,  2.160 ,5/31/2025
4/22/2025,4/24/2025,125/25XK,NNC,NNC,CL.206-5MM,  720 ,5/31/2025
4/22/2025,4/24/2025,125/25XK,NNC,NNC,CL.206-7MM,  360 ,5/31/2025
4/22/2025,4/24/2025,125/25XK,NNC,NNC,CL.S01-5MM,  -   ,5/31/2025
4/22/2025,4/24/2025,125/25XK,NNC,NNC,D.01-14,  2.520 ,5/31/2025
4/22/2025,4/24/2025,125/25XK,NNC,NNC,D.03-14,  4.740 ,5/31/2025
4/22/2025,4/24/2025,125/25XK,NNC,NNC,D.03-16,  7.560 ,5/31/2025
4/22/2025,4/24/2025,125/25XK,NNC,NNC,D.04-14,  8.700 ,5/31/2025
4/22/2025,4/24/2025,125/25XK,NNC,NNC,D.04-16,  10.080 ,5/31/2025
4/22/2025,4/24/2025,125/25XK,NNC,NNC,D.05-12,  180 ,5/31/2025
4/22/2025,4/24/2025,125/25XK,NNC,NNC,D.05V-14,  300 ,5/31/2025
4/22/2025,4/24/2025,125/25XK,NNC,NNC,D.05V-16,  60 ,5/31/2025
4/22/2025,4/24/2025,125/25XK,NNC,NNC,D.06-14,  8.520 ,5/31/2025
4/22/2025,4/24/2025,125/25XK,NNC,NNC,D.06-16,  5.280 ,5/31/2025
4/22/2025,4/24/2025,125/25XK,NNC,NNC,D.07-14,  14.700 ,5/31/2025
4/22/2025,4/24/2025,125/25XK,NNC,NNC,D.07-16,  21.360 ,5/31/2025
4/22/2025,4/24/2025,125/25XK,NNC,NNC,D.08-14,  4.140 ,5/31/2025
4/22/2025,4/24/2025,125/25XK,NNC,NNC,D.08-16,  3.320 ,5/31/2025
4/22/2025,4/24/2025,125/25XK,NNC,NNC,D.09-12,  1.080 ,5/31/2025
4/22/2025,4/24/2025,125/25XK,NNC,NNC,D.09-14,  2.280 ,5/31/2025
4/22/2025,4/24/2025,125/25XK,NNC,NNC,D.09-16,  240 ,5/31/2025
4/22/2025,4/24/2025,125/25XK,NNC,NNC,D.18,  1.800 ,5/31/2025
4/22/2025,4/24/2025,125/25XK,NNC,NNC,D.501,  12.960 ,5/31/2025
4/22/2025,4/24/2025,125/25XK,NNC,NNC,D.506,  6.120 ,5/31/2025
4/22/2025,4/24/2025,125/25XK,NNC,NNC,KD.715,  120 ,5/31/2025
4/22/2025,4/24/2025,125/25XK,NNC,NNC,M.18,  1.020 ,5/31/2025
4/22/2025,4/24/2025,125/25XK,NNC,NNC,M.501,  480 ,5/31/2025
4/22/2025,4/24/2025,125/25XK,NNC,NNC,P.12,  360 ,5/31/2025
4/22/2025,4/24/2025,125/25XK,NNC,NNC,P.13,  360 ,5/31/2025
4/22/2025,4/24/2025,125/25XK,NNC,NNC,P.14,  360 ,5/31/2025
4/22/2025,4/24/2025,125/25XK,NNC,NNC,P.15,  360 ,5/31/2025
4/22/2025,4/24/2025,125/25XK,NNC,NNC,P.17,  300 ,5/31/2025
4/22/2025,4/24/2025,125/25XK,NNC,NNC,S.506,  1.080 ,5/31/2025
4/22/2025,4/24/2025,125/25XK,NNC,NNC,S.507,  1.080 ,5/31/2025
4/22/2025,4/24/2025,125/25XK,NNC,NNC,S.511,  660 ,5/31/2025
4/22/2025,4/24/2025,125/25XK,NNC,NNC,S.512,  1.080 ,5/31/2025
4/26/2025,4/26/2025,126/25XK,0302/TAIWAN,"HELENA COSMETIC CO., LTD",KD2-0764,  720 ,6/18/2025
4/25/2025,4/26/2025,127/25XK,0059/KOREA,CAREN BEAUTY,KD2-0153,  1.000 ,6/22/2025
4/24/2025,4/26/2025,128/25XK,0035/KOREA,KARA BEAUTY NAIL CO.,KD2-0268,  3.000 ,6/21/2025
4/28/2025,5/2/2025,129/25XK,0481/FRANCE,ONIX PRO,KSK-2854,  -   ,6/12/2025
4/28/2025,5/2/2025,129/25XK,0481/FRANCE,ONIX PRO,KSK-2855,  -   ,6/12/2025
4/28/2025,5/2/2025,129/25XK,0481/FRANCE,ONIX PRO,KSK-2856,  -   ,6/12/2025
4/28/2025,5/2/2025,129/25XK,0481/FRANCE,ONIX PRO,KSK-2857,  -   ,6/12/2025
4/28/2025,5/2/2025,129/25XK,0481/FRANCE,ONIX PRO,KSK-2858,  -   ,6/12/2025
4/28/2025,5/2/2025,129/25XK,0481/FRANCE,ONIX PRO,KSS-2853,  -   ,6/12/2025
4/25/2025,5/2/2025,130/25xk,0465/ESTONIA,LIGHT ELEGANCE OU,C.04-3.5MM,  360 ,6/14/2025
4/25/2025,5/2/2025,130/25xk,0465/ESTONIA,LIGHT ELEGANCE OU,C.07-3.5MM,  360 ,6/14/2025
4/25/2025,5/2/2025,130/25xk,0465/ESTONIA,LIGHT ELEGANCE OU,KD.707,  360 ,5/30/2025
4/25/2025,5/2/2025,130/25xk,0465/ESTONIA,LIGHT ELEGANCE OU,P.03,  360 ,5/30/2025
4/28/2025,4/29/2025,131/25ND,B2B,B2B,CB3.003,  220 ,5/16/2025
4/29/2025,5/5/2025,132/25XK,0251/TAIWAN,"N H BEAUTY INTERNATIONAL CO., LTD",C.04-12,  360 ,7/5/2025
4/29/2025,5/5/2025,132/25XK,0251/TAIWAN,"N H BEAUTY INTERNATIONAL CO., LTD",C.06-12,  720 ,7/5/2025
4/29/2025,5/5/2025,132/25XK,0251/TAIWAN,"N H BEAUTY INTERNATIONAL CO., LTD",C.07-12,  1.080 ,7/5/2025
4/29/2025,5/5/2025,132/25XK,0251/TAIWAN,"N H BEAUTY INTERNATIONAL CO., LTD",C.118,  360 ,7/5/2025
4/29/2025,5/5/2025,132/25XK,0251/TAIWAN,"N H BEAUTY INTERNATIONAL CO., LTD",C.120,  360 ,7/5/2025
4/29/2025,5/5/2025,132/25XK,0251/TAIWAN,"N H BEAUTY INTERNATIONAL CO., LTD",CL.101C-12,  2.160 ,7/5/2025
4/29/2025,5/5/2025,132/25XK,0251/TAIWAN,"N H BEAUTY INTERNATIONAL CO., LTD",CL.201C-12,  1.800 ,7/5/2025
4/29/2025,5/5/2025,132/25XK,0251/TAIWAN,"N H BEAUTY INTERNATIONAL CO., LTD",NC.01,  720 ,7/5/2025
4/28/2025,5/5/2025,133/25XK,0588/MED,MEDICORUM,KD2-2749,  500 ,6/21/2025
4/28/2025,5/5/2025,133/25XK,0588/MED,MEDICORUM,KM2-2751,  500 ,6/21/2025
4/28/2025,5/5/2025,133/25XK,0588/MED,MEDICORUM,KSK-2750,  500 ,6/21/2025
4/28/2025,5/5/2025,133/25XK,0588/MED,MEDICORUM,KSK-2826,  300 ,6/21/2025
4/28/2025,5/5/2025,133/25XK,0588/MED,MEDICORUM,KSS-2780,  250 ,6/21/2025
4/28/2025,5/5/2025,133/25XK,0588/MED,MEDICORUM,KSS-2781,  250 ,6/21/2025
5/2/2025,5/5/2025,134/25XK,0047/ITALY,GIMAP SRL,KSK-2806,  2.000 ,6/14/2025
5/2/2025,5/5/2025,134/25XK,0047/ITALY,GIMAP SRL,KSK-2807,  2.000 ,6/14/2025
5/2/2025,5/5/2025,134/25XK,0047/ITALY,GIMAP SRL,KSK-2808,  1.000 ,6/14/2025
5/2/2025,5/5/2025,134/25XK,0047/ITALY,GIMAP SRL,KSK-2862,  1.000 ,6/14/2025
5/2/2025,5/5/2025,134/25XK,0047/ITALY,GIMAP SRL,KSK-2863,  1.000 ,6/14/2025
5/2/2025,5/5/2025,134/25XK,0047/ITALY,GIMAP SRL,KSK-2864,  200 ,6/14/2025
4/28/2025,5/5/2025,135/25ND,CHAOBA,CHAOBA,D.01-12,  500 ,5/19/2025
4/28/2025,5/5/2025,135/25ND,CHAOBA,CHAOBA,D.01-16,  2.100 ,5/19/2025
4/28/2025,5/5/2025,135/25ND,CHAOBA,CHAOBA,D.03-14,  1.100 ,5/19/2025
4/28/2025,5/5/2025,135/25ND,CHAOBA,CHAOBA,D.03-16,  2.400 ,5/19/2025
4/28/2025,5/5/2025,135/25ND,CHAOBA,CHAOBA,D.04-14,  1.400 ,5/19/2025
4/28/2025,5/5/2025,135/25ND,CHAOBA,CHAOBA,D.05-12,  240 ,5/19/2025
4/28/2025,5/5/2025,135/25ND,CHAOBA,CHAOBA,D.05-14,  840 ,5/19/2025
4/28/2025,5/5/2025,135/25ND,CHAOBA,CHAOBA,D.05-16,  240 ,5/19/2025
4/28/2025,5/5/2025,135/25ND,CHAOBA,CHAOBA,D.05V-12,  60 ,5/19/2025
4/28/2025,5/5/2025,135/25ND,CHAOBA,CHAOBA,D.05V-14,  180 ,5/19/2025
4/28/2025,5/5/2025,135/25ND,CHAOBA,CHAOBA,D.05V-16,  240 ,5/19/2025
4/28/2025,5/5/2025,135/25ND,CHAOBA,CHAOBA,D.06-14,  100 ,5/19/2025
4/28/2025,5/5/2025,135/25ND,CHAOBA,CHAOBA,D.06-16,  1.200 ,5/19/2025
4/28/2025,5/5/2025,135/25ND,CHAOBA,CHAOBA,D.07-16,  4.500 ,5/19/2025
4/28/2025,5/5/2025,135/25ND,CHAOBA,CHAOBA,D.18,  800 ,5/19/2025
4/28/2025,5/5/2025,135/25ND,CHAOBA,CHAOBA,D.501,  900 ,5/19/2025
4/28/2025,5/5/2025,135/25ND,CHAOBA,CHAOBA,D.506,  1.100 ,5/19/2025
4/28/2025,5/5/2025,135/25ND,CHAOBA,CHAOBA,D.555KD,  1.400 ,5/19/2025
4/28/2025,5/5/2025,135/25ND,CHAOBA,CHAOBA,M.01,  200 ,5/19/2025
4/28/2025,5/5/2025,135/25ND,CHAOBA,CHAOBA,M.555KD,  300 ,5/19/2025
4/28/2025,5/5/2025,136/25ND,CHAOBA,CHAOBA,B.901,  7.200 ,7/14/2025
4/28/2025,5/5/2025,136/25ND,CHAOBA,CHAOBA,B.902,  1.320 ,7/14/2025
4/28/2025,5/5/2025,136/25ND,CHAOBA,CHAOBA,D.01-12,  1.200 ,7/14/2025
4/28/2025,5/5/2025,136/25ND,CHAOBA,CHAOBA,D.01-14,  4.200 ,7/14/2025
4/28/2025,5/5/2025,136/25ND,CHAOBA,CHAOBA,D.01-16,  6.000 ,7/14/2025
4/28/2025,5/5/2025,136/25ND,CHAOBA,CHAOBA,D.03-14,  4.800 ,7/14/2025
4/28/2025,5/5/2025,136/25ND,CHAOBA,CHAOBA,D.03-16,  3.600 ,7/14/2025
4/28/2025,5/5/2025,136/25ND,CHAOBA,CHAOBA,D.04-12,  600 ,7/14/2025
4/28/2025,5/5/2025,136/25ND,CHAOBA,CHAOBA,D.04-14,  4.800 ,7/14/2025
4/28/2025,5/5/2025,136/25ND,CHAOBA,CHAOBA,D.04-16,  1.100 ,7/14/2025
4/28/2025,5/5/2025,136/25ND,CHAOBA,CHAOBA,D.05-12,  240 ,7/14/2025
4/28/2025,5/5/2025,136/25ND,CHAOBA,CHAOBA,D.05-14,  1.440 ,7/14/2025
4/28/2025,5/5/2025,136/25ND,CHAOBA,CHAOBA,D.05-16,  1.080 ,7/14/2025
4/28/2025,5/5/2025,136/25ND,CHAOBA,CHAOBA,D.05V-12,  120 ,7/14/2025
4/28/2025,5/5/2025,136/25ND,CHAOBA,CHAOBA,D.05V-14,  360 ,7/14/2025
4/28/2025,5/5/2025,136/25ND,CHAOBA,CHAOBA,D.05V-16,  360 ,7/14/2025
4/28/2025,5/5/2025,136/25ND,CHAOBA,CHAOBA,D.06-14,  2.400 ,7/14/2025
4/28/2025,5/5/2025,136/25ND,CHAOBA,CHAOBA,D.06-16,  3.600 ,7/14/2025
4/28/2025,5/5/2025,136/25ND,CHAOBA,CHAOBA,D.07-12,  1.200 ,7/14/2025
4/28/2025,5/5/2025,136/25ND,CHAOBA,CHAOBA,D.07-14,  3.600 ,7/14/2025
4/28/2025,5/5/2025,136/25ND,CHAOBA,CHAOBA,D.07-16,  9.000 ,7/14/2025
4/28/2025,5/5/2025,136/25ND,CHAOBA,CHAOBA,D.08-14,  300 ,7/14/2025
4/28/2025,5/5/2025,136/25ND,CHAOBA,CHAOBA,D.08-16,  600 ,7/14/2025
4/28/2025,5/5/2025,136/25ND,CHAOBA,CHAOBA,D.09-14,  500 ,7/14/2025
4/28/2025,5/5/2025,136/25ND,CHAOBA,CHAOBA,D.09-16,  700 ,7/14/2025
4/28/2025,5/5/2025,136/25ND,CHAOBA,CHAOBA,D.18,  3.000 ,7/14/2025
4/28/2025,5/5/2025,136/25ND,CHAOBA,CHAOBA,D.206,  1.700 ,7/14/2025
4/28/2025,5/5/2025,136/25ND,CHAOBA,CHAOBA,D.501,  9.000 ,7/14/2025
4/28/2025,5/5/2025,136/25ND,CHAOBA,CHAOBA,D.506,  4.800 ,7/14/2025
4/28/2025,5/5/2025,136/25ND,CHAOBA,CHAOBA,D.555KD,  12.000 ,7/14/2025
4/28/2025,5/5/2025,136/25ND,CHAOBA,CHAOBA,KM.601,  300 ,7/14/2025
4/28/2025,5/5/2025,136/25ND,CHAOBA,CHAOBA,KM.605,  360 ,7/14/2025
4/28/2025,5/5/2025,136/25ND,CHAOBA,CHAOBA,M.01,  1.200 ,7/14/2025
4/28/2025,5/5/2025,136/25ND,CHAOBA,CHAOBA,M.03,  300 ,7/14/2025
4/28/2025,5/5/2025,136/25ND,CHAOBA,CHAOBA,M.555KD,  300 ,7/14/2025
4/28/2025,5/5/2025,136/25ND,CHAOBA,CHAOBA,S.506,  3.600 ,7/14/2025
4/28/2025,5/5/2025,136/25ND,CHAOBA,CHAOBA,S.507,  180 ,7/14/2025
4/28/2025,5/5/2025,136/25ND,CHAOBA,CHAOBA,S.512,  360 ,7/14/2025
4/28/2025,5/5/2025,136/25ND,CHAOBA,CHAOBA,S.514,  180 ,7/14/2025
5/5/2025,5/6/2025,137/25xk,0211/JAPAN,MARUTO HASEGAWA KOSAKUJO INC.,KSK-0484,  500 ,6/26/2025
4/29/2025,5/8/2025,138/25XK,0585/ITALY,Musa SRL,KD2-2827,  400 ,6/27/2025
4/29/2025,5/8/2025,138/25XK,0585/ITALY,Musa SRL,KD2-2828,  400 ,6/27/2025
4/29/2025,5/8/2025,138/25XK,0585/ITALY,Musa SRL,KD2-2829,  400 ,6/27/2025
4/29/2025,5/8/2025,138/25XK,0585/ITALY,Musa SRL,KD2-2859,  400 ,6/27/2025
4/29/2025,5/8/2025,138/25XK,0585/ITALY,Musa SRL,KD2-2860,  400 ,6/27/2025
4/29/2025,5/8/2025,138/25XK,0585/ITALY,Musa SRL,KD2-2861,  400 ,6/27/2025
4/29/2025,5/8/2025,138/25XK,0585/ITALY,Musa SRL,KM2-2830,  400 ,6/27/2025
4/29/2025,5/8/2025,138/25XK,0585/ITALY,Musa SRL,KM2-2831,  400 ,6/27/2025
4/29/2025,5/8/2025,138/25XK,0585/ITALY,Musa SRL,KM2-2832,  400 ,6/27/2025
4/29/2025,5/8/2025,138/25XK,0585/ITALY,Musa SRL,KM2-2833,  400 ,6/27/2025
4/29/2025,5/8/2025,138/25XK,0585/ITALY,Musa SRL,KM2-2834,  400 ,6/27/2025
4/29/2025,5/8/2025,138/25XK,0585/ITALY,Musa SRL,KSB-2842,  400 ,6/27/2025
4/29/2025,5/8/2025,138/25XK,0585/ITALY,Musa SRL,KSK-2835,  400 ,6/27/2025
4/29/2025,5/8/2025,138/25XK,0585/ITALY,Musa SRL,KSK-2836,  400 ,6/27/2025
4/29/2025,5/8/2025,138/25XK,0585/ITALY,Musa SRL,KSK-2837,  400 ,6/27/2025
4/29/2025,5/8/2025,138/25XK,0585/ITALY,Musa SRL,KSK-2838,  400 ,6/27/2025
4/29/2025,5/8/2025,138/25XK,0585/ITALY,Musa SRL,KSK-2839,  400 ,6/27/2025
4/29/2025,5/8/2025,138/25XK,0585/ITALY,Musa SRL,KSK-2840,  400 ,6/27/2025
4/29/2025,5/8/2025,138/25XK,0585/ITALY,Musa SRL,KSK-2841,  400 ,6/27/2025
4/29/2025,5/8/2025,138/25XK,0585/ITALY,Musa SRL,KSN-2843,  400 ,6/27/2025
4/29/2025,5/8/2025,138/25XK,0585/ITALY,Musa SRL,KSN-2844,  400 ,6/27/2025
4/29/2025,5/8/2025,138/25XK,0585/ITALY,Musa SRL,KSS-2845,  400 ,6/27/2025
4/29/2025,5/8/2025,138/25XK,0585/ITALY,Musa SRL,KSS-2846,  400 ,6/27/2025
4/29/2025,5/8/2025,138/25XK,0585/ITALY,Musa SRL,KSS-2847,  400 ,6/27/2025
4/29/2025,5/8/2025,138/25XK,0585/ITALY,Musa SRL,KSS-2848,  400 ,6/27/2025
4/29/2025,5/8/2025,138/25XK,0585/ITALY,Musa SRL,KSS-2849,  400 ,6/27/2025
4/29/2025,5/8/2025,138/25XK,0585/ITALY,Musa SRL,KSS-2850,  400 ,6/27/2025
4/29/2025,5/8/2025,138/25XK,0585/ITALY,Musa SRL,KSS-2851,  400 ,6/27/2025
4/29/2025,5/8/2025,138/25XK,0585/ITALY,Musa SRL,KSS-2852,  400 ,6/27/2025
4/28/2025,5/8/2025,139/25XK,0535/FRANCE,M’novae M’Nails,KSK-2823,  1.100 ,6/18/2025
4/28/2025,5/8/2025,139/25XK,0535/FRANCE,M’novae M’Nails,KSK-2824,  1.000 ,6/18/2025
4/28/2025,5/8/2025,139/25XK,0535/FRANCE,M’novae M’Nails,KSS-2822,  1.100 ,6/18/2025
5/12/2025,5/13/2025,140/25XK,0405/MALAYSIA,YOUSHINE SOLUTION SDN BHD.,C.04-12,  480 ,6/26/2025
5/12/2025,5/13/2025,140/25XK,0405/MALAYSIA,YOUSHINE SOLUTION SDN BHD.,C.04-14,  780 ,6/26/2025
5/12/2025,5/13/2025,140/25XK,0405/MALAYSIA,YOUSHINE SOLUTION SDN BHD.,C.05-12,  360 ,6/26/2025
5/12/2025,5/13/2025,140/25XK,0405/MALAYSIA,YOUSHINE SOLUTION SDN BHD.,C.07-12,  960 ,6/26/2025
5/12/2025,5/13/2025,140/25XK,0405/MALAYSIA,YOUSHINE SOLUTION SDN BHD.,C.07-14,  1.020 ,6/26/2025
5/12/2025,5/13/2025,140/25XK,0405/MALAYSIA,YOUSHINE SOLUTION SDN BHD.,C.07-3.5MM,  300 ,6/26/2025
5/12/2025,5/13/2025,140/25XK,0405/MALAYSIA,YOUSHINE SOLUTION SDN BHD.,C.112,  240 ,6/26/2025
5/12/2025,5/13/2025,140/25XK,0405/MALAYSIA,YOUSHINE SOLUTION SDN BHD.,CL.201-12,  120 ,6/26/2025
5/12/2025,5/13/2025,140/25XK,0405/MALAYSIA,YOUSHINE SOLUTION SDN BHD.,NC.01,  180 ,6/26/2025
5/12/2025,5/13/2025,140/25XK,0405/MALAYSIA,YOUSHINE SOLUTION SDN BHD.,NC.02,  180 ,6/26/2025
5/12/2025,5/13/2025,140/25XK,0405/MALAYSIA,YOUSHINE SOLUTION SDN BHD.,P.03,  120 ,6/26/2025
5/12/2025,5/13/2025,140/25XK,0405/MALAYSIA,YOUSHINE SOLUTION SDN BHD.,P.08,  60 ,6/26/2025
5/12/2025,5/13/2025,140/25XK,0405/MALAYSIA,YOUSHINE SOLUTION SDN BHD.,P.10,  240 ,6/26/2025
5/9/2025,5/13/2025,141/25XK,0589/ISRAEL,Dmitri Samsonenko ,KD2-2885,  500 ,6/27/2025
5/9/2025,5/13/2025,141/25XK,0589/ISRAEL,Dmitri Samsonenko ,KD2-2886,  500 ,6/27/2025
5/9/2025,5/13/2025,141/25XK,0589/ISRAEL,Dmitri Samsonenko ,KM2-2887,  500 ,6/27/2025
5/12/2025,5/13/2025,142/25XK,0210/JAPAN,"BEAUTY NAILER CO.,LTD.",CL.101C-12,  1.000 ,6/27/2025
5/12/2025,5/13/2025,142/25XK,0210/JAPAN,"BEAUTY NAILER CO.,LTD.",P.04,  1.000 ,6/21/2025
5/13/2025,5/13/2025,143/25XK,0395/ESTONIA, VIIS ILUSALONG ( MOSAIC ),KSK-1288,  500 ,5/31/2025
5/13/2025,5/13/2025,143/25XK,0395/ESTONIA, VIIS ILUSALONG ( MOSAIC ),KSK-1661,  500 ,5/31/2025
5/13/2025,5/14/2025,144/25ND,B2B,DƯỢC PHẨM BOSTON,MD.32,  305 ,5/22/2025
5/13/2025,5/14/2025,145/25XK,0527/KOREA,"COZLAB CO, LTD",C.07-6mm,  5.000 ,6/23/2025
5/16/2025,5/20/2025,146/25XK,0047/ITALY,GIMAP SRL,KD2-2812,  240 ,6/28/2025
5/16/2025,5/20/2025,146/25XK,0047/ITALY,GIMAP SRL,KD3-2814,  240 ,6/28/2025
5/20/2025,5/20/2025,147/25XK,0580/UAE,LIGHT SPEED GENERAL TRADING L.L.C,KD2-2909,  500 ,7/9/2025
5/20/2025,5/20/2025,147/25XK,0580/UAE,LIGHT SPEED GENERAL TRADING L.L.C,KM2-2906,  500 ,7/9/2025
5/20/2025,5/20/2025,147/25XK,0580/UAE,LIGHT SPEED GENERAL TRADING L.L.C,KSB-2907,  500 ,7/9/2025
5/20/2025,5/20/2025,147/25XK,0580/UAE,LIGHT SPEED GENERAL TRADING L.L.C,KSK-2908,  500 ,7/9/2025
5/20/2025,5/20/2025,147/25XK,0580/UAE,LIGHT SPEED GENERAL TRADING L.L.C,KSN-2905,  500 ,7/9/2025
5/20/2025,5/20/2025,147/25XK,0580/UAE,LIGHT SPEED GENERAL TRADING L.L.C,KSS-2902,  500 ,7/9/2025
5/20/2025,5/20/2025,147/25XK,0580/UAE,LIGHT SPEED GENERAL TRADING L.L.C,KSS-2903,  500 ,7/9/2025
5/20/2025,5/20/2025,147/25XK,0580/UAE,LIGHT SPEED GENERAL TRADING L.L.C,KSS-2904,  500 ,7/9/2025
5/21/2025,5/27/2025,148/25XK,0563/GERMANY,OLENA,C.07-6MM,  120 ,7/10/2025
5/21/2025,5/27/2025,148/25XK,0563/GERMANY,OLENA,CL.206-6MM,  120 ,7/10/2025
5/21/2025,5/27/2025,148/25XK,0563/GERMANY,OLENA,CL.206-7MM,  120 ,7/10/2025
5/21/2025,5/27/2025,148/25XK,0563/GERMANY,OLENA,CL.211-10MM,  120 ,7/10/2025
5/21/2025,5/27/2025,148/25XK,0563/GERMANY,OLENA,CL.223-8MM,  120 ,7/10/2025
5/21/2025,5/27/2025,148/25XK,0563/GERMANY,OLENA,KD.701,  120 ,7/10/2025
5/21/2025,5/27/2025,148/25XK,0563/GERMANY,OLENA,KD.704,  120 ,7/10/2025
5/21/2025,5/27/2025,148/25XK,0563/GERMANY,OLENA,KD.705,  120 ,7/10/2025
5/21/2025,5/27/2025,148/25XK,0563/GERMANY,OLENA,KD.707,  120 ,7/10/2025
5/21/2025,5/27/2025,148/25XK,0563/GERMANY,OLENA,KD.718,  120 ,7/10/2025
5/21/2025,5/27/2025,148/25XK,0563/GERMANY,OLENA,P.08,  120 ,7/10/2025
5/21/2025,5/27/2025,148/25XK,0563/GERMANY,OLENA,P.13,  120 ,7/10/2025
5/22/2025,5/22/2025,149/25XK,0544/LEBANON,FREDDY HOUSE LEBANON,C.01G-14,  180 ,6/23/2025
5/22/2025,5/22/2025,149/25XK,0544/LEBANON,FREDDY HOUSE LEBANON,C.111,  480 ,6/23/2025
5/22/2025,5/22/2025,149/25XK,0544/LEBANON,FREDDY HOUSE LEBANON,C.114,  480 ,6/23/2025
5/22/2025,5/22/2025,149/25XK,0544/LEBANON,FREDDY HOUSE LEBANON,C.118-14,  1.200 ,6/23/2025
5/22/2025,5/22/2025,149/25XK,0544/LEBANON,FREDDY HOUSE LEBANON,C.35-12,  360 ,6/23/2025
5/22/2025,5/22/2025,149/25XK,0544/LEBANON,FREDDY HOUSE LEBANON,C.35-14,  480 ,6/23/2025
5/22/2025,5/27/2025,150/25XK,0542/TURKEY,DOĞUŞ KOZMETİK GIDA İNŞ. TURZ. TİC. A.Ş.,C.04TR-5mm,  1.000 ,7/19/2025
5/22/2025,5/27/2025,150/25XK,0542/TURKEY,DOĞUŞ KOZMETİK GIDA İNŞ. TURZ. TİC. A.Ş.,C.04TR-7mm,  1.000 ,7/19/2025
5/22/2025,5/27/2025,150/25XK,0542/TURKEY,DOĞUŞ KOZMETİK GIDA İNŞ. TURZ. TİC. A.Ş.,C.06TR-5mm,  1.200 ,7/19/2025
5/22/2025,5/27/2025,150/25XK,0542/TURKEY,DOĞUŞ KOZMETİK GIDA İNŞ. TURZ. TİC. A.Ş.,C.07TR-7mm,  1.200 ,7/19/2025
5/22/2025,5/27/2025,150/25XK,0542/TURKEY,DOĞUŞ KOZMETİK GIDA İNŞ. TURZ. TİC. A.Ş.,C.08TR-5mm,  1.200 ,7/19/2025
5/22/2025,5/27/2025,150/25XK,0542/TURKEY,DOĞUŞ KOZMETİK GIDA İNŞ. TURZ. TİC. A.Ş.,C.36TR-5mm,  1.500 ,7/19/2025
5/22/2025,5/27/2025,150/25XK,0542/TURKEY,DOĞUŞ KOZMETİK GIDA İNŞ. TURZ. TİC. A.Ş.,C.36TR-7mm,  1.200 ,7/19/2025
5/22/2025,5/27/2025,150/25XK,0542/TURKEY,DOĞUŞ KOZMETİK GIDA İNŞ. TURZ. TİC. A.Ş.,CL.101TR-5mm,  1.000 ,7/19/2025
5/22/2025,5/27/2025,150/25XK,0542/TURKEY,DOĞUŞ KOZMETİK GIDA İNŞ. TURZ. TİC. A.Ş.,CL.206TR-5mm,  1.200 ,7/19/2025
5/22/2025,5/27/2025,150/25XK,0542/TURKEY,DOĞUŞ KOZMETİK GIDA İNŞ. TURZ. TİC. A.Ş.,CL.221TR-10mm,  1.000 ,7/19/2025
5/22/2025,5/27/2025,150/25XK,0542/TURKEY,DOĞUŞ KOZMETİK GIDA İNŞ. TURZ. TİC. A.Ş.,CL.223TR-8mm,  1.000 ,7/19/2025
5/22/2025,5/27/2025,150/25XK,0542/TURKEY,DOĞUŞ KOZMETİK GIDA İNŞ. TURZ. TİC. A.Ş.,CL.S01TR-5mm,  1.000 ,7/19/2025
5/22/2025,5/27/2025,150/25XK,0542/TURKEY,DOĞUŞ KOZMETİK GIDA İNŞ. TURZ. TİC. A.Ş.,CL.S01TR-6mm,  1.000 ,7/19/2025
5/22/2025,5/27/2025,150/25XK,0542/TURKEY,DOĞUŞ KOZMETİK GIDA İNŞ. TURZ. TİC. A.Ş.,CL.S01TR-7mm,  1.000 ,7/19/2025
5/22/2025,5/27/2025,150/25XK,0542/TURKEY,DOĞUŞ KOZMETİK GIDA İNŞ. TURZ. TİC. A.Ş.,KD.714TR,  5.000 ,7/22/2025
5/22/2025,5/27/2025,150/25XK,0542/TURKEY,DOĞUŞ KOZMETİK GIDA İNŞ. TURZ. TİC. A.Ş.,KD.715TR,  5.000 ,7/22/2025
5/22/2025,5/27/2025,150/25XK,0542/TURKEY,DOĞUŞ KOZMETİK GIDA İNŞ. TURZ. TİC. A.Ş.,KD.716TR,  5.000 ,7/22/2025
5/22/2025,5/27/2025,150/25XK,0542/TURKEY,DOĞUŞ KOZMETİK GIDA İNŞ. TURZ. TİC. A.Ş.,KD.718TR,  2.000 ,7/22/2025
5/22/2025,5/27/2025,150/25XK,0542/TURKEY,DOĞUŞ KOZMETİK GIDA İNŞ. TURZ. TİC. A.Ş.,NL.201TR,  1.000 ,7/19/2025
5/22/2025,5/27/2025,150/25XK,0542/TURKEY,DOĞUŞ KOZMETİK GIDA İNŞ. TURZ. TİC. A.Ş.,NL.202TR,  1.000 ,7/19/2025
5/22/2025,5/27/2025,150/25XK,0542/TURKEY,DOĞUŞ KOZMETİK GIDA İNŞ. TURZ. TİC. A.Ş.,NL.205TR,  1.000 ,7/19/2025
5/22/2025,5/23/2025,151/25XK,0579/FRANCE,EUGEN,KSK-2274,  100 ,5/31/2025
5/22/2025,5/23/2025,151/25XK,0579/FRANCE,EUGEN,KSK-2928,  50 ,5/31/2025
5/23/2025,5/23/2025,152/25ND,MKT,MAKETING,D.01-14,  1 ,5/28/2025
5/23/2025,5/23/2025,152/25ND,MKT,MAKETING,D.01-16,  1 ,5/28/2025
5/23/2025,5/23/2025,152/25ND,MKT,MAKETING,D.03-14,  1 ,5/28/2025
5/23/2025,5/23/2025,152/25ND,MKT,MAKETING,D.03-16,  1 ,5/28/2025
5/23/2025,5/23/2025,152/25ND,MKT,MAKETING,D.04-14,  1 ,5/28/2025
5/23/2025,5/23/2025,152/25ND,MKT,MAKETING,D.04-16,  1 ,5/28/2025
5/23/2025,5/23/2025,152/25ND,MKT,MAKETING,D.05-14,  1 ,5/28/2025
5/23/2025,5/23/2025,152/25ND,MKT,MAKETING,D.05-16,  1 ,5/28/2025
5/23/2025,5/23/2025,152/25ND,MKT,MAKETING,D.05V-14,  1 ,5/28/2025
5/23/2025,5/23/2025,152/25ND,MKT,MAKETING,D.05V-16,  1 ,5/28/2025
5/23/2025,5/23/2025,152/25ND,MKT,MAKETING,D.06-14,  1 ,5/28/2025
5/23/2025,5/23/2025,152/25ND,MKT,MAKETING,D.06-16,  1 ,5/28/2025
5/23/2025,5/23/2025,152/25ND,MKT,MAKETING,D.07-14,  1 ,5/28/2025
5/23/2025,5/23/2025,152/25ND,MKT,MAKETING,D.07-16,  1 ,5/28/2025
5/23/2025,5/23/2025,152/25ND,MKT,MAKETING,D.08-14,  1 ,5/28/2025
5/23/2025,5/23/2025,152/25ND,MKT,MAKETING,D.08-16,  1 ,5/28/2025
5/23/2025,5/23/2025,152/25ND,MKT,MAKETING,D.09-14,  1 ,5/28/2025
5/23/2025,5/23/2025,152/25ND,MKT,MAKETING,D.09-16,  1 ,5/28/2025
5/23/2025,5/23/2025,152/25ND,MKT,MAKETING,GS.07CC,  4 ,5/28/2025
5/23/2025,5/23/2025,152/25ND,MKT,MAKETING,GS.EVO-01,  4 ,5/28/2025
5/23/2025,5/23/2025,152/25ND,MKT,MAKETING,M.13,  4 ,5/28/2025
5/23/2025,5/23/2025,152/25ND,MKT,MAKETING,M.14,  4 ,5/28/2025
5/23/2025,5/27/2025,153/25XK,0556/ITALY,DIANANAIL SRLS,C.07-5MM,  120 ,7/14/2025
5/23/2025,5/27/2025,153/25XK,0556/ITALY,DIANANAIL SRLS,C.07-7MM,  120 ,7/14/2025
5/23/2025,5/27/2025,153/25XK,0556/ITALY,DIANANAIL SRLS,CL.101-5MM,  120 ,7/14/2025
5/23/2025,5/27/2025,153/25XK,0556/ITALY,DIANANAIL SRLS,CL.206-5MM,  120 ,7/14/2025
5/23/2025,5/27/2025,153/25XK,0556/ITALY,DIANANAIL SRLS,CL.206-7MM,  120 ,7/14/2025
5/23/2025,5/27/2025,153/25XK,0556/ITALY,DIANANAIL SRLS,CL.223-8MM,  120 ,7/14/2025
5/23/2025,5/27/2025,153/25XK,0556/ITALY,DIANANAIL SRLS,CL.S01-5MM,  120 ,7/14/2025
5/23/2025,5/27/2025,153/25XK,0556/ITALY,DIANANAIL SRLS,CL.S02-5MM,  120 ,7/14/2025
5/23/2025,5/27/2025,153/25XK,0556/ITALY,DIANANAIL SRLS,KD.43,  120 ,7/14/2025
5/23/2025,5/27/2025,153/25XK,0556/ITALY,DIANANAIL SRLS,KD.701,  120 ,7/14/2025
5/23/2025,5/27/2025,153/25XK,0556/ITALY,DIANANAIL SRLS,KD.704,  120 ,7/14/2025
5/23/2025,5/27/2025,153/25XK,0556/ITALY,DIANANAIL SRLS,KD.707,  120 ,7/14/2025
5/23/2025,5/27/2025,153/25XK,0556/ITALY,DIANANAIL SRLS,KD.712,  120 ,7/14/2025
5/23/2025,5/27/2025,153/25XK,0556/ITALY,DIANANAIL SRLS,KD.715,  240 ,7/14/2025
5/23/2025,5/27/2025,153/25XK,0556/ITALY,DIANANAIL SRLS,KD.716,  120 ,7/14/2025
5/23/2025,5/27/2025,153/25XK,0556/ITALY,DIANANAIL SRLS,KD.718,  120 ,7/14/2025
5/23/2025,5/27/2025,153/25XK,0556/ITALY,DIANANAIL SRLS,KDM.717,  120 ,7/14/2025
5/23/2025,5/27/2025,153/25XK,0556/ITALY,DIANANAIL SRLS,KDN.721,  120 ,7/14/2025
5/23/2025,5/27/2025,153/25XK,0556/ITALY,DIANANAIL SRLS,NL.201,  120 ,7/14/2025
5/23/2025,5/27/2025,153/25XK,0556/ITALY,DIANANAIL SRLS,NL.205,  120 ,7/14/2025
5/23/2025,5/27/2025,153/25XK,0556/ITALY,DIANANAIL SRLS,NL.210,  120 ,7/14/2025
5/23/2025,5/27/2025,153/25XK,0556/ITALY,DIANANAIL SRLS,P.08,  120 ,7/14/2025
5/23/2025,5/27/2025,153/25XK,0556/ITALY,DIANANAIL SRLS,P.10,  120 ,7/14/2025
5/23/2025,5/27/2025,153/25XK,0556/ITALY,DIANANAIL SRLS,P.12,  120 ,7/14/2025
5/23/2025,5/27/2025,153/25XK,0556/ITALY,DIANANAIL SRLS,P.13,  120 ,7/14/2025
5/23/2025,5/27/2025,153/25XK,0556/ITALY,DIANANAIL SRLS,P.14,  120 ,7/14/2025
5/23/2025,5/27/2025,153/25XK,0556/ITALY,DIANANAIL SRLS,P.15,  120 ,7/14/2025
5/23/2025,5/27/2025,153/25XK,0556/ITALY,DIANANAIL SRLS,P.17,  120 ,7/14/2025
5/23/2025,5/27/2025,153/25XK,0556/ITALY,DIANANAIL SRLS,P.22,  120 ,7/14/2025
5/23/2025,5/27/2025,153/25XK,0556/ITALY,DIANANAIL SRLS,T.10,  120 ,7/14/2025
5/23/2025,5/27/2025,154/25XK,0505/PORTUGAL,DUOBEAUTY UNIPESSOAL LDA,KD2-2896,  200 ,7/15/2025
5/23/2025,5/27/2025,155/25XK,0047/ITALY,GIMAP SRL,KD2-2810,  1.000 ,7/10/2025
5/23/2025,5/27/2025,155/25XK,0047/ITALY,GIMAP SRL,KD2-2813,  1.000 ,7/10/2025
5/23/2025,5/27/2025,155/25XK,0047/ITALY,GIMAP SRL,KD2-2929,  500 ,7/10/2025
5/23/2025,5/27/2025,155/25XK,0047/ITALY,GIMAP SRL,KD2-2930,  500 ,7/10/2025
5/23/2025,5/27/2025,156/25XK,0539/GERMANY,Heiko Wild,KM2-2664,  200 ,7/15/2025
5/23/2025,5/27/2025,156/25XK,0539/GERMANY,Heiko Wild,KSK-2214,  1.000 ,7/15/2025
5/23/2025,5/27/2025,156/25XK,0539/GERMANY,Heiko Wild,KSK-2587,  500 ,7/15/2025
5/27/2025,5/27/2025,157/25ND,B2B,HWACHEON MACHINE,GS.12TC,  100 ,6/16/2025
5/27/2025,5/27/2025,158/25XK,0286/SPAIN,INDUSTRIAS ORIOL 1942 S.L.,KD2-0609,  1.000 ,7/16/2025
5/27/2025,5/27/2025,158/25XK,0286/SPAIN,INDUSTRIAS ORIOL 1942 S.L.,KD2-0610,  1.000 ,7/16/2025
5/27/2025,5/28/2025,159/25XK,0543/LITHUANIA,UAB “Plienas Meistras”,KSK-2284,  500 ,6/5/2025
5/27/2025,5/28/2025,159/25XK,0543/LITHUANIA,UAB “Plienas Meistras”,KSS-2705,  300 ,6/5/2025
5/27/2025,5/28/2025,159/25XK,0543/LITHUANIA,UAB “Plienas Meistras”,KSS-2707,  200 ,6/5/2025
5/27/2025,5/28/2025,159/25XK,0543/LITHUANIA,UAB “Plienas Meistras”,KSS-2708,  400 ,6/5/2025
5/29/2025,5/29/2025,160/25XK,0573/BRAZIL,Vicente and Teixeira Cosmetics Ltd,KD2-2665,  50 ,6/5/2025
5/29/2025,5/29/2025,160/25XK,0573/BRAZIL,Vicente and Teixeira Cosmetics Ltd,KD2-2666,  50 ,6/5/2025
5/29/2025,5/29/2025,160/25XK,0573/BRAZIL,Vicente and Teixeira Cosmetics Ltd,KSK-2667,  300 ,6/5/2025
5/29/2025,5/29/2025,160/25XK,0573/BRAZIL,Vicente and Teixeira Cosmetics Ltd,KSK-2668,  150 ,6/5/2025
5/29/2025,5/29/2025,160/25XK,0573/BRAZIL,Vicente and Teixeira Cosmetics Ltd,KSK-2671,  100 ,6/5/2025
5/29/2025,5/29/2025,160/25XK,0573/BRAZIL,Vicente and Teixeira Cosmetics Ltd,KSS-2669,  100 ,6/5/2025
5/29/2025,5/29/2025,160/25XK,0573/BRAZIL,Vicente and Teixeira Cosmetics Ltd,KSS-2670,  100 ,6/5/2025
6/2/2025,6/5/2025,161/25XK,0531/CHINA,"TONG DE INDUSTRY AND TRADE (YANGJIANG YANGDONG DISTRICT) CO., LTD",CL.206-7MM,  720 ,7/18/2025
6/2/2025,6/5/2025,161/25XK,0531/CHINA,"TONG DE INDUSTRY AND TRADE (YANGJIANG YANGDONG DISTRICT) CO., LTD",KD.709,  720 ,7/18/2025
6/2/2025,6/5/2025,161/25XK,0531/CHINA,"TONG DE INDUSTRY AND TRADE (YANGJIANG YANGDONG DISTRICT) CO., LTD",KD.712,  720 ,7/18/2025
6/2/2025,6/5/2025,161/25XK,0531/CHINA,"TONG DE INDUSTRY AND TRADE (YANGJIANG YANGDONG DISTRICT) CO., LTD",KD.716,  720 ,7/18/2025
6/2/2025,6/5/2025,161/25XK,0531/CHINA,"TONG DE INDUSTRY AND TRADE (YANGJIANG YANGDONG DISTRICT) CO., LTD",KD2-2494,  2.000 ,7/18/2025
6/2/2025,6/5/2025,161/25XK,0531/CHINA,"TONG DE INDUSTRY AND TRADE (YANGJIANG YANGDONG DISTRICT) CO., LTD",KDT-2939,  1.000 ,7/18/2025
6/2/2025,6/5/2025,161/25XK,0531/CHINA,"TONG DE INDUSTRY AND TRADE (YANGJIANG YANGDONG DISTRICT) CO., LTD",KSK-2936,  500 ,7/18/2025
6/2/2025,6/5/2025,161/25XK,0531/CHINA,"TONG DE INDUSTRY AND TRADE (YANGJIANG YANGDONG DISTRICT) CO., LTD",KSK-2937,  500 ,7/18/2025
6/2/2025,6/5/2025,161/25XK,0531/CHINA,"TONG DE INDUSTRY AND TRADE (YANGJIANG YANGDONG DISTRICT) CO., LTD",KSK-2938,  500 ,7/18/2025
6/2/2025,6/5/2025,161/25XK,0531/CHINA,"TONG DE INDUSTRY AND TRADE (YANGJIANG YANGDONG DISTRICT) CO., LTD",NL.202,  720 ,7/18/2025
6/2/2025,6/5/2025,161/25XK,0531/CHINA,"TONG DE INDUSTRY AND TRADE (YANGJIANG YANGDONG DISTRICT) CO., LTD",NL.205,  720 ,7/18/2025
6/4/2025,6/5/2025,162/25XK,0544/LEBANON,FREDDY HOUSE LEBANON,ES.04,  144 ,6/16/2025
6/4/2025,6/5/2025,162/25XK,0544/LEBANON,FREDDY HOUSE LEBANON,KD.43,  80 ,6/16/2025
6/4/2025,6/5/2025,162/25XK,0544/LEBANON,FREDDY HOUSE LEBANON,KD.704,  144 ,6/16/2025
6/4/2025,6/5/2025,162/25XK,0544/LEBANON,FREDDY HOUSE LEBANON,KD.707,  144 ,6/16/2025
6/4/2025,6/5/2025,162/25XK,0544/LEBANON,FREDDY HOUSE LEBANON,NC.01,  288 ,6/16/2025
6/4/2025,6/5/2025,162/25XK,0544/LEBANON,FREDDY HOUSE LEBANON,P.01,  80 ,6/16/2025
6/4/2025,6/5/2025,162/25XK,0544/LEBANON,FREDDY HOUSE LEBANON,P.02,  80 ,6/16/2025
6/4/2025,6/5/2025,162/25XK,0544/LEBANON,FREDDY HOUSE LEBANON,P.12,  80 ,6/16/2025
6/4/2025,6/5/2025,162/25XK,0544/LEBANON,FREDDY HOUSE LEBANON,P.14,  80 ,6/16/2025
6/4/2025,6/5/2025,163/25XK,0040/ITALY,WICTOR SRL,KD2.2-2933,  1.000 ,7/19/2025
6/4/2025,6/5/2025,163/25XK,0040/ITALY,WICTOR SRL,KD2-0124,  500 ,7/19/2025
6/4/2025,6/5/2025,163/25XK,0040/ITALY,WICTOR SRL,KD2-0666,  500 ,7/19/2025
6/4/2025,6/5/2025,163/25XK,0040/ITALY,WICTOR SRL,KSK-2897,  300 ,7/19/2025
6/4/2025,6/5/2025,163/25XK,0040/ITALY,WICTOR SRL,KSK-2898,  300 ,7/19/2025
6/4/2025,6/5/2025,163/25XK,0040/ITALY,WICTOR SRL,KSK-2899,  300 ,7/19/2025
6/4/2025,6/5/2025,163/25XK,0040/ITALY,WICTOR SRL,KSK-2900,  300 ,7/19/2025
6/4/2025,6/5/2025,163/25XK,0040/ITALY,WICTOR SRL,KSK-2901,  300 ,7/19/2025
6/4/2025,6/5/2025,164/25XK,0590/RUSSIA,RUNAIL PROFESSIONAL,KD2-2953,  2.000 ,7/22/2025
6/4/2025,6/5/2025,164/25XK,0590/RUSSIA,RUNAIL PROFESSIONAL,KD2-2954,  2.000 ,7/22/2025
6/4/2025,6/5/2025,164/25XK,0590/RUSSIA,RUNAIL PROFESSIONAL,KSS-2955,  2.000 ,7/22/2025
6/4/2025,6/5/2025,164/25XK,0590/RUSSIA,RUNAIL PROFESSIONAL,KSS-2956,  2.000 ,7/22/2025
6/5/2025,6/9/2025,165/25XK,0531/CHINA,"TONG DE INDUSTRY AND TRADE (YANGJIANG YANGDONG DISTRICT) CO., LTD",KD2-2941,  500 ,7/25/2025
6/5/2025,6/9/2025,165/25XK,0531/CHINA,"TONG DE INDUSTRY AND TRADE (YANGJIANG YANGDONG DISTRICT) CO., LTD",KD2-2942,  500 ,7/25/2025
6/5/2025,6/9/2025,165/25XK,0531/CHINA,"TONG DE INDUSTRY AND TRADE (YANGJIANG YANGDONG DISTRICT) CO., LTD",KD2-2943,  500 ,7/25/2025
6/5/2025,6/9/2025,165/25XK,0531/CHINA,"TONG DE INDUSTRY AND TRADE (YANGJIANG YANGDONG DISTRICT) CO., LTD",KD2-2944,  1.000 ,7/25/2025
6/5/2025,6/9/2025,165/25XK,0531/CHINA,"TONG DE INDUSTRY AND TRADE (YANGJIANG YANGDONG DISTRICT) CO., LTD",KD2-2945,  1.000 ,7/25/2025
6/5/2025,6/9/2025,165/25XK,0531/CHINA,"TONG DE INDUSTRY AND TRADE (YANGJIANG YANGDONG DISTRICT) CO., LTD",KD2-2946,  1.000 ,7/25/2025
6/5/2025,6/9/2025,165/25XK,0531/CHINA,"TONG DE INDUSTRY AND TRADE (YANGJIANG YANGDONG DISTRICT) CO., LTD",KD2-2947,  500 ,7/25/2025
6/5/2025,6/9/2025,165/25XK,0531/CHINA,"TONG DE INDUSTRY AND TRADE (YANGJIANG YANGDONG DISTRICT) CO., LTD",KD2-2948,  500 ,7/25/2025
6/5/2025,6/9/2025,165/25XK,0531/CHINA,"TONG DE INDUSTRY AND TRADE (YANGJIANG YANGDONG DISTRICT) CO., LTD",KD2-2949,  500 ,7/25/2025
6/5/2025,6/9/2025,165/25XK,0531/CHINA,"TONG DE INDUSTRY AND TRADE (YANGJIANG YANGDONG DISTRICT) CO., LTD",KD2-2950,  500 ,7/25/2025
6/5/2025,6/9/2025,165/25XK,0531/CHINA,"TONG DE INDUSTRY AND TRADE (YANGJIANG YANGDONG DISTRICT) CO., LTD",KD2-2951,  500 ,7/25/2025
6/5/2025,6/9/2025,165/25XK,0531/CHINA,"TONG DE INDUSTRY AND TRADE (YANGJIANG YANGDONG DISTRICT) CO., LTD",KD2-2952,  500 ,7/25/2025
6/5/2025,6/9/2025,165/25XK,0531/CHINA,"TONG DE INDUSTRY AND TRADE (YANGJIANG YANGDONG DISTRICT) CO., LTD",KM2-2940,  500 ,7/25/2025
6/4/2025,6/11/2025,166/25XK,0553/ISRAEL,ROYAL DENTAL,KSK-2758,  500 ,7/26/2025
6/4/2025,6/11/2025,166/25XK,0553/ISRAEL,ROYAL DENTAL,KSK-2759,  500 ,7/26/2025
6/4/2025,6/11/2025,166/25XK,0553/ISRAEL,ROYAL DENTAL,KSN-2756,  500 ,7/26/2025
6/4/2025,6/11/2025,166/25XK,0553/ISRAEL,ROYAL DENTAL,KSS-2757,  500 ,7/26/2025
6/11/2025,6/11/2025,167/25XK,0593/AUSTRALIA,Client 3N PTY LTD,C.03-14,  120 ,6/23/2025
6/11/2025,6/11/2025,167/25XK,0593/AUSTRALIA,Client 3N PTY LTD,C.03-16,  180 ,6/23/2025
6/11/2025,6/11/2025,167/25XK,0593/AUSTRALIA,Client 3N PTY LTD,C.05-14,  120 ,6/23/2025
6/11/2025,6/11/2025,167/25XK,0593/AUSTRALIA,Client 3N PTY LTD,C.05-16,  180 ,6/23/2025
6/11/2025,6/11/2025,167/25XK,0593/AUSTRALIA,Client 3N PTY LTD,C.111,  360 ,6/23/2025
6/11/2025,6/11/2025,167/25XK,0593/AUSTRALIA,Client 3N PTY LTD,C.112,  600 ,6/23/2025
6/11/2025,6/11/2025,167/25XK,0593/AUSTRALIA,Client 3N PTY LTD,C.114,  120 ,6/23/2025
6/11/2025,6/11/2025,167/25XK,0593/AUSTRALIA,Client 3N PTY LTD,C.118,  180 ,6/23/2025
6/11/2025,6/11/2025,167/25XK,0593/AUSTRALIA,Client 3N PTY LTD,C.35-14,  120 ,6/23/2025
6/11/2025,6/11/2025,167/25XK,0593/AUSTRALIA,Client 3N PTY LTD,C.35-16,  180 ,6/23/2025
6/11/2025,6/11/2025,167/25XK,0593/AUSTRALIA,Client 3N PTY LTD,NC.01,  360 ,6/23/2025
6/11/2025,6/11/2025,167/25XK,0593/AUSTRALIA,Client 3N PTY LTD,NL.202,  120 ,6/23/2025
6/11/2025,6/11/2025,167/25XK,0593/AUSTRALIA,Client 3N PTY LTD,P.01,  60 ,6/23/2025
6/11/2025,6/11/2025,167/25XK,0593/AUSTRALIA,Client 3N PTY LTD,P.02,  60 ,6/23/2025
6/11/2025,6/11/2025,167/25XK,0593/AUSTRALIA,Client 3N PTY LTD,P.03,  120 ,6/23/2025
6/11/2025,6/11/2025,167/25XK,0593/AUSTRALIA,Client 3N PTY LTD,P.12,  120 ,6/23/2025
6/11/2025,6/11/2025,167/25XK,0593/AUSTRALIA,Client 3N PTY LTD,P.14,  120 ,6/23/2025
6/11/2025,6/11/2025,167/25XK,0593/AUSTRALIA,Client 3N PTY LTD,P.17,  120 ,6/23/2025
6/11/2025,6/11/2025,167/25XK,0593/AUSTRALIA,Client 3N PTY LTD,T.01BO,  60 ,6/23/2025
6/11/2025,6/11/2025,167/25XK,0593/AUSTRALIA,Client 3N PTY LTD,T.01GR,  60 ,6/23/2025
6/11/2025,6/11/2025,167/25XK,0593/AUSTRALIA,Client 3N PTY LTD,T.01PU,  60 ,6/23/2025
6/11/2025,6/11/2025,168/25XK,0592/CHILE,NAILS CHILE,C.07-3.5MM,  360 ,7/24/2025
6/11/2025,6/11/2025,168/25XK,0592/CHILE,NAILS CHILE,C.07-5mm,  600 ,7/24/2025
6/11/2025,6/11/2025,168/25XK,0592/CHILE,NAILS CHILE,C.07-7MM,  360 ,7/24/2025
6/11/2025,6/11/2025,168/25XK,0592/CHILE,NAILS CHILE,CL.S01-3.5MM,  360 ,7/24/2025
6/11/2025,6/11/2025,168/25XK,0592/CHILE,NAILS CHILE,CL.S01-7MM,  360 ,7/24/2025
6/11/2025,6/11/2025,168/25XK,0592/CHILE,NAILS CHILE,Cl.S02-5mm,  360 ,7/24/2025
6/11/2025,6/11/2025,168/25XK,0592/CHILE,NAILS CHILE,KD.701,  240 ,7/24/2025
6/11/2025,6/11/2025,168/25XK,0592/CHILE,NAILS CHILE,MD.2973,  360 ,7/24/2025
6/11/2025,6/11/2025,168/25XK,0592/CHILE,NAILS CHILE,P.08,  600 ,7/24/2025
6/11/2025,6/11/2025,168/25XK,0592/CHILE,NAILS CHILE,P.12,  400 ,7/24/2025
6/10/2025,6/11/2025,169/25XK,KDQT,HÀNG TỒN,KD2-2475,  500 ,8/2/2025
6/10/2025,6/11/2025,169/25XK,KDQT,HÀNG TỒN,KM2-1650,  800 ,8/2/2025
6/10/2025,6/11/2025,169/25XK,KDQT,HÀNG TỒN,NL.202,  -   ,8/2/2025
6/10/2025,6/11/2025,169/25XK1,KDQT,HÀNG TỒN,KD2-2475,  10 ,8/2/2025
6/12/2025,6/12/2025,170/25ND,B2B,B2B,BQT.HTH,  -   ,HỦY
6/12/2025,6/12/2025,170/25ND,B2B,HÀNG TỒN,GS.01,  400 ,8/15/2025
6/13/2025,6/13/2025,171/25XK,0312/KOREA,H2NAIL,C.07-14,  1.000 ,7/14/2025
6/12/2025,6/13/2025,172/25XK,0419/MEXICO,Oleksandr Zadorozhnyi,C.07-5mm,  180 ,7/25/2025
6/12/2025,6/13/2025,172/25XK,0419/MEXICO,Oleksandr Zadorozhnyi,C.35-5mm,  180 ,7/25/2025
6/12/2025,6/13/2025,172/25XK,0419/MEXICO,Oleksandr Zadorozhnyi,CL.206-5mm,  180 ,7/25/2025
6/12/2025,6/13/2025,172/25XK,0419/MEXICO,Oleksandr Zadorozhnyi,CL.207-7mm,  180 ,7/25/2025
6/12/2025,6/13/2025,172/25XK,0419/MEXICO,Oleksandr Zadorozhnyi,KDN.721,  600 ,7/25/2025
6/12/2025,6/13/2025,172/25XK,0419/MEXICO,Oleksandr Zadorozhnyi,NC.01,  300 ,7/25/2025
6/12/2025,6/13/2025,172/25XK,0419/MEXICO,Oleksandr Zadorozhnyi,NC.02,  300 ,7/25/2025
6/12/2025,6/13/2025,172/25XK,0419/MEXICO,Oleksandr Zadorozhnyi,NC.06,  300 ,7/25/2025
6/12/2025,6/13/2025,172/25XK,0419/MEXICO,Oleksandr Zadorozhnyi,NL.201,  300 ,7/25/2025
6/12/2025,6/13/2025,172/25XK,0419/MEXICO,Oleksandr Zadorozhnyi,NL.202,  300 ,7/25/2025
6/12/2025,6/13/2025,172/25XK,0419/MEXICO,Oleksandr Zadorozhnyi,NL.205,  180 ,7/25/2025
6/28/2025,7/1/2025,172/25XK,0419/MEXICO,Oleksandr Zadorozhnyi,P.17,  300 ,7/31/2025
6/12/2025,6/13/2025,172/25XK,0419/MEXICO,Oleksandr Zadorozhnyi,P.26-2.5mm,  500 ,7/25/2025
6/12/2025,6/13/2025,172/25XK,0419/MEXICO,Oleksandr Zadorozhnyi,P.26-2mm,  500 ,7/25/2025
6/12/2025,6/13/2025,172/25XK,0419/MEXICO,Oleksandr Zadorozhnyi,T.11,  240 ,7/25/2025
6/13/2025,6/13/2025,173/25XK,0026/GERMANY,ZWILLING Beauty Group GmbH,KSS-0367,  12.600 ,8/20/2025
6/13/2025,6/13/2025,174/25XK,0427/KOREA, MABUSA COMPANY,KD2-1341,  500 ,8/13/2025
6/13/2025,6/13/2025,174/25XK,0427/KOREA, MABUSA COMPANY,KD2-1342,  500 ,8/13/2025
6/12/2025,6/13/2025,175/25xk,0457/UK,K&K BEAUTY,KSS-2206,  500 ,7/30/2025
6/13/2025,6/13/2025,176/25XK,0270/UAE,MILIA COSMETICS MAT TR.L L C - SOLE PROPRIETORSHIP,C.03-5mm,  720 ,7/25/2025
6/13/2025,6/13/2025,176/25XK,0270/UAE,MILIA COSMETICS MAT TR.L L C - SOLE PROPRIETORSHIP,C.111,  1.200 ,7/25/2025
6/13/2025,6/13/2025,176/25XK,0270/UAE,MILIA COSMETICS MAT TR.L L C - SOLE PROPRIETORSHIP,C.112,  1.200 ,7/25/2025
6/13/2025,6/13/2025,176/25XK,0270/UAE,MILIA COSMETICS MAT TR.L L C - SOLE PROPRIETORSHIP,C.114,  1.200 ,7/25/2025
6/13/2025,6/13/2025,176/25XK,0270/UAE,MILIA COSMETICS MAT TR.L L C - SOLE PROPRIETORSHIP,C.118,  1.200 ,7/25/2025
6/13/2025,6/13/2025,176/25XK,0270/UAE,MILIA COSMETICS MAT TR.L L C - SOLE PROPRIETORSHIP,C.36-12,  6.000 ,8/13/2025
6/13/2025,6/13/2025,176/25XK,0270/UAE,MILIA COSMETICS MAT TR.L L C - SOLE PROPRIETORSHIP,CL.205-7mm,  360 ,8/13/2025
6/13/2025,6/13/2025,176/25XK,0270/UAE,MILIA COSMETICS MAT TR.L L C - SOLE PROPRIETORSHIP,CL.206-5mm,  360 ,8/13/2025
6/13/2025,6/13/2025,176/25XK,0270/UAE,MILIA COSMETICS MAT TR.L L C - SOLE PROPRIETORSHIP,KD.704,  360 ,7/25/2025
6/13/2025,6/13/2025,176/25XK,0270/UAE,MILIA COSMETICS MAT TR.L L C - SOLE PROPRIETORSHIP,N.118,  240 ,7/25/2025
6/13/2025,6/13/2025,176/25XK,0270/UAE,MILIA COSMETICS MAT TR.L L C - SOLE PROPRIETORSHIP,NC.04,  240 ,7/25/2025
6/13/2025,6/13/2025,176/25XK,0270/UAE,MILIA COSMETICS MAT TR.L L C - SOLE PROPRIETORSHIP,NC.06,  1.200 ,7/25/2025
6/13/2025,6/13/2025,176/25XK,0270/UAE,MILIA COSMETICS MAT TR.L L C - SOLE PROPRIETORSHIP,P.03,  240 ,7/25/2025
6/13/2025,6/13/2025,176/25XK,0270/UAE,MILIA COSMETICS MAT TR.L L C - SOLE PROPRIETORSHIP,P.08,  240 ,7/25/2025
6/13/2025,6/13/2025,176/25XK,0270/UAE,MILIA COSMETICS MAT TR.L L C - SOLE PROPRIETORSHIP,P.09,  240 ,7/25/2025
6/13/2025,6/13/2025,176/25XK,0270/UAE,MILIA COSMETICS MAT TR.L L C - SOLE PROPRIETORSHIP,P.12,  1.200 ,7/25/2025
6/13/2025,6/13/2025,176/25XK,0270/UAE,MILIA COSMETICS MAT TR.L L C - SOLE PROPRIETORSHIP,T.03,  600 ,8/13/2025
6/13/2025,6/13/2025,176/25XK,0270/UAE,MILIA COSMETICS MAT TR.L L C - SOLE PROPRIETORSHIP,T.04,  600 ,7/25/2025
6/13/2025,6/13/2025,176/25XK,0270/UAE,MILIA COSMETICS MAT TR.L L C - SOLE PROPRIETORSHIP,T.09,  240 ,7/25/2025
6/12/2025,6/18/2025,177/25XK,0531/CHINA,"TONG DE INDUSTRY AND TRADE (YANGJIANG YANGDONG DISTRICT) CO., LTD",KD2-2809,  500 ,8/4/2025
6/16/2025,6/18/2025,178/25XK,0531/CHINA,"TONG DE INDUSTRY AND TRADE (YANGJIANG YANGDONG DISTRICT) CO., LTD",KSK-2975,  500 ,7/21/2025
6/16/2025,6/18/2025,179/25xk,0594/HUNGARY,PERFECT NAILS LTD,KSK-2093,  500 ,7/28/2025
6/17/2025,6/18/2025,180/25xk,0003/JAPAN,BLUE INC,KD2-0266,  4.000 ,8/20/2025
6/17/2025,6/18/2025,180/25xk,0003/JAPAN,BLUE INC,KD2-0984,  500 ,8/20/2025
6/17/2025,6/18/2025,181/25XK,KDQT,HÀNG TỒN,C.36-5MM,  2.800 ,8/25/2025
6/17/2025,6/18/2025,181/25XK,KDQT,HÀNG TỒN,KM2-1487,  500 ,8/12/2025
6/17/2025,6/18/2025,181/25XK,KDQT,HÀNG TỒN,NL.205,  360 ,8/12/2025
6/17/2025,6/18/2025,182/25ND,B2B,VCB SÀI GÒN,BQT.VCB SG01,  50 ,7/28/2025
6/17/2025,6/18/2025,182/25ND,B2B,VCB SÀI GÒN,BQT.VCB SG02,  200 ,7/17/2025
6/17/2025,6/18/2025,182/25ND,B2B,VCB SÀI GÒN,BQT.VCB SG03,  50 ,7/28/2025
6/18/2025,6/19/2025,183/25XK,0543/LITHUANIA,UAB “Plienas Meistras”,KSK-2284,  500 ,6/26/2025
6/16/2025,6/19/2025,184/25XK,0591/UK,Navy Professional,KD2-2964,  1.000 ,8/22/2025
6/16/2025,6/19/2025,184/25XK,0591/UK,Navy Professional,KD2-2965,  1.000 ,8/22/2025
6/16/2025,6/19/2025,184/25XK,0591/UK,Navy Professional,KM2-2966,  200 ,8/22/2025
6/16/2025,6/19/2025,184/25XK,0591/UK,Navy Professional,KSB-2785,  500 ,8/22/2025
6/16/2025,6/19/2025,184/25XK,0591/UK,Navy Professional,KSK-2786,  200 ,8/22/2025
6/16/2025,6/19/2025,184/25XK,0591/UK,Navy Professional,KSK-2787,  200 ,8/22/2025
6/16/2025,6/19/2025,184/25XK,0591/UK,Navy Professional,KSK-2788,  400 ,8/22/2025
6/16/2025,6/19/2025,184/25XK,0591/UK,Navy Professional,KSN-2797,  200 ,8/22/2025
6/16/2025,6/19/2025,184/25XK,0591/UK,Navy Professional,KSN-2798,  150 ,8/22/2025
6/16/2025,6/19/2025,184/25XK,0591/UK,Navy Professional,KSN-2799,  100 ,8/22/2025
6/16/2025,6/19/2025,184/25XK,0591/UK,Navy Professional,KSS-2789,  200 ,8/22/2025
6/16/2025,6/19/2025,184/25XK,0591/UK,Navy Professional,KSS-2790,  1.000 ,8/22/2025
6/16/2025,6/19/2025,184/25XK,0591/UK,Navy Professional,KSS-2791,  1.000 ,8/22/2025
6/16/2025,6/19/2025,184/25XK,0591/UK,Navy Professional,KSS-2792,  200 ,8/22/2025
6/16/2025,6/19/2025,184/25XK,0591/UK,Navy Professional,KSS-2793,  100 ,8/22/2025
6/16/2025,6/19/2025,184/25XK,0591/UK,Navy Professional,KSS-2794,  100 ,8/22/2025
6/16/2025,6/19/2025,184/25XK,0591/UK,Navy Professional,KSS-2795,  100 ,8/22/2025
6/16/2025,6/19/2025,184/25XK,0591/UK,Navy Professional,KSS-2800,  200 ,8/22/2025
6/16/2025,6/19/2025,184/25XK,0591/UK,Navy Professional,KSS-2801,  200 ,8/22/2025
6/16/2025,6/19/2025,184/25XK1,0591/UK,Navy Professional,KD2-2965,  600 ,7/30/2025
6/16/2025,6/19/2025,184/25XK1,0591/UK,Navy Professional,KSB-2785,  600 ,7/30/2025
6/16/2025,6/19/2025,184/25XK1,0591/UK,Navy Professional,KSK-2786,  600 ,7/30/2025
6/16/2025,6/19/2025,184/25XK1,0591/UK,Navy Professional,KSS-2789,  600 ,7/30/2025
6/16/2025,6/19/2025,184/25XK1,0591/UK,Navy Professional,KSS-2790,  600 ,7/30/2025
6/19/2025,6/19/2025,185/25XK,0069/POLAND,ACTIV TOMASZ PACHOLCZYK,C.111,  120 ,6/23/2025
6/19/2025,6/19/2025,185/25XK,0069/POLAND,ACTIV TOMASZ PACHOLCZYK,C.112,  120 ,6/23/2025
6/19/2025,6/19/2025,185/25XK,0069/POLAND,ACTIV TOMASZ PACHOLCZYK,C.114,  120 ,6/23/2025
6/19/2025,6/19/2025,185/25XK,0069/POLAND,ACTIV TOMASZ PACHOLCZYK,C.118,  120 ,6/23/2025
6/19/2025,6/19/2025,185/25XK,0069/POLAND,ACTIV TOMASZ PACHOLCZYK,C.35-12,  120 ,6/23/2025
6/19/2025,6/19/2025,185/25XK,0069/POLAND,ACTIV TOMASZ PACHOLCZYK,CL.223-8MM,  60 ,6/23/2025
6/19/2025,6/19/2025,185/25XK,0069/POLAND,ACTIV TOMASZ PACHOLCZYK,KD.718,  360 ,6/23/2025
6/19/2025,6/19/2025,185/25XK,0069/POLAND,ACTIV TOMASZ PACHOLCZYK,KDN.720,  60 ,6/23/2025
6/19/2025,6/19/2025,185/25XK,0069/POLAND,ACTIV TOMASZ PACHOLCZYK,KDN.721,  60 ,6/23/2025
6/19/2025,6/19/2025,185/25XK,0069/POLAND,ACTIV TOMASZ PACHOLCZYK,P.20,  60 ,6/23/2025
6/19/2025,6/19/2025,185/25XK,0069/POLAND,ACTIV TOMASZ PACHOLCZYK,P.21,  360 ,6/23/2025
6/19/2025,6/19/2025,185/25XK,0069/POLAND,ACTIV TOMASZ PACHOLCZYK,P.22,  60 ,6/23/2025
6/16/2025,6/19/2025,186/25XK,0531/CHINA,"TONG DE INDUSTRY AND TRADE (YANGJIANG YANGDONG DISTRICT) CO., LTD",KD2-2292,  100 ,7/31/2025
6/16/2025,6/19/2025,186/25XK,0531/CHINA,"TONG DE INDUSTRY AND TRADE (YANGJIANG YANGDONG DISTRICT) CO., LTD",KD2-2979,  100 ,7/31/2025
6/16/2025,6/19/2025,186/25XK,0531/CHINA,"TONG DE INDUSTRY AND TRADE (YANGJIANG YANGDONG DISTRICT) CO., LTD",KD2-2981,  100 ,7/31/2025
6/16/2025,6/19/2025,186/25XK,0531/CHINA,"TONG DE INDUSTRY AND TRADE (YANGJIANG YANGDONG DISTRICT) CO., LTD",KM2-2291,  200 ,7/31/2025
6/16/2025,6/19/2025,186/25XK,0531/CHINA,"TONG DE INDUSTRY AND TRADE (YANGJIANG YANGDONG DISTRICT) CO., LTD",KM2-2980,  100 ,7/31/2025
6/25/2025,6/25/2025,187/25XK,0536/FRANCE,ElyaMaje,KD2-2156,  1.020 ,8/9/2025
6/25/2025,6/25/2025,187/25XK,0536/FRANCE,ElyaMaje,KSK-2159,  1.200 ,8/9/2025
6/25/2025,6/25/2025,187/25XK,0536/FRANCE,ElyaMaje,KSK-2161,  780 ,8/9/2025
6/25/2025,6/25/2025,187/25XK,0536/FRANCE,ElyaMaje,KSK-2175,  1.080 ,8/9/2025
6/25/2025,6/25/2025,187/25XK,0536/FRANCE,ElyaMaje,KSS-2184,  120 ,8/9/2025
6/23/2025,6/26/2025,188/25XK,0539/GERMANY,Heiko Wild,KSK-2214,  500 ,7/18/2025
6/19/2025,6/26/2025,189/25XK,0027/KOREA,"NAIL MALL CO., LTD",KD2-0274,  1.000 ,8/15/2025
6/19/2025,6/26/2025,189/25XK,0027/KOREA,"NAIL MALL CO., LTD",KD2-2982,  1.000 ,8/15/2025
6/19/2025,6/26/2025,189/25XK,0027/KOREA,"NAIL MALL CO., LTD",KD2-2983,  1.000 ,8/15/2025
6/20/2025,6/26/2025,190/25XK,0503/SPAIN,Salón manicura y pedicura Siberia S.L.,KD2-1898,  500 ,8/11/2025
6/20/2025,6/26/2025,191/25XK,0595/FRANCE, RDJ SARL,KD2-2977,  500 ,8/12/2025
6/20/2025,6/26/2025,191/25XK,0595/FRANCE, RDJ SARL,KSK-2976,  500 ,8/12/2025
6/23/2025,6/26/2025,192/25XK,0464/AUSTRALIA,VICTORIA,KSK-3003,  250 ,7/23/2025
6/23/2025,6/26/2025,192/25XK,0464/AUSTRALIA,VICTORIA,KSK-3004,  250 ,7/23/2025
6/23/2025,6/26/2025,192/25XK,0464/AUSTRALIA,VICTORIA,KSS-3005,  250 ,7/23/2025
6/23/2025,6/26/2025,193/25XK,0425/CHINA,Guangzhou Xingdian Nail Products Company Limited,CL.206NC-3.5mm,  120 ,8/12/2025
6/23/2025,6/26/2025,193/25XK,0425/CHINA,Guangzhou Xingdian Nail Products Company Limited,CL.206NC-5mm,  120 ,8/12/2025
6/23/2025,6/26/2025,193/25XK,0425/CHINA,Guangzhou Xingdian Nail Products Company Limited,CL.206NC-6mm,  120 ,8/12/2025
6/23/2025,6/26/2025,193/25XK,0425/CHINA,Guangzhou Xingdian Nail Products Company Limited,CL.S02NC-3.5mm,  120 ,8/12/2025
6/23/2025,6/26/2025,193/25XK,0425/CHINA,Guangzhou Xingdian Nail Products Company Limited,CL.S02NC-5mm,  120 ,8/12/2025
6/23/2025,6/26/2025,193/25XK,0425/CHINA,Guangzhou Xingdian Nail Products Company Limited,CL.S02NC-6mm,  120 ,8/12/2025
6/23/2025,6/26/2025,193/25XK,0425/CHINA,Guangzhou Xingdian Nail Products Company Limited,D.22-14NC,  1.080 ,8/12/2025
6/23/2025,6/26/2025,193/25XK,0425/CHINA,Guangzhou Xingdian Nail Products Company Limited,D.23-14NC,  1.080 ,8/12/2025
6/23/2025,6/26/2025,193/25XK,0425/CHINA,Guangzhou Xingdian Nail Products Company Limited,D.501-12NC,  1.800 ,8/12/2025
6/23/2025,6/26/2025,193/25XK,0425/CHINA,Guangzhou Xingdian Nail Products Company Limited,KDN.721NC,  120 ,7/31/2025
6/23/2025,6/26/2025,193/25XK,0425/CHINA,Guangzhou Xingdian Nail Products Company Limited,NL.202NC,  180 ,8/12/2025
6/23/2025,6/26/2025,193/25XK,0425/CHINA,Guangzhou Xingdian Nail Products Company Limited,P.15NC,  120 ,7/31/2025
6/23/2025,6/26/2025,193/25XK,0425/CHINA,Guangzhou Xingdian Nail Products Company Limited,P.17NC,  120 ,7/31/2025
6/23/2025,6/26/2025,193/25XK,0425/CHINA,Guangzhou Xingdian Nail Products Company Limited,T.10NC,  120 ,7/31/2025
6/28/2025,7/1/2025,194/25XK,0002/ITALY,ALPEN DEI F.LLI GIANOLA SNC,KD3-0039,  250 ,8/21/2025
6/28/2025,7/1/2025,195/25XK,0419/MEXICO,Oleksandr Zadorozhnyi,CL.206-7MM,  120 ,8/16/2025
6/28/2025,7/1/2025,195/25XK,0419/MEXICO,Oleksandr Zadorozhnyi,CL.223-5MM,  60 ,8/16/2025
6/28/2025,7/1/2025,195/25XK,0419/MEXICO,Oleksandr Zadorozhnyi,CL.223-8MM,  60 ,8/16/2025
6/28/2025,7/1/2025,195/25XK,0419/MEXICO,Oleksandr Zadorozhnyi,CL.S01-3.5MM,  120 ,8/16/2025
6/28/2025,7/1/2025,195/25XK,0419/MEXICO,Oleksandr Zadorozhnyi,CL.S01-5MM,  300 ,8/16/2025
6/28/2025,7/1/2025,195/25XK,0419/MEXICO,Oleksandr Zadorozhnyi,CL.S02-5MM,  300 ,8/16/2025
6/28/2025,7/1/2025,195/25XK,0419/MEXICO,Oleksandr Zadorozhnyi,EVO.01V-6MM,  120 ,8/16/2025
6/28/2025,7/1/2025,195/25XK,0419/MEXICO,Oleksandr Zadorozhnyi,EVO.02-6MM,  120 ,8/16/2025
6/28/2025,7/1/2025,195/25XK,0419/MEXICO,Oleksandr Zadorozhnyi,NL.201,  120 ,8/16/2025
6/28/2025,7/1/2025,195/25XK,0419/MEXICO,Oleksandr Zadorozhnyi,NL.202,  300 ,8/16/2025
6/28/2025,7/1/2025,196/25XK,0510/ESTONIA,Mereneid Trading OÜ,C.07-5MM,  60 ,8/15/2025
6/28/2025,7/1/2025,196/25XK,0510/ESTONIA,Mereneid Trading OÜ,CL.221-10MM,  60 ,8/15/2025
6/28/2025,7/1/2025,196/25XK,0510/ESTONIA,Mereneid Trading OÜ,KD.704,  120 ,8/15/2025
6/28/2025,7/1/2025,196/25XK,0510/ESTONIA,Mereneid Trading OÜ,KD.705,  60 ,8/15/2025
6/28/2025,7/1/2025,196/25XK,0510/ESTONIA,Mereneid Trading OÜ,KDM.717,  60 ,8/15/2025
6/28/2025,7/1/2025,196/25XK,0510/ESTONIA,Mereneid Trading OÜ,KDN.721,  60 ,8/15/2025
6/28/2025,7/1/2025,196/25XK,0510/ESTONIA,Mereneid Trading OÜ,NA.01,  60 ,8/15/2025
6/28/2025,7/1/2025,196/25XK,0510/ESTONIA,Mereneid Trading OÜ,NB.107,  60 ,8/15/2025
6/28/2025,7/1/2025,196/25XK,0510/ESTONIA,Mereneid Trading OÜ,NL.205,  60 ,8/15/2025
6/28/2025,7/1/2025,196/25XK,0510/ESTONIA,Mereneid Trading OÜ,P.03,  60 ,8/15/2025
6/28/2025,7/1/2025,196/25XK,0510/ESTONIA,Mereneid Trading OÜ,P.12,  60 ,8/15/2025
6/28/2025,7/1/2025,196/25XK,0510/ESTONIA,Mereneid Trading OÜ,P.17,  60 ,8/15/2025
6/28/2025,7/1/2025,196/25XK,0510/ESTONIA,Mereneid Trading OÜ,P.20,  60 ,8/15/2025
6/28/2025,7/1/2025,196/25XK,0510/ESTONIA,Mereneid Trading OÜ,P.22,  60 ,8/15/2025
6/28/2025,7/1/2025,197/25XK,0599/UAE,USHINAILS SPA LADIES CENTER,KD2-3009,  360 ,8/14/2025
6/28/2025,7/1/2025,197/25XK,0599/UAE,USHINAILS SPA LADIES CENTER,KSB-3010,  120 ,8/14/2025
6/28/2025,7/1/2025,197/25XK,0599/UAE,USHINAILS SPA LADIES CENTER,KSK-3013,  60 ,8/14/2025
6/28/2025,7/1/2025,197/25XK,0599/UAE,USHINAILS SPA LADIES CENTER,KSN-3012,  60 ,8/14/2025
6/28/2025,7/1/2025,197/25XK,0599/UAE,USHINAILS SPA LADIES CENTER,KSS-3011,  120 ,8/14/2025
6/28/2025,7/1/2025,198/25XK,0419/MEXICO,Oleksandr Zadorozhnyi,KSK-2962,  500 ,7/21/2025
6/27/2025,7/1/2025,199/25XK,0562/GERMANY,Climate GmbH,KD2-2461,  500 ,8/22/2025
6/27/2025,7/1/2025,199/25XK,0562/GERMANY,Climate GmbH,KD2-2462,  500 ,8/22/2025
6/27/2025,7/1/2025,199/25XK,0562/GERMANY,Climate GmbH,KM2-2638,  200 ,8/22/2025
6/27/2025,7/1/2025,199/25XK,0562/GERMANY,Climate GmbH,KM3-2718,  200 ,8/22/2025
6/27/2025,7/1/2025,199/25XK,0562/GERMANY,Climate GmbH,KSK-2458,  1.000 ,8/22/2025
6/27/2025,7/1/2025,199/25XK,0562/GERMANY,Climate GmbH,KSN-2634,  500 ,8/22/2025
6/27/2025,7/1/2025,199/25XK,0562/GERMANY,Climate GmbH,KSS-2632,  500 ,8/22/2025
6/27/2025,7/1/2025,199/25XK,0562/GERMANY,Climate GmbH,KSS-2639,  1.000 ,8/22/2025
6/27/2025,7/1/2025,199/25XK,0562/GERMANY,Climate GmbH,KSS-2717,  500 ,8/22/2025
6/27/2025,7/1/2025,200/25XK,0573/BRAZIL,Vicente and Teixeira Cosmetics Ltd,KSK-2667,  500 ,7/10/2025
6/27/2025,7/1/2025,200/25XK,0573/BRAZIL,Vicente and Teixeira Cosmetics Ltd,KSK-2668,  250 ,7/10/2025
6/27/2025,7/1/2025,200/25XK,0573/BRAZIL,Vicente and Teixeira Cosmetics Ltd,KSK-3007,  500 ,7/10/2025
6/27/2025,7/1/2025,200/25XK,0573/BRAZIL,Vicente and Teixeira Cosmetics Ltd,KSS-2669,  500 ,7/10/2025
6/25/2025,7/1/2025,201/25XK,0596/FRANCE,INAKA,KSK-2991,  250 ,8/14/2025
6/25/2025,7/1/2025,201/25XK,0596/FRANCE,INAKA,KSK-3120,  600 ,8/14/2025
6/25/2025,7/1/2025,201/25XK,0596/FRANCE,INAKA,KSS-2892,  500 ,8/14/2025
6/25/2025,7/1/2025,201/25XK,0596/FRANCE,INAKA,KSS-2893,  500 ,8/14/2025
6/25/2025,7/1/2025,202/25XK,0597/SERBIA,UNITECH DOO,C.04-5mm,  150 ,8/20/2025
6/25/2025,7/1/2025,202/25XK,0597/SERBIA,UNITECH DOO,C.04-7mm,  150 ,8/20/2025
6/25/2025,7/1/2025,202/25XK,0597/SERBIA,UNITECH DOO,C.05-7mm,  150 ,8/20/2025
6/25/2025,7/1/2025,202/25XK,0597/SERBIA,UNITECH DOO,C.07-5mm,  150 ,8/20/2025
6/25/2025,7/1/2025,202/25XK,0597/SERBIA,UNITECH DOO,CL.206-5MM,  150 ,8/20/2025
6/25/2025,7/1/2025,202/25XK,0597/SERBIA,UNITECH DOO,CL.206-7MM,  150 ,8/20/2025
6/25/2025,7/1/2025,202/25XK,0597/SERBIA,UNITECH DOO,CL.S01-5MM,  150 ,8/20/2025
6/25/2025,7/1/2025,202/25XK,0597/SERBIA,UNITECH DOO,CL.S01-7MM,  150 ,8/20/2025
6/25/2025,7/1/2025,202/25XK,0597/SERBIA,UNITECH DOO,KD.43,  150 ,8/20/2025
6/25/2025,7/1/2025,202/25XK,0597/SERBIA,UNITECH DOO,KD.701,  200 ,8/20/2025
6/25/2025,7/1/2025,202/25XK,0597/SERBIA,UNITECH DOO,KD.702,  150 ,8/20/2025
6/25/2025,7/1/2025,202/25XK,0597/SERBIA,UNITECH DOO,KD.709,  150 ,8/20/2025
6/25/2025,7/1/2025,202/25XK,0597/SERBIA,UNITECH DOO,KD.718,  50 ,8/20/2025
6/25/2025,7/1/2025,202/25XK,0597/SERBIA,UNITECH DOO,KDN.720,  200 ,8/20/2025
6/25/2025,7/1/2025,202/25XK,0597/SERBIA,UNITECH DOO,NB.103,  -   ,8/20/2025
6/25/2025,7/1/2025,202/25XK,0597/SERBIA,UNITECH DOO,NB.107,  150 ,8/20/2025
6/25/2025,7/1/2025,202/25XK,0597/SERBIA,UNITECH DOO,NC.01,  150 ,8/20/2025
6/25/2025,7/1/2025,202/25XK,0597/SERBIA,UNITECH DOO,NC.04,  150 ,8/20/2025
6/25/2025,7/1/2025,202/25XK,0597/SERBIA,UNITECH DOO,NL.202,  150 ,8/20/2025
6/25/2025,7/1/2025,202/25XK,0597/SERBIA,UNITECH DOO,NL.205,  150 ,8/20/2025
6/25/2025,7/1/2025,202/25XK,0597/SERBIA,UNITECH DOO,P.03,  200 ,8/20/2025
6/25/2025,7/1/2025,202/25XK,0597/SERBIA,UNITECH DOO,P.04,  200 ,8/20/2025
6/25/2025,7/1/2025,202/25XK,0597/SERBIA,UNITECH DOO,P.08,  200 ,8/20/2025
6/25/2025,7/1/2025,202/25XK,0597/SERBIA,UNITECH DOO,P.12,  200 ,8/20/2025
6/25/2025,7/1/2025,202/25XK,0597/SERBIA,UNITECH DOO,P.13,  200 ,8/20/2025
6/25/2025,7/1/2025,202/25XK,0597/SERBIA,UNITECH DOO,P.15,  200 ,8/20/2025
6/25/2025,7/1/2025,202/25XK,0597/SERBIA,UNITECH DOO,P.17,  200 ,8/20/2025
6/25/2025,7/1/2025,202/25XK,0597/SERBIA,UNITECH DOO,P.20,  200 ,8/20/2025
6/25/2025,7/1/2025,202/25XK,0597/SERBIA,UNITECH DOO,P.24,  200 ,8/20/2025
6/25/2025,7/1/2025,202/25XK,0597/SERBIA,UNITECH DOO,T.05,  150 ,8/20/2025
6/25/2025,7/1/2025,202/25XK,0597/SERBIA,UNITECH DOO,T.06,  150 ,8/20/2025
6/25/2025,7/1/2025,202/25XK,0597/SERBIA,UNITECH DOO,T.07,  150 ,8/20/2025
6/25/2025,7/1/2025,202/25XK,0597/SERBIA,UNITECH DOO,T.10,  150 ,8/20/2025
7/4/2025,7/4/2025,203/25XK,0500/SAUDI ARABIA,MAZEN,KDT-3008,  1.000 ,7/22/2025
7/3/2025,7/4/2025,204/25XK,0339/EGYPT,A.Y.M. for Import & Export Co.,C.111,  1.500 ,7/22/2025
7/3/2025,7/4/2025,205/25XK,0205/japan,HIKARI CORPORATION,KD3-0372,  1.000 ,9/19/2025
7/16/2025,7/17/2025,206/25XK,0211/JAPAN,MARUTO HASEGAWA KOSAKUJO INC.,KSK-0484,  400 ,9/17/2025
7/16/2025,7/17/2025,206/25XK,0211/JAPAN,MARUTO HASEGAWA KOSAKUJO INC.,KSK-0490,  300 ,9/17/2025
7/2/2025,7/7/2025,207/25XK,0327/KOREA,BEAUTY H,KD3-0851,  500 ,9/6/2025
7/1/2025,7/8/2025,208/25XK,0505/PORTUGAL,DUOBEAUTY UNIPESSOAL LDA,KSS-2926,  500 ,7/24/2025
7/1/2025,7/8/2025,208/25XK,0505/PORTUGAL,DUOBEAUTY UNIPESSOAL LDA,KSS-2927,  300 ,7/24/2025
7/1/2025,7/8/2025,208/25XK,0505/PORTUGAL,DUOBEAUTY UNIPESSOAL LDA,KSS-3027,  200 ,7/24/2025
7/1/2025,7/8/2025,209/25XK,0246/KOREA,PARAN NAIL ,KD2-0275,  1.000 ,8/28/2025
7/1/2025,7/8/2025,209/25XK,0246/KOREA,PARAN NAIL ,KD2-0574,  1.500 ,8/28/2025
7/1/2025,7/8/2025,209/25XK,0246/KOREA,PARAN NAIL ,KD2-0737,  190 ,8/28/2025
7/1/2025,7/8/2025,209/25XK,0246/KOREA,PARAN NAIL ,KD2-0740,  310 ,8/28/2025
7/1/2025,7/8/2025,209/25XK,0246/KOREA,PARAN NAIL ,KD2-0854,  1.000 ,8/28/2025
7/1/2025,7/8/2025,210/25XK,0505/PORTUGAL,DUOBEAUTY UNIPESSOAL LDA,KD2-3022,  200 ,8/30/2025
7/1/2025,7/8/2025,210/25XK,0505/PORTUGAL,DUOBEAUTY UNIPESSOAL LDA,KD2-3023,  200 ,8/30/2025
7/1/2025,7/8/2025,210/25XK,0505/PORTUGAL,DUOBEAUTY UNIPESSOAL LDA,KD2-3024,  200 ,8/30/2025
7/1/2025,7/8/2025,210/25XK,0505/PORTUGAL,DUOBEAUTY UNIPESSOAL LDA,KSS-3025,  300 ,8/30/2025
7/1/2025,7/8/2025,210/25XK,0505/PORTUGAL,DUOBEAUTY UNIPESSOAL LDA,KSS-3026,  300 ,8/30/2025
7/8/2025,7/8/2025,211/25XK,0059/KOREA,CAREN BEAUTY,KD2-0152,  1.000 ,8/30/2025
7/8/2025,7/8/2025,212/25XK,0482/PORTUGAL,DANTAS CORREIA & LEITÃO LDA,KSK-1739,  1.000 ,8/9/2025
7/8/2025,7/8/2025,212/25XK,0482/PORTUGAL,DANTAS CORREIA & LEITÃO LDA,KSK-2323,  1.000 ,8/9/2025
7/7/2025,7/10/2025,213/25XK,0600/FRANCE,Forma Nails,KD2-3034,  250 ,8/20/2025
7/7/2025,7/10/2025,213/25XK,0600/FRANCE,Forma Nails,KD2-3035,  250 ,8/20/2025
7/7/2025,7/10/2025,213/25XK,0600/FRANCE,Forma Nails,KSK-3036,  250 ,8/20/2025
7/7/2025,7/10/2025,213/25XK,0600/FRANCE,Forma Nails,KSS-3037,  250 ,8/20/2025
7/7/2025,7/10/2025,213/25XK,0600/FRANCE,Forma Nails,KSS-3038,  250 ,8/20/2025
7/7/2025,7/10/2025,213/25XK,0600/FRANCE,Forma Nails,KSS-3039,  250 ,8/20/2025
7/7/2025,7/10/2025,213/25XK,0600/FRANCE,Forma Nails,KSS-3040,  250 ,8/20/2025
7/8/2025,7/10/2025,214/25XK,0418/OMAN,MAYA NAILSHOP,C.111,  120 ,7/19/2025
7/8/2025,7/10/2025,214/25XK,0418/OMAN,MAYA NAILSHOP,C.112,  120 ,7/19/2025
7/8/2025,7/10/2025,215/25XK,0026/GERMANY,ZWILLING Beauty Group GmbH,KD2-0211,  6.500 ,9/5/2025
7/8/2025,7/10/2025,215/25XK,0026/GERMANY,ZWILLING Beauty Group GmbH,KM2-0212,  6.800 ,9/5/2025
7/8/2025,7/10/2025,215/25XK,0026/GERMANY,ZWILLING Beauty Group GmbH,KSS-0213,  6.600 ,8/30/2025
7/8/2025,7/10/2025,215/25XK,0026/GERMANY,ZWILLING Beauty Group GmbH,KSS-0228,  2.400 ,9/15/2025
7/10/2025,7/10/2025,216/25XK,0531/CHINA,"TONG DE INDUSTRY AND TRADE (YANGJIANG YANGDONG DISTRICT) CO., LTD",C.06-14,  360 ,7/28/2025
7/10/2025,7/10/2025,216/25XK,0531/CHINA,"TONG DE INDUSTRY AND TRADE (YANGJIANG YANGDONG DISTRICT) CO., LTD",P.08,  180 ,7/28/2025
7/10/2025,7/10/2025,216/25XK,0531/CHINA,"TONG DE INDUSTRY AND TRADE (YANGJIANG YANGDONG DISTRICT) CO., LTD",P.10,  180 ,7/28/2025
7/8/2025,7/10/2025,217/25XK,0467/POLAND,NAIL4U,KD2-1673,  500 ,8/22/2025
7/8/2025,7/10/2025,217/25XK,0467/POLAND,NAIL4U,KD2-1674,  500 ,8/22/2025
7/8/2025,7/10/2025,217/25XK,0467/POLAND,NAIL4U,KSK-1675,  500 ,8/22/2025
7/8/2025,7/10/2025,217/25XK,0467/POLAND,NAIL4U,KSK-1676,  500 ,8/22/2025
7/8/2025,7/10/2025,217/25XK,0467/POLAND,NAIL4U,KSK-2442,  500 ,8/22/2025
7/8/2025,7/10/2025,217/25XK,0467/POLAND,NAIL4U,KSS-2029,  500 ,8/22/2025
7/10/2025,7/14/2025,218/25XK,0512/ROMANIA,HEAD STEEL SRL,CL.206-5MM,  40 ,8/20/2025
7/23/2025,7/23/2025,218/25XK,0512/ROMANIA,HEAD STEEL SRL,CL.206-7MM,  40 ,8/20/2025
7/10/2025,7/14/2025,218/25XK,0512/ROMANIA,HEAD STEEL SRL,KD.701,  120 ,8/20/2025
7/10/2025,7/14/2025,218/25XK,0512/ROMANIA,HEAD STEEL SRL,KD.702,  120 ,8/20/2025
7/10/2025,7/14/2025,218/25XK,0512/ROMANIA,HEAD STEEL SRL,KD.703,  120 ,8/20/2025
7/10/2025,7/14/2025,218/25XK,0512/ROMANIA,HEAD STEEL SRL,KD.704,  120 ,8/20/2025
7/10/2025,7/14/2025,218/25XK,0512/ROMANIA,HEAD STEEL SRL,KD.705,  120 ,8/20/2025
7/10/2025,7/14/2025,218/25XK,0512/ROMANIA,HEAD STEEL SRL,KD.706,  120 ,8/20/2025
7/10/2025,7/14/2025,218/25XK,0512/ROMANIA,HEAD STEEL SRL,KD.707,  120 ,8/20/2025
7/10/2025,7/14/2025,218/25XK,0512/ROMANIA,HEAD STEEL SRL,KD.711,  20 ,8/20/2025
7/10/2025,7/14/2025,218/25XK,0512/ROMANIA,HEAD STEEL SRL,KD.712,  20 ,8/20/2025
7/10/2025,7/14/2025,218/25XK,0512/ROMANIA,HEAD STEEL SRL,KD.716,  20 ,8/20/2025
7/10/2025,7/14/2025,218/25XK,0512/ROMANIA,HEAD STEEL SRL,KD.718,  20 ,8/20/2025
7/10/2025,7/14/2025,218/25XK,0512/ROMANIA,HEAD STEEL SRL,KDM.717,  20 ,8/20/2025
7/10/2025,7/14/2025,218/25XK,0512/ROMANIA,HEAD STEEL SRL,NC.01,  60 ,8/20/2025
7/10/2025,7/14/2025,218/25XK,0512/ROMANIA,HEAD STEEL SRL,NC.02,  60 ,8/20/2025
7/10/2025,7/14/2025,218/25XK,0512/ROMANIA,HEAD STEEL SRL,NC.04,  60 ,8/20/2025
7/10/2025,7/14/2025,218/25XK,0512/ROMANIA,HEAD STEEL SRL,NL.102,  60 ,8/10/2025
7/10/2025,7/14/2025,218/25XK,0512/ROMANIA,HEAD STEEL SRL,NL.201,  60 ,8/10/2025
7/10/2025,7/14/2025,218/25XK,0512/ROMANIA,HEAD STEEL SRL,NL.202,  100 ,8/10/2025
7/10/2025,7/14/2025,218/25XK,0512/ROMANIA,HEAD STEEL SRL,P.03,  50 ,8/20/2025
7/10/2025,7/14/2025,218/25XK,0512/ROMANIA,HEAD STEEL SRL,P.12,  60 ,8/20/2025
7/10/2025,7/14/2025,218/25XK,0512/ROMANIA,HEAD STEEL SRL,P.13,  60 ,8/20/2025
7/10/2025,7/14/2025,218/25XK,0512/ROMANIA,HEAD STEEL SRL,P.14,  60 ,8/20/2025
7/10/2025,7/14/2025,218/25XK,0512/ROMANIA,HEAD STEEL SRL,P.15,  60 ,8/20/2025
7/10/2025,7/14/2025,218/25XK,0512/ROMANIA,HEAD STEEL SRL,P.17,  60 ,8/20/2025
7/10/2025,7/15/2025,219/25XK,0270/UAE,MILIA COSMETICS MAT TR.L L C - SOLE PROPRIETORSHIP,B.943QT,  200 ,9/6/2025
7/10/2025,7/15/2025,219/25XK,0270/UAE,MILIA COSMETICS MAT TR.L L C - SOLE PROPRIETORSHIP,C.03-5MM,  1.200 ,9/6/2025
7/10/2025,7/15/2025,219/25XK,0270/UAE,MILIA COSMETICS MAT TR.L L C - SOLE PROPRIETORSHIP,C.05-5MM,  240 ,9/6/2025
7/10/2025,7/15/2025,219/25XK,0270/UAE,MILIA COSMETICS MAT TR.L L C - SOLE PROPRIETORSHIP,C.06-5MM,  1.200 ,9/6/2025
7/10/2025,7/15/2025,219/25XK,0270/UAE,MILIA COSMETICS MAT TR.L L C - SOLE PROPRIETORSHIP,C.07-5MM,  1.200 ,9/6/2025
7/10/2025,7/15/2025,219/25XK,0270/UAE,MILIA COSMETICS MAT TR.L L C - SOLE PROPRIETORSHIP,C.111,  1.200 ,9/6/2025
7/10/2025,7/15/2025,219/25XK,0270/UAE,MILIA COSMETICS MAT TR.L L C - SOLE PROPRIETORSHIP,C.112,  1.200 ,9/6/2025
7/10/2025,7/15/2025,219/25XK,0270/UAE,MILIA COSMETICS MAT TR.L L C - SOLE PROPRIETORSHIP,C.114,  1.200 ,9/6/2025
7/10/2025,7/15/2025,219/25XK,0270/UAE,MILIA COSMETICS MAT TR.L L C - SOLE PROPRIETORSHIP,C.118,  1.200 ,9/6/2025
7/10/2025,7/15/2025,219/25XK,0270/UAE,MILIA COSMETICS MAT TR.L L C - SOLE PROPRIETORSHIP,C.36-5MM,  1.200 ,9/6/2025
7/10/2025,7/15/2025,219/25XK,0270/UAE,MILIA COSMETICS MAT TR.L L C - SOLE PROPRIETORSHIP,CL.205-7mm,  240 ,9/6/2025
7/10/2025,7/15/2025,219/25XK,0270/UAE,MILIA COSMETICS MAT TR.L L C - SOLE PROPRIETORSHIP,CL.206-5MM,  240 ,9/6/2025
7/10/2025,7/15/2025,219/25XK,0270/UAE,MILIA COSMETICS MAT TR.L L C - SOLE PROPRIETORSHIP,CL.S01-7MM,  240 ,9/6/2025
7/10/2025,7/15/2025,219/25XK,0270/UAE,MILIA COSMETICS MAT TR.L L C - SOLE PROPRIETORSHIP,CL.S02-5MM,  240 ,9/6/2025
7/10/2025,7/15/2025,219/25XK,0270/UAE,MILIA COSMETICS MAT TR.L L C - SOLE PROPRIETORSHIP,KD.43,  120 ,9/6/2025
7/10/2025,7/15/2025,219/25XK,0270/UAE,MILIA COSMETICS MAT TR.L L C - SOLE PROPRIETORSHIP,KD.701,  120 ,9/6/2025
7/10/2025,7/15/2025,219/25XK,0270/UAE,MILIA COSMETICS MAT TR.L L C - SOLE PROPRIETORSHIP,KD.702,  120 ,9/6/2025
7/10/2025,7/15/2025,219/25XK,0270/UAE,MILIA COSMETICS MAT TR.L L C - SOLE PROPRIETORSHIP,KD.703,  120 ,9/6/2025
7/10/2025,7/15/2025,219/25XK,0270/UAE,MILIA COSMETICS MAT TR.L L C - SOLE PROPRIETORSHIP,KD.704,  120 ,9/6/2025
7/10/2025,7/15/2025,219/25XK,0270/UAE,MILIA COSMETICS MAT TR.L L C - SOLE PROPRIETORSHIP,KD.705,  120 ,9/6/2025
7/10/2025,7/15/2025,219/25XK,0270/UAE,MILIA COSMETICS MAT TR.L L C - SOLE PROPRIETORSHIP,KD.706,  120 ,9/6/2025
7/10/2025,7/15/2025,219/25XK,0270/UAE,MILIA COSMETICS MAT TR.L L C - SOLE PROPRIETORSHIP,KD.707,  120 ,9/6/2025
7/10/2025,7/15/2025,219/25XK,0270/UAE,MILIA COSMETICS MAT TR.L L C - SOLE PROPRIETORSHIP,KD.709,  120 ,9/6/2025
7/10/2025,7/15/2025,219/25XK,0270/UAE,MILIA COSMETICS MAT TR.L L C - SOLE PROPRIETORSHIP,KD.710,  120 ,9/6/2025
7/10/2025,7/15/2025,219/25XK,0270/UAE,MILIA COSMETICS MAT TR.L L C - SOLE PROPRIETORSHIP,KD.714,  120 ,9/6/2025
7/10/2025,7/15/2025,219/25XK,0270/UAE,MILIA COSMETICS MAT TR.L L C - SOLE PROPRIETORSHIP,KD.715,  120 ,9/6/2025
7/10/2025,7/15/2025,219/25XK,0270/UAE,MILIA COSMETICS MAT TR.L L C - SOLE PROPRIETORSHIP,KDM.713,  120 ,9/6/2025
7/10/2025,7/15/2025,219/25XK,0270/UAE,MILIA COSMETICS MAT TR.L L C - SOLE PROPRIETORSHIP,N.04,  120 ,9/6/2025
7/10/2025,7/15/2025,219/25XK,0270/UAE,MILIA COSMETICS MAT TR.L L C - SOLE PROPRIETORSHIP,N.118,  120 ,9/6/2025
7/10/2025,7/15/2025,219/25XK,0270/UAE,MILIA COSMETICS MAT TR.L L C - SOLE PROPRIETORSHIP,NC.01,  240 ,9/6/2025
7/10/2025,7/15/2025,219/25XK,0270/UAE,MILIA COSMETICS MAT TR.L L C - SOLE PROPRIETORSHIP,NC.02,  240 ,9/6/2025
7/10/2025,7/15/2025,219/25XK,0270/UAE,MILIA COSMETICS MAT TR.L L C - SOLE PROPRIETORSHIP,NC.03,  240 ,9/6/2025
7/10/2025,7/15/2025,219/25XK,0270/UAE,MILIA COSMETICS MAT TR.L L C - SOLE PROPRIETORSHIP,NC.04,  120 ,9/6/2025
7/10/2025,7/15/2025,219/25XK,0270/UAE,MILIA COSMETICS MAT TR.L L C - SOLE PROPRIETORSHIP,NC.06,  120 ,9/6/2025
7/10/2025,7/15/2025,219/25XK,0270/UAE,MILIA COSMETICS MAT TR.L L C - SOLE PROPRIETORSHIP,NL.201,  120 ,9/6/2025
7/10/2025,7/15/2025,219/25XK,0270/UAE,MILIA COSMETICS MAT TR.L L C - SOLE PROPRIETORSHIP,NL.202,  120 ,9/6/2025
7/10/2025,7/15/2025,219/25XK,0270/UAE,MILIA COSMETICS MAT TR.L L C - SOLE PROPRIETORSHIP,NL.203,  120 ,9/6/2025
7/10/2025,7/15/2025,219/25XK,0270/UAE,MILIA COSMETICS MAT TR.L L C - SOLE PROPRIETORSHIP,NL.204,  120 ,9/6/2025
7/10/2025,7/15/2025,219/25XK,0270/UAE,MILIA COSMETICS MAT TR.L L C - SOLE PROPRIETORSHIP,NL.205,  120 ,9/6/2025
7/10/2025,7/15/2025,219/25XK,0270/UAE,MILIA COSMETICS MAT TR.L L C - SOLE PROPRIETORSHIP,NL.207,  120 ,9/6/2025
7/10/2025,7/15/2025,219/25XK,0270/UAE,MILIA COSMETICS MAT TR.L L C - SOLE PROPRIETORSHIP,NL.208,  120 ,9/6/2025
7/10/2025,7/15/2025,219/25XK,0270/UAE,MILIA COSMETICS MAT TR.L L C - SOLE PROPRIETORSHIP,P.03,  120 ,9/6/2025
7/10/2025,7/15/2025,219/25XK,0270/UAE,MILIA COSMETICS MAT TR.L L C - SOLE PROPRIETORSHIP,P.04,  120 ,9/6/2025
7/10/2025,7/15/2025,219/25XK,0270/UAE,MILIA COSMETICS MAT TR.L L C - SOLE PROPRIETORSHIP,P.08,  120 ,9/6/2025
7/10/2025,7/15/2025,219/25XK,0270/UAE,MILIA COSMETICS MAT TR.L L C - SOLE PROPRIETORSHIP,P.09,  120 ,9/6/2025
7/10/2025,7/15/2025,219/25XK,0270/UAE,MILIA COSMETICS MAT TR.L L C - SOLE PROPRIETORSHIP,P.10,  120 ,9/6/2025
7/10/2025,7/15/2025,219/25XK,0270/UAE,MILIA COSMETICS MAT TR.L L C - SOLE PROPRIETORSHIP,P.12,  120 ,9/6/2025
7/10/2025,7/15/2025,219/25XK,0270/UAE,MILIA COSMETICS MAT TR.L L C - SOLE PROPRIETORSHIP,P.13,  120 ,9/6/2025
7/10/2025,7/15/2025,219/25XK,0270/UAE,MILIA COSMETICS MAT TR.L L C - SOLE PROPRIETORSHIP,P.14,  120 ,9/6/2025
7/10/2025,7/15/2025,219/25XK,0270/UAE,MILIA COSMETICS MAT TR.L L C - SOLE PROPRIETORSHIP,P.15,  120 ,9/6/2025
7/10/2025,7/15/2025,219/25XK,0270/UAE,MILIA COSMETICS MAT TR.L L C - SOLE PROPRIETORSHIP,P.17,  120 ,9/6/2025
7/10/2025,7/15/2025,219/25XK,0270/UAE,MILIA COSMETICS MAT TR.L L C - SOLE PROPRIETORSHIP,P.20,  120 ,9/6/2025
7/10/2025,7/15/2025,219/25XK,0270/UAE,MILIA COSMETICS MAT TR.L L C - SOLE PROPRIETORSHIP,T.03,  120 ,9/6/2025
7/10/2025,7/15/2025,219/25XK,0270/UAE,MILIA COSMETICS MAT TR.L L C - SOLE PROPRIETORSHIP,T.04,  120 ,9/6/2025
7/10/2025,7/15/2025,219/25XK,0270/UAE,MILIA COSMETICS MAT TR.L L C - SOLE PROPRIETORSHIP,T.05,  120 ,9/6/2025
7/10/2025,7/15/2025,219/25XK,0270/UAE,MILIA COSMETICS MAT TR.L L C - SOLE PROPRIETORSHIP,T.09,  120 ,9/6/2025
7/10/2025,7/16/2025,220/25XK,0425/CHINA,Guangzhou Xingdian Nail Products Company Limited,B.901NC,  2.160 ,9/20/2025
7/10/2025,7/16/2025,220/25XK,0425/CHINA,Guangzhou Xingdian Nail Products Company Limited,B.902NC,  2.880 ,9/20/2025
7/10/2025,7/16/2025,220/25XK,0425/CHINA,Guangzhou Xingdian Nail Products Company Limited,D.03-12NC,  1.080 ,9/20/2025
7/10/2025,7/16/2025,220/25XK,0425/CHINA,Guangzhou Xingdian Nail Products Company Limited,D.03-14NC,  1.080 ,9/20/2025
7/10/2025,7/16/2025,220/25XK,0425/CHINA,Guangzhou Xingdian Nail Products Company Limited,D.03-16NC,  720 ,9/20/2025
7/10/2025,7/16/2025,220/25XK,0425/CHINA,Guangzhou Xingdian Nail Products Company Limited,D.05-12NC,  60 ,9/20/2025
7/10/2025,7/16/2025,220/25XK,0425/CHINA,Guangzhou Xingdian Nail Products Company Limited,D.05V-12NC,  120 ,9/20/2025
7/10/2025,7/16/2025,220/25XK,0425/CHINA,Guangzhou Xingdian Nail Products Company Limited,D.05V-14NC,  -   ,9/20/2025
7/10/2025,7/16/2025,220/25XK,0425/CHINA,Guangzhou Xingdian Nail Products Company Limited,D.07-12NC,  14.400 ,9/20/2025
7/10/2025,7/16/2025,220/25XK,0425/CHINA,Guangzhou Xingdian Nail Products Company Limited,D.07-14NC,  14.400 ,9/20/2025
7/10/2025,7/16/2025,220/25XK,0425/CHINA,Guangzhou Xingdian Nail Products Company Limited,D.07-16NC,  2.160 ,9/20/2025
7/10/2025,7/16/2025,220/25XK,0425/CHINA,Guangzhou Xingdian Nail Products Company Limited,D.07-3.5NC,  3.600 ,9/20/2025
7/10/2025,7/16/2025,220/25XK,0425/CHINA,Guangzhou Xingdian Nail Products Company Limited,D.22-14NC,  3.600 ,9/20/2025
7/10/2025,7/16/2025,220/25XK,0425/CHINA,Guangzhou Xingdian Nail Products Company Limited,D.23-14NC,  3.600 ,9/20/2025
7/10/2025,7/16/2025,220/25XK,0425/CHINA,Guangzhou Xingdian Nail Products Company Limited,D.26NC,  720 ,9/20/2025
7/10/2025,7/16/2025,220/25XK,0425/CHINA,Guangzhou Xingdian Nail Products Company Limited,D.27NC,  720 ,9/20/2025
7/10/2025,7/16/2025,220/25XK,0425/CHINA,Guangzhou Xingdian Nail Products Company Limited,D.28NC,  1.080 ,9/20/2025
7/10/2025,7/16/2025,220/25XK,0425/CHINA,Guangzhou Xingdian Nail Products Company Limited,D.501-12NC,  10.800 ,9/20/2025
7/10/2025,7/16/2025,220/25XK,0425/CHINA,Guangzhou Xingdian Nail Products Company Limited,D.501-14NC,  -   ,9/20/2025
7/10/2025,7/16/2025,220/25XK,0425/CHINA,Guangzhou Xingdian Nail Products Company Limited,D.501NC,  10.800 ,9/20/2025
7/10/2025,7/16/2025,220/25XK,0425/CHINA,Guangzhou Xingdian Nail Products Company Limited,DL.02C-14NC,  -   ,9/20/2025
7/10/2025,7/16/2025,220/25XK,0425/CHINA,Guangzhou Xingdian Nail Products Company Limited,KM.601NC,  -   ,9/20/2025
7/10/2025,7/16/2025,220/25XK,0425/CHINA,Guangzhou Xingdian Nail Products Company Limited,P.12NC,  -   ,9/20/2025
7/10/2025,7/16/2025,220/25XK,0425/CHINA,Guangzhou Xingdian Nail Products Company Limited,S.506NC,  1.440 ,9/20/2025
7/10/2025,7/16/2025,220/25XK,0425/CHINA,Guangzhou Xingdian Nail Products Company Limited,S.511NC,  3.600 ,9/20/2025
7/16/2025,7/17/2025,221/25XK,0336/CHINA,"QVS Global China, LTD",KSS-0228,  1.000 ,10/10/2025
7/16/2025,7/17/2025,222/25XK,0336/CHINA,"QVS Global China, LTD",KD2-0211,  1.000 ,10/10/2025
7/16/2025,7/17/2025,222/25XK,0336/CHINA,"QVS Global China, LTD",KM2-0212,  1.000 ,10/10/2025
7/16/2025,7/17/2025,223/25XK,0575/LEBANON, RAMZI SALIBY SARL,KD2-2690,  660 ,9/11/2025
7/16/2025,7/17/2025,223/25XK,0575/LEBANON, RAMZI SALIBY SARL,KD2-2691,  660 ,9/11/2025
7/16/2025,7/17/2025,223/25XK,0575/LEBANON, RAMZI SALIBY SARL,KD2-2693,  660 ,9/11/2025
7/16/2025,7/17/2025,223/25XK,0575/LEBANON, RAMZI SALIBY SARL,KDT-2688,  660 ,9/11/2025
7/16/2025,7/17/2025,223/25XK,0575/LEBANON, RAMZI SALIBY SARL,KDT-2689,  660 ,9/11/2025
7/16/2025,7/17/2025,223/25XK,0575/LEBANON, RAMZI SALIBY SARL,KDT-3090,  1.080 ,9/11/2025
7/31/2025,8/1/2025,223/25XK,0575/LEBANON, RAMZI SALIBY SARL,KDT-3121,  600 ,9/18/2025
7/31/2025,8/1/2025,223/25XK,0575/LEBANON, RAMZI SALIBY SARL,KDT-3122,  600 ,9/18/2025
7/16/2025,8/4/2025,223/25XK,0575/LEBANON, RAMZI SALIBY SARL,KSS-2696,  540 ,9/10/2025
7/16/2025,8/4/2025,223/25XK,0575/LEBANON, RAMZI SALIBY SARL,KSS-2748,  540 ,9/10/2025
7/16/2025,7/17/2025,224/25XK,0270/UAE,MILIA COSMETICS MAT TR.L L C - SOLE PROPRIETORSHIP,C.05-14,  240 ,8/13/2025
7/16/2025,7/17/2025,224/25XK,0270/UAE,MILIA COSMETICS MAT TR.L L C - SOLE PROPRIETORSHIP,C.08-14,  480 ,8/13/2025
7/16/2025,7/17/2025,224/25XK,0270/UAE,MILIA COSMETICS MAT TR.L L C - SOLE PROPRIETORSHIP,NC.02,  360 ,8/13/2025
7/16/2025,7/17/2025,224/25XK,0270/UAE,MILIA COSMETICS MAT TR.L L C - SOLE PROPRIETORSHIP,NC.04,  120 ,8/13/2025
7/16/2025,7/17/2025,224/25XK,0270/UAE,MILIA COSMETICS MAT TR.L L C - SOLE PROPRIETORSHIP,P.38,  600 ,8/13/2025
7/16/2025,7/17/2025,225/25XK,0211/JAPAN,MARUTO HASEGAWA KOSAKUJO INC.,KD2-0956,  400 ,9/17/2025
7/16/2025,7/22/2025,226/25XK,KDQT,HÀNG TỒN,KM3-2990,  -   ,10/30/2025
7/16/2025,7/22/2025,226/25XK,KDQT,HÀNG TỒN,NB.107,  500 ,10/30/2025
7/18/2025,7/22/2025,227/25XK,0472/LITHUNIA,UAB KRINONA,KD2-1665,  1.000 ,9/10/2025
7/18/2025,7/22/2025,227/25XK,0472/LITHUNIA,UAB KRINONA,KSB-1670,  1.000 ,9/10/2025
7/18/2025,7/22/2025,227/25XK,0472/LITHUNIA,UAB KRINONA,KSK-1666,  1.000 ,9/10/2025
7/18/2025,7/22/2025,227/25XK,0472/LITHUNIA,UAB KRINONA,KSS-1669,  500 ,9/10/2025
6/4/2025,7/22/2025,228/25XK,0553/ISRAEL,ROYAL DENTAL,KD2-2755,  500 ,9/22/2025
7/22/2025,7/22/2025,229/25XK,0496/POLAND,APM GROUP,KD2-1855,  500 ,9/16/2025
7/22/2025,7/22/2025,229/25XK,0496/POLAND,APM GROUP,KSK-3089,  500 ,9/16/2025
7/21/2025,7/24/2025,230/25XK,0603/UZEBEKISTAN,United Beauty Distribution LLC,CL.207-9MM,  60 ,9/13/2025
7/21/2025,7/24/2025,230/25XK,0603/UZEBEKISTAN,United Beauty Distribution LLC,CL.209-11MM,  60 ,9/13/2025
7/21/2025,7/24/2025,230/25XK,0603/UZEBEKISTAN,United Beauty Distribution LLC,CL.211-10MM,  60 ,9/13/2025
7/21/2025,7/24/2025,230/25XK,0603/UZEBEKISTAN,United Beauty Distribution LLC,CL.221-10MM,  60 ,9/13/2025
7/21/2025,7/24/2025,230/25XK,0603/UZEBEKISTAN,United Beauty Distribution LLC,CL.223-8MM,  25 ,9/13/2025
7/21/2025,7/24/2025,230/25XK,0603/UZEBEKISTAN,United Beauty Distribution LLC,KD.707,  60 ,9/13/2025
7/21/2025,7/24/2025,230/25XK,0603/UZEBEKISTAN,United Beauty Distribution LLC,KD.709,  60 ,9/13/2025
7/21/2025,7/24/2025,230/25XK,0603/UZEBEKISTAN,United Beauty Distribution LLC,KD.715,  60 ,9/13/2025
7/21/2025,7/24/2025,230/25XK,0603/UZEBEKISTAN,United Beauty Distribution LLC,KD.716,  60 ,9/13/2025
7/21/2025,7/24/2025,230/25XK,0603/UZEBEKISTAN,United Beauty Distribution LLC,KDN.721,  60 ,9/13/2025
7/21/2025,7/24/2025,230/25XK,0603/UZEBEKISTAN,United Beauty Distribution LLC,NL.202,  60 ,9/13/2025
7/21/2025,7/24/2025,230/25XK,0603/UZEBEKISTAN,United Beauty Distribution LLC,NL.203,  60 ,9/13/2025
7/21/2025,7/24/2025,230/25XK,0603/UZEBEKISTAN,United Beauty Distribution LLC,NL.205,  60 ,9/13/2025
7/21/2025,7/24/2025,230/25XK,0603/UZEBEKISTAN,United Beauty Distribution LLC,NL.208,  60 ,9/13/2025
7/21/2025,7/24/2025,230/25XK,0603/UZEBEKISTAN,United Beauty Distribution LLC,P.15,  60 ,9/13/2025
7/21/2025,7/24/2025,230/25XK,0603/UZEBEKISTAN,United Beauty Distribution LLC,P.17,  120 ,9/13/2025
7/18/2025,7/24/2025,231/25XK,0602/ISRAEL,N.S GOOD LAK LTD,KD2-2016,  300 ,9/16/2025
7/18/2025,7/24/2025,231/25XK,0602/ISRAEL,N.S GOOD LAK LTD,KD2-2017,  200 ,9/16/2025
7/18/2025,7/24/2025,231/25XK,0602/ISRAEL,N.S GOOD LAK LTD,KD2-2018,  200 ,9/16/2025
7/18/2025,7/24/2025,231/25XK,0602/ISRAEL,N.S GOOD LAK LTD,KD2-2019,  300 ,9/16/2025
7/18/2025,7/24/2025,231/25XK,0602/ISRAEL,N.S GOOD LAK LTD,KD2-2020,  300 ,9/16/2025
7/18/2025,7/24/2025,231/25XK,0602/ISRAEL,N.S GOOD LAK LTD,KD2-2021,  300 ,9/16/2025
7/18/2025,7/24/2025,231/25XK,0602/ISRAEL,N.S GOOD LAK LTD,KM2-2022,  100 ,9/16/2025
7/18/2025,7/24/2025,231/25XK,0602/ISRAEL,N.S GOOD LAK LTD,KSK-2013,  300 ,9/16/2025
7/18/2025,7/24/2025,231/25XK,0602/ISRAEL,N.S GOOD LAK LTD,KSK-2014,  500 ,9/16/2025
7/18/2025,7/24/2025,231/25XK,0602/ISRAEL,N.S GOOD LAK LTD,KSK-2015,  300 ,9/16/2025
7/18/2025,7/24/2025,231/25XK,0602/ISRAEL,N.S GOOD LAK LTD,KSS-3094,  100 ,9/16/2025
7/18/2025,7/24/2025,231/25XK,0602/ISRAEL,N.S GOOD LAK LTD,KSS-3095,  300 ,9/16/2025
7/18/2025,7/24/2025,231/25XK,0602/ISRAEL,N.S GOOD LAK LTD,KSS-3096,  100 ,9/16/2025
7/18/2025,7/24/2025,231/25XK,0602/ISRAEL,N.S GOOD LAK LTD,KSS-3097,  500 ,9/16/2025
7/18/2025,7/24/2025,231/25XK,0602/ISRAEL,N.S GOOD LAK LTD,KSS-3104,  1.500 ,9/16/2025
6/27/2025,7/24/2025,232/25ND,CHAOBA,CHAOBA,B.901,  3.000 ,8/31/2025
6/27/2025,7/24/2025,232/25ND,CHAOBA,CHAOBA,B.902,  1.200 ,8/31/2025
6/27/2025,7/24/2025,232/25ND,CHAOBA,CHAOBA,D.01-12,  600 ,8/31/2025
6/27/2025,7/24/2025,232/25ND,CHAOBA,CHAOBA,D.01-14,  2.600 ,8/31/2025
6/27/2025,7/24/2025,232/25ND,CHAOBA,CHAOBA,D.01-16,  3.000 ,8/31/2025
6/27/2025,7/24/2025,232/25ND,CHAOBA,CHAOBA,D.03-16,  1.200 ,8/31/2025
6/27/2025,7/24/2025,232/25ND,CHAOBA,CHAOBA,D.04-14,  1.800 ,8/31/2025
6/27/2025,7/24/2025,232/25ND,CHAOBA,CHAOBA,D.04-16,  1.700 ,8/31/2025
6/27/2025,7/24/2025,232/25ND,CHAOBA,CHAOBA,D.05-12,  360 ,8/31/2025
6/27/2025,7/24/2025,232/25ND,CHAOBA,CHAOBA,D.05-14,  2.160 ,8/31/2025
6/27/2025,7/24/2025,232/25ND,CHAOBA,CHAOBA,D.05-16,  180 ,8/31/2025
6/27/2025,7/24/2025,232/25ND,CHAOBA,CHAOBA,D.05V-14,  240 ,8/31/2025
6/27/2025,7/24/2025,232/25ND,CHAOBA,CHAOBA,D.05V-16,  180 ,8/31/2025
6/27/2025,7/24/2025,232/25ND,CHAOBA,CHAOBA,D.06-12,  400 ,8/31/2025
6/27/2025,7/24/2025,232/25ND,CHAOBA,CHAOBA,D.06-14,  3.500 ,8/31/2025
6/27/2025,7/24/2025,232/25ND,CHAOBA,CHAOBA,D.06-16,  3.600 ,8/31/2025
6/27/2025,7/24/2025,232/25ND,CHAOBA,CHAOBA,D.07-12,  600 ,8/31/2025
6/27/2025,7/24/2025,232/25ND,CHAOBA,CHAOBA,D.07-14,  3.000 ,8/31/2025
6/27/2025,7/24/2025,232/25ND,CHAOBA,CHAOBA,D.07-16,  11.100 ,8/31/2025
6/27/2025,7/24/2025,232/25ND,CHAOBA,CHAOBA,D.08-12,  200 ,8/31/2025
6/27/2025,7/24/2025,232/25ND,CHAOBA,CHAOBA,D.08-14,  600 ,8/31/2025
6/27/2025,7/24/2025,232/25ND,CHAOBA,CHAOBA,D.09-14,  200 ,8/31/2025
6/27/2025,7/24/2025,232/25ND,CHAOBA,CHAOBA,D.09-16,  1.000 ,8/31/2025
6/27/2025,7/24/2025,232/25ND,CHAOBA,CHAOBA,D.18,  1.400 ,8/31/2025
6/27/2025,7/24/2025,232/25ND,CHAOBA,CHAOBA,D.206,  1.800 ,8/31/2025
6/27/2025,7/24/2025,232/25ND,CHAOBA,CHAOBA,D.501,  3.440 ,8/31/2025
6/27/2025,7/24/2025,232/25ND,CHAOBA,CHAOBA,D.506,  3.800 ,8/31/2025
6/27/2025,7/24/2025,232/25ND,CHAOBA,CHAOBA,D.555KD,  6.000 ,8/31/2025
6/27/2025,7/24/2025,232/25ND,CHAOBA,CHAOBA,M.01,  100 ,8/31/2025
6/27/2025,7/24/2025,232/25ND,CHAOBA,CHAOBA,M.03,  200 ,8/31/2025
6/27/2025,7/24/2025,232/25ND,CHAOBA,CHAOBA,M.18,  300 ,8/31/2025
6/27/2025,7/24/2025,232/25ND,CHAOBA,CHAOBA,M.501,  300 ,8/31/2025
6/27/2025,7/24/2025,232/25ND,CHAOBA,CHAOBA,M.555KD,  300 ,8/31/2025
6/27/2025,7/24/2025,232/25ND,CHAOBA,CHAOBA,S.505,  300 ,8/31/2025
6/27/2025,7/24/2025,232/25ND,CHAOBA,CHAOBA,S.506,  2.100 ,8/31/2025
6/27/2025,7/24/2025,232/25ND,CHAOBA,CHAOBA,S.507,  300 ,8/31/2025
6/27/2025,7/24/2025,232/25ND,CHAOBA,CHAOBA,S.508,  300 ,8/31/2025
6/27/2025,7/24/2025,232/25ND,CHAOBA,CHAOBA,S.511,  300 ,8/31/2025
6/27/2025,7/24/2025,232/25ND,CHAOBA,CHAOBA,S.512,  540 ,8/31/2025
6/27/2025,7/24/2025,232/25ND,CHAOBA,CHAOBA,S.514,  240 ,8/31/2025
6/27/2025,7/24/2025,232/25ND,CHAOBA,CHAOBA,S.515,  420 ,8/31/2025
6/27/2025,7/24/2025,232/25ND,CHAOBA,CHAOBA,S.516,  600 ,8/31/2025
7/24/2025,7/25/2025,233/25XK,0425/china,Guangzhou Xingdian Nail Products Company Limited,B.943QT,  1.000 ,8/12/2025
7/24/2025,7/25/2025,233/25XK,0425/china,Guangzhou Xingdian Nail Products Company Limited,NL.202NC,  100 ,8/12/2025
7/24/2025,7/25/2025,233/25XK,0425/china,Guangzhou Xingdian Nail Products Company Limited,P.17NC,  200 ,8/12/2025
7/24/2025,7/25/2025,234/25xk,0425/china,Guangzhou Xingdian Nail Products Company Limited,KD2-3113,  500 ,8/12/2025
7/24/2025,7/25/2025,234/25xk,0425/china,Guangzhou Xingdian Nail Products Company Limited,NL.202NC,  100 ,8/12/2025
7/24/2025,7/25/2025,234/25xk,0425/china,Guangzhou Xingdian Nail Products Company Limited,P.15NC,  100 ,8/12/2025
7/24/2025,7/25/2025,234/25xk,0425/china,Guangzhou Xingdian Nail Products Company Limited,P.17NC,  100 ,8/12/2025
7/22/2025,8/6/2025,235/25xk,0541/TURKEY,ERAY AÇIKGÖZ EXPERTYOL,KD2-2238,  150 ,9/22/2025
7/22/2025,8/6/2025,235/25xk,0541/TURKEY,ERAY AÇIKGÖZ EXPERTYOL,KD2-2239,  200 ,9/22/2025
7/22/2025,8/6/2025,235/25xk,0541/TURKEY,ERAY AÇIKGÖZ EXPERTYOL,KD2-2240,  200 ,9/22/2025
7/22/2025,8/6/2025,235/25xk,0541/TURKEY,ERAY AÇIKGÖZ EXPERTYOL,KD2-2241,  30 ,9/22/2025
7/22/2025,8/6/2025,235/25xk,0541/TURKEY,ERAY AÇIKGÖZ EXPERTYOL,KD2-2548,  200 ,9/22/2025
7/22/2025,8/6/2025,235/25xk,0541/TURKEY,ERAY AÇIKGÖZ EXPERTYOL,KD2-2549,  150 ,9/22/2025
7/22/2025,8/6/2025,235/25xk,0541/TURKEY,ERAY AÇIKGÖZ EXPERTYOL,KD2-2550,  30 ,9/22/2025
7/22/2025,8/6/2025,235/25xk,0541/TURKEY,ERAY AÇIKGÖZ EXPERTYOL,KD2-2568,  100 ,9/22/2025
7/22/2025,8/6/2025,235/25xk,0541/TURKEY,ERAY AÇIKGÖZ EXPERTYOL,KD2-2569,  100 ,9/22/2025
7/22/2025,8/6/2025,235/25xk,0541/TURKEY,ERAY AÇIKGÖZ EXPERTYOL,KM2-2243,  120 ,9/22/2025
7/22/2025,8/6/2025,235/25xk,0541/TURKEY,ERAY AÇIKGÖZ EXPERTYOL,KM2-2244,  120 ,9/22/2025
7/22/2025,8/6/2025,235/25xk,0541/TURKEY,ERAY AÇIKGÖZ EXPERTYOL,KM2-2536,  60 ,9/22/2025
7/22/2025,8/6/2025,235/25xk,0541/TURKEY,ERAY AÇIKGÖZ EXPERTYOL,KM2-2551,  40 ,9/22/2025
7/22/2025,8/6/2025,235/25xk,0541/TURKEY,ERAY AÇIKGÖZ EXPERTYOL,KSK-2251,  200 ,9/22/2025
7/22/2025,8/6/2025,235/25xk,0541/TURKEY,ERAY AÇIKGÖZ EXPERTYOL,KSK-2252,  100 ,9/22/2025
7/22/2025,8/6/2025,235/25xk,0541/TURKEY,ERAY AÇIKGÖZ EXPERTYOL,KSK-2253,  50 ,9/22/2025
7/22/2025,8/6/2025,235/25xk,0541/TURKEY,ERAY AÇIKGÖZ EXPERTYOL,KSK-2571,  150 ,9/22/2025
7/22/2025,8/6/2025,235/25xk,0541/TURKEY,ERAY AÇIKGÖZ EXPERTYOL,KSK-2572,  100 ,9/22/2025
7/22/2025,8/6/2025,235/25xk,0541/TURKEY,ERAY AÇIKGÖZ EXPERTYOL,KSK-2573,  150 ,9/22/2025
7/22/2025,8/6/2025,235/25xk,0541/TURKEY,ERAY AÇIKGÖZ EXPERTYOL,KSK-2574,  80 ,9/22/2025
7/22/2025,8/6/2025,235/25xk,0541/TURKEY,ERAY AÇIKGÖZ EXPERTYOL,KSK-2617,  100 ,9/22/2025
7/22/2025,8/6/2025,235/25xk,0541/TURKEY,ERAY AÇIKGÖZ EXPERTYOL,KSN-2498,  200 ,9/22/2025
7/22/2025,8/6/2025,235/25xk,0541/TURKEY,ERAY AÇIKGÖZ EXPERTYOL,KSN-2534,  150 ,9/22/2025
7/22/2025,8/6/2025,235/25xk,0541/TURKEY,ERAY AÇIKGÖZ EXPERTYOL,KSN-2535,  150 ,9/22/2025
7/22/2025,8/6/2025,235/25xk,0541/TURKEY,ERAY AÇIKGÖZ EXPERTYOL,KSN-2554,  300 ,9/22/2025
7/22/2025,8/6/2025,235/25xk,0541/TURKEY,ERAY AÇIKGÖZ EXPERTYOL,KSN-2555,  300 ,9/22/2025
7/22/2025,8/6/2025,235/25xk,0541/TURKEY,ERAY AÇIKGÖZ EXPERTYOL,KSN-2570,  150 ,9/22/2025
7/22/2025,8/6/2025,235/25xk,0541/TURKEY,ERAY AÇIKGÖZ EXPERTYOL,KSN-2612,  200 ,9/22/2025
7/22/2025,8/6/2025,235/25xk,0541/TURKEY,ERAY AÇIKGÖZ EXPERTYOL,KSN-2613,  250 ,9/22/2025
7/22/2025,8/6/2025,235/25xk,0541/TURKEY,ERAY AÇIKGÖZ EXPERTYOL,KSN-2614,  100 ,9/22/2025
7/22/2025,8/6/2025,235/25xk,0541/TURKEY,ERAY AÇIKGÖZ EXPERTYOL,KSN-2615,  200 ,9/22/2025
7/22/2025,8/6/2025,235/25xk,0541/TURKEY,ERAY AÇIKGÖZ EXPERTYOL,KSN-2618,  300 ,9/22/2025
7/22/2025,8/6/2025,235/25xk,0541/TURKEY,ERAY AÇIKGÖZ EXPERTYOL,KSN-2619,  250 ,9/22/2025
7/22/2025,8/6/2025,235/25xk,0541/TURKEY,ERAY AÇIKGÖZ EXPERTYOL,KSN-2648,  300 ,9/22/2025
7/22/2025,8/6/2025,235/25xk,0541/TURKEY,ERAY AÇIKGÖZ EXPERTYOL,KSS-2245,  200 ,9/22/2025
7/22/2025,8/6/2025,235/25xk,0541/TURKEY,ERAY AÇIKGÖZ EXPERTYOL,KSS-2246,  200 ,9/22/2025
7/22/2025,8/6/2025,235/25xk,0541/TURKEY,ERAY AÇIKGÖZ EXPERTYOL,KSS-2247,  150 ,9/22/2025
7/24/2025,7/25/2025,236/25XK,0525/PANAMA,LDA BUSINESS INC 1,C.07-3.5mm,  40 ,9/10/2025
7/24/2025,7/25/2025,236/25XK,0525/PANAMA,LDA BUSINESS INC 1,CL.205-5mm,  40 ,9/10/2025
7/24/2025,7/25/2025,236/25XK,0525/PANAMA,LDA BUSINESS INC 1,CL.206-7mm,  40 ,9/10/2025
7/24/2025,7/25/2025,236/25XK,0525/PANAMA,LDA BUSINESS INC 1,CL.207-10mm,  25 ,9/10/2025
7/24/2025,7/25/2025,236/25XK,0525/PANAMA,LDA BUSINESS INC 1,CL.207-5mm,  30 ,9/10/2025
7/24/2025,7/25/2025,236/25XK,0525/PANAMA,LDA BUSINESS INC 1,CL.207-7mm,  25 ,9/10/2025
7/24/2025,7/25/2025,236/25XK,0525/PANAMA,LDA BUSINESS INC 1,CL.211-10mm,  30 ,9/10/2025
7/24/2025,7/25/2025,236/25XK,0525/PANAMA,LDA BUSINESS INC 1,CL.223-5mm,  40 ,9/10/2025
7/24/2025,7/25/2025,236/25XK,0525/PANAMA,LDA BUSINESS INC 1,CL.223-8mm,  20 ,9/10/2025
7/24/2025,7/25/2025,236/25XK,0525/PANAMA,LDA BUSINESS INC 1,CL.S01-5mm,  25 ,9/10/2025
7/24/2025,7/25/2025,236/25XK,0525/PANAMA,LDA BUSINESS INC 1,CL.S01-7mm,  40 ,9/10/2025
7/24/2025,7/25/2025,236/25XK,0525/PANAMA,LDA BUSINESS INC 1,CL.S02-5mm,  20 ,9/10/2025
7/24/2025,7/25/2025,236/25XK,0525/PANAMA,LDA BUSINESS INC 1,HS.03,  20 ,9/10/2025
7/24/2025,7/25/2025,236/25XK,0525/PANAMA,LDA BUSINESS INC 1,HS.04,  10 ,9/10/2025
7/24/2025,7/25/2025,236/25XK,0525/PANAMA,LDA BUSINESS INC 1,KD.43,  20 ,9/10/2025
7/24/2025,7/25/2025,236/25XK,0525/PANAMA,LDA BUSINESS INC 1,KD.707,  10 ,9/10/2025
7/24/2025,7/25/2025,236/25XK,0525/PANAMA,LDA BUSINESS INC 1,KDN.721,  30 ,9/10/2025
7/24/2025,7/25/2025,236/25XK,0525/PANAMA,LDA BUSINESS INC 1,NC.01,  30 ,9/10/2025
7/24/2025,7/25/2025,236/25XK,0525/PANAMA,LDA BUSINESS INC 1,NC.03,  10 ,9/10/2025
7/24/2025,7/25/2025,236/25XK,0525/PANAMA,LDA BUSINESS INC 1,NL.201,  10 ,9/10/2025
7/24/2025,7/25/2025,236/25XK,0525/PANAMA,LDA BUSINESS INC 1,NL.202,  20 ,9/10/2025
7/24/2025,7/25/2025,236/25XK,0525/PANAMA,LDA BUSINESS INC 1,NL.204,  20 ,9/10/2025
7/24/2025,7/25/2025,236/25XK,0525/PANAMA,LDA BUSINESS INC 1,NL.205,  10 ,9/10/2025
7/24/2025,7/25/2025,236/25XK,0525/PANAMA,LDA BUSINESS INC 1,NL.206,  10 ,9/10/2025
7/24/2025,7/25/2025,236/25XK,0525/PANAMA,LDA BUSINESS INC 1,P.01,  20 ,9/10/2025
7/24/2025,7/25/2025,236/25XK,0525/PANAMA,LDA BUSINESS INC 1,P.02,  20 ,9/10/2025
7/24/2025,7/25/2025,236/25XK,0525/PANAMA,LDA BUSINESS INC 1,P.03,  20 ,9/10/2025
7/24/2025,7/25/2025,236/25XK,0525/PANAMA,LDA BUSINESS INC 1,P.04,  10 ,9/10/2025
7/24/2025,7/25/2025,236/25XK,0525/PANAMA,LDA BUSINESS INC 1,P.12,  20 ,9/10/2025
7/24/2025,7/25/2025,236/25XK,0525/PANAMA,LDA BUSINESS INC 1,P.15,  10 ,9/10/2025
7/24/2025,7/25/2025,236/25XK,0525/PANAMA,LDA BUSINESS INC 1,P.22,  20 ,9/10/2025
7/24/2025,7/25/2025,236/25XK,0525/PANAMA,LDA BUSINESS INC 1,T.11,  30 ,9/10/2025
7/18/2025,7/25/2025,237/25XK,0601/COLOMBIA,Adriana velez ,KD2-3098,  200 ,9/16/2025
7/18/2025,7/25/2025,237/25XK,0601/COLOMBIA,Adriana velez ,KD2-3099,  200 ,9/16/2025
7/18/2025,7/25/2025,237/25XK,0601/COLOMBIA,Adriana velez ,KD2-3100,  200 ,9/16/2025
7/18/2025,8/15/2025,237/25XK,0601/COLOMBIA,Adriana velez ,KD2-3102,  200 ,9/26/2025
7/18/2025,7/25/2025,237/25XK,0601/COLOMBIA,Adriana velez ,KM2-3101,  200 ,9/16/2025
7/18/2025,7/25/2025,237/25XK,0601/COLOMBIA,Adriana velez ,KSN-3103,  200 ,9/16/2025
7/18/2025,8/15/2025,237/25XK1,0601/COLOMBIA,Adriana velez ,KD2-3102,  10 ,9/29/2025
6/28/2025,7/30/2025,238/25XK,KDQT,HC DUBAI,B.916C-HO,  3 ,9/20/2025
6/28/2025,7/30/2025,238/25XK,KDQT,HC DUBAI,B.916C-TR,  3 ,9/20/2025
6/28/2025,7/30/2025,238/25XK,KDQT,HC DUBAI,B.916C-VA,  3 ,9/20/2025
6/28/2025,7/30/2025,238/25XK,KDQT,HC DUBAI,B.916C-XL,  3 ,9/20/2025
6/28/2025,7/30/2025,238/25XK,KDQT,HC DUBAI,B.999,  6 ,9/20/2025
6/28/2025,7/30/2025,238/25XK,KDQT,HC DUBAI,C.03-5mm,  10 ,9/20/2025
6/28/2025,7/30/2025,238/25XK,KDQT,HC DUBAI,C.04-6mm,  10 ,9/20/2025
6/28/2025,7/30/2025,238/25XK,KDQT,HC DUBAI,C.05-5mm,  4 ,9/20/2025
6/28/2025,7/30/2025,238/25XK,KDQT,HC DUBAI,C.06-6mm,  6 ,9/20/2025
6/28/2025,7/30/2025,238/25XK,KDQT,HC DUBAI,C.07-3.5mm,  4 ,9/20/2025
6/28/2025,7/30/2025,238/25XK,KDQT,HC DUBAI,C.07-5mm,  10 ,9/20/2025
6/28/2025,7/30/2025,238/25XK,KDQT,HC DUBAI,C.07-7mm,  6 ,9/20/2025
6/28/2025,7/30/2025,238/25XK,KDQT,HC DUBAI,C.08-7mm,  4 ,9/20/2025
6/28/2025,7/30/2025,238/25XK,KDQT,HC DUBAI,C.111,  10 ,9/20/2025
6/28/2025,7/30/2025,238/25XK,KDQT,HC DUBAI,C.112,  10 ,9/20/2025
6/28/2025,7/30/2025,238/25XK,KDQT,HC DUBAI,C.114,  10 ,9/20/2025
6/28/2025,7/30/2025,238/25XK,KDQT,HC DUBAI,C.118,  10 ,9/20/2025
6/28/2025,7/30/2025,238/25XK,KDQT,HC DUBAI,C.35-5mm,  4 ,9/20/2025
6/28/2025,7/30/2025,238/25XK,KDQT,HC DUBAI,C.36-14,  10 ,9/20/2025
6/28/2025,7/30/2025,238/25XK,KDQT,HC DUBAI,C.36-16,  -   ,9/20/2025
6/28/2025,7/30/2025,238/25XK,KDQT,HC DUBAI,C.36-5mm,  10 ,9/20/2025
6/28/2025,7/30/2025,238/25XK,KDQT,HC DUBAI,C.37-12,  2 ,9/20/2025
6/28/2025,7/30/2025,238/25XK,KDQT,HC DUBAI,C.37-16,  2 ,9/20/2025
6/28/2025,7/30/2025,238/25XK,KDQT,HC DUBAI,CL.201-12,  2 ,9/20/2025
6/28/2025,7/30/2025,238/25XK,KDQT,HC DUBAI,CL.201-14,  2 ,9/20/2025
6/28/2025,7/30/2025,238/25XK,KDQT,HC DUBAI,CL.205-5mm,  2 ,9/20/2025
6/28/2025,7/30/2025,238/25XK,KDQT,HC DUBAI,CL.205-7mm,  2 ,9/20/2025
6/28/2025,7/30/2025,238/25XK,KDQT,HC DUBAI,CL.206-5mm,  10 ,9/20/2025
6/28/2025,7/30/2025,238/25XK,KDQT,HC DUBAI,CL.206-7mm,  10 ,9/20/2025
6/28/2025,7/30/2025,238/25XK,KDQT,HC DUBAI,CL.209-12mm,  6 ,9/20/2025
6/28/2025,7/30/2025,238/25XK,KDQT,HC DUBAI,CL.210-12mm,  4 ,9/20/2025
6/28/2025,7/30/2025,238/25XK,KDQT,HC DUBAI,CL.211-10mm,  4 ,9/20/2025
6/28/2025,7/30/2025,238/25XK,KDQT,HC DUBAI,CL.212-8mm,  4 ,9/20/2025
6/28/2025,7/30/2025,238/25XK,KDQT,HC DUBAI,CL.213-10mm,  3 ,9/20/2025
6/28/2025,7/30/2025,238/25XK,KDQT,HC DUBAI,CL.214-10mm,  4 ,9/20/2025
6/28/2025,7/30/2025,238/25XK,KDQT,HC DUBAI,CL.221-10mm,  10 ,9/20/2025
6/28/2025,7/30/2025,238/25XK,KDQT,HC DUBAI,CL.223-8mm,  10 ,9/20/2025
6/28/2025,7/30/2025,238/25XK,KDQT,HC DUBAI,CL.S01-5mm,  6 ,9/20/2025
6/28/2025,7/30/2025,238/25XK,KDQT,HC DUBAI,CL.S02-5mm,  6 ,9/20/2025
6/28/2025,7/30/2025,238/25XK,KDQT,HC DUBAI,EVO.01V-6mm,  2 ,9/20/2025
6/28/2025,7/30/2025,238/25XK,KDQT,HC DUBAI,KD.701,  10 ,9/20/2025
6/28/2025,7/30/2025,238/25XK,KDQT,HC DUBAI,KD.702,  10 ,9/20/2025
6/28/2025,7/30/2025,238/25XK,KDQT,HC DUBAI,KD.703,  10 ,9/20/2025
6/28/2025,7/30/2025,238/25XK,KDQT,HC DUBAI,KD.704,  10 ,9/20/2025
6/28/2025,7/30/2025,238/25XK,KDQT,HC DUBAI,KD.705,  10 ,9/20/2025
6/28/2025,7/30/2025,238/25XK,KDQT,HC DUBAI,KD.706,  10 ,9/20/2025
6/28/2025,7/30/2025,238/25XK,KDQT,HC DUBAI,KD.707,  20 ,9/20/2025
6/28/2025,7/30/2025,238/25XK,KDQT,HC DUBAI,KD.708,  10 ,9/20/2025
6/28/2025,7/30/2025,238/25XK,KDQT,HC DUBAI,KD.709,  10 ,9/20/2025
6/28/2025,7/30/2025,238/25XK,KDQT,HC DUBAI,KD.710,  6 ,9/20/2025
6/28/2025,7/30/2025,238/25XK,KDQT,HC DUBAI,KD.711,  6 ,9/20/2025
6/28/2025,7/30/2025,238/25XK,KDQT,HC DUBAI,KD.712,  6 ,9/20/2025
6/28/2025,7/30/2025,238/25XK,KDQT,HC DUBAI,KD.714,  10 ,9/20/2025
6/28/2025,7/30/2025,238/25XK,KDQT,HC DUBAI,KD.715,  10 ,9/20/2025
6/28/2025,7/30/2025,238/25XK,KDQT,HC DUBAI,KD.716,  10 ,9/20/2025
6/28/2025,7/30/2025,238/25XK,KDQT,HC DUBAI,KD.718,  6 ,9/20/2025
6/28/2025,7/30/2025,238/25XK,KDQT,HC DUBAI,KD2-3014,  -   ,9/20/2025
6/28/2025,7/30/2025,238/25XK,KDQT,HC DUBAI,KD2-3015,  -   ,9/20/2025
6/28/2025,7/30/2025,238/25XK,KDQT,HC DUBAI,KDM.713,  3 ,9/20/2025
6/28/2025,7/30/2025,238/25XK,KDQT,HC DUBAI,KDM.717,  3 ,9/20/2025
6/28/2025,7/30/2025,238/25XK,KDQT,HC DUBAI,KDN.720,  10 ,9/20/2025
6/28/2025,7/30/2025,238/25XK,KDQT,HC DUBAI,KDN.721,  20 ,9/20/2025
6/28/2025,7/30/2025,238/25XK,KDQT,HC DUBAI,MD.3018,  150 ,9/20/2025
6/28/2025,7/30/2025,238/25XK,KDQT,HC DUBAI,N.111,  4 ,9/20/2025
6/28/2025,7/30/2025,238/25XK,KDQT,HC DUBAI,N.112,  4 ,9/20/2025
6/28/2025,7/30/2025,238/25XK,KDQT,HC DUBAI,N.118,  4 ,9/20/2025
6/28/2025,7/30/2025,238/25XK,KDQT,HC DUBAI,NC.01,  10 ,9/20/2025
6/28/2025,7/30/2025,238/25XK,KDQT,HC DUBAI,NC.02,  10 ,9/20/2025
6/28/2025,7/30/2025,238/25XK,KDQT,HC DUBAI,NC.03,  10 ,9/20/2025
6/28/2025,7/30/2025,238/25XK,KDQT,HC DUBAI,NC.04,  10 ,9/20/2025
6/28/2025,7/30/2025,238/25XK,KDQT,HC DUBAI,NC.05,  6 ,9/20/2025
6/28/2025,7/30/2025,238/25XK,KDQT,HC DUBAI,NC.06,  6 ,9/20/2025
6/28/2025,7/30/2025,238/25XK,KDQT,HC DUBAI,NL.201,  4 ,9/20/2025
6/28/2025,7/30/2025,238/25XK,KDQT,HC DUBAI,NL.202,  20 ,9/20/2025
6/28/2025,7/30/2025,238/25XK,KDQT,HC DUBAI,NL.203,  5 ,9/20/2025
6/28/2025,7/30/2025,238/25XK,KDQT,HC DUBAI,NL.204,  5 ,9/20/2025
6/28/2025,7/30/2025,238/25XK,KDQT,HC DUBAI,NL.205,  6 ,9/20/2025
6/28/2025,7/30/2025,238/25XK,KDQT,HC DUBAI,NL.206,  4 ,9/20/2025
6/28/2025,7/30/2025,238/25XK,KDQT,HC DUBAI,NL.207,  4 ,9/20/2025
6/28/2025,7/30/2025,238/25XK,KDQT,HC DUBAI,NL.208,  4 ,9/20/2025
6/28/2025,7/30/2025,238/25XK,KDQT,HC DUBAI,NL.210,  10 ,9/20/2025
6/28/2025,7/30/2025,238/25XK,KDQT,HC DUBAI,P.01,  6 ,9/20/2025
6/28/2025,7/30/2025,238/25XK,KDQT,HC DUBAI,P.02,  6 ,9/20/2025
6/28/2025,7/30/2025,238/25XK,KDQT,HC DUBAI,P.03,  10 ,9/20/2025
6/28/2025,7/30/2025,238/25XK,KDQT,HC DUBAI,P.04,  6 ,9/20/2025
6/28/2025,7/30/2025,238/25XK,KDQT,HC DUBAI,P.05,  6 ,9/20/2025
6/28/2025,7/30/2025,238/25XK,KDQT,HC DUBAI,P.08,  10 ,9/20/2025
6/28/2025,7/30/2025,238/25XK,KDQT,HC DUBAI,P.09,  5 ,9/20/2025
6/28/2025,7/30/2025,238/25XK,KDQT,HC DUBAI,P.10,  10 ,9/20/2025
6/28/2025,7/30/2025,238/25XK,KDQT,HC DUBAI,P.12,  10 ,9/20/2025
6/28/2025,7/30/2025,238/25XK,KDQT,HC DUBAI,P.13,  6 ,9/20/2025
6/28/2025,7/30/2025,238/25XK,KDQT,HC DUBAI,P.14,  10 ,9/20/2025
6/28/2025,7/30/2025,238/25XK,KDQT,HC DUBAI,P.15,  10 ,9/20/2025
6/28/2025,7/30/2025,238/25XK,KDQT,HC DUBAI,P.17,  20 ,9/20/2025
6/28/2025,7/30/2025,238/25XK,KDQT,HC DUBAI,P.19,  4 ,9/20/2025
6/28/2025,7/30/2025,238/25XK,KDQT,HC DUBAI,P.20,  4 ,9/20/2025
6/28/2025,7/30/2025,238/25XK,KDQT,HC DUBAI,P.21,  -   ,9/20/2025
6/28/2025,7/30/2025,238/25XK,KDQT,HC DUBAI,P.22,  4 ,9/20/2025
6/28/2025,7/30/2025,238/25XK,KDQT,HC DUBAI,P.24,  10 ,9/20/2025
6/28/2025,7/30/2025,238/25XK,KDQT,HC DUBAI,T.01BL,  2 ,9/20/2025
6/28/2025,7/30/2025,238/25XK,KDQT,HC DUBAI,T.01BO,  2 ,9/20/2025
6/28/2025,7/30/2025,238/25XK,KDQT,HC DUBAI,T.01GR,  2 ,9/20/2025
6/28/2025,7/30/2025,238/25XK,KDQT,HC DUBAI,T.01PU,  2 ,9/20/2025
6/28/2025,7/30/2025,238/25XK,KDQT,HC DUBAI,T.01RE,  2 ,9/20/2025
6/28/2025,7/30/2025,238/25XK,KDQT,HC DUBAI,T.03,  10 ,9/20/2025
6/28/2025,7/30/2025,238/25XK,KDQT,HC DUBAI,T.04,  10 ,9/20/2025
6/28/2025,7/30/2025,238/25XK,KDQT,HC DUBAI,T.05,  10 ,9/20/2025
6/28/2025,7/30/2025,238/25XK,KDQT,HC DUBAI,T.06,  10 ,9/20/2025
6/28/2025,7/30/2025,238/25XK,KDQT,HC DUBAI,T.07,  10 ,9/20/2025
6/28/2025,7/30/2025,238/25XK,KDQT,HC DUBAI,T.08,  10 ,9/20/2025
6/28/2025,7/30/2025,238/25XK,KDQT,HC DUBAI,T.09,  10 ,9/20/2025
6/28/2025,7/30/2025,238/25XK,KDQT,HC DUBAI,T.10,  10 ,9/20/2025
6/30/2025,7/30/2025,239/25XK,0536/SING,Maximus Zhao Marketing (S) Pte. Ltd,C.111,  3.000 ,9/13/2025
7/25/2025,7/30/2025,240/25XK,0503/SPAIN,Salón manicura y pedicura Siberia S.L.,KD2-3107,  500 ,9/19/2025
7/25/2025,7/30/2025,240/25XK,0503/SPAIN,Salón manicura y pedicura Siberia S.L.,KSS-3105,  300 ,9/19/2025
7/25/2025,7/30/2025,240/25XK,0503/SPAIN,Salón manicura y pedicura Siberia S.L.,KSS-3106,  300 ,9/19/2025
7/28/2025,7/30/2025,241/25XK,0013/ITALY,TECNIWORK S.P.A,KD3-0100,  1.000 ,10/10/2025
7/28/2025,7/30/2025,241/25XK,0013/ITALY,TECNIWORK S.P.A,KD3-0101,  500 ,10/10/2025
7/28/2025,7/30/2025,241/25XK,0013/ITALY,TECNIWORK S.P.A,KD3-0103,  800 ,10/10/2025
7/28/2025,7/30/2025,241/25XK,0013/ITALY,TECNIWORK S.P.A,KD3-0104,  900 ,10/10/2025
7/28/2025,7/30/2025,241/25XK,0013/ITALY,TECNIWORK S.P.A,KD3-0105,  700 ,10/10/2025
7/28/2025,7/30/2025,241/25XK,0013/ITALY,TECNIWORK S.P.A,KM3-0254,  500 ,10/10/2025
7/24/2025,8/2/2025,242/25XK,0425/CHINA,Guangzhou Xingdian Nail Products Company Limited,B.901NC,  2.880 ,10/25/2025
7/24/2025,8/2/2025,242/25XK,0425/CHINA,Guangzhou Xingdian Nail Products Company Limited,B.902NC,  3.960 ,10/25/2025
7/24/2025,8/2/2025,242/25xk,0425/CHINA,Guangzhou Xingdian Nail Products Company Limited,CL.206NC-3.5MM,  360 ,10/25/2025
7/24/2025,8/2/2025,242/25xk,0425/CHINA,Guangzhou Xingdian Nail Products Company Limited,CL.206NC-5MM,  360 ,10/25/2025
7/24/2025,8/2/2025,242/25xk,0425/CHINA,Guangzhou Xingdian Nail Products Company Limited,CL.206NC-6MM,  360 ,10/25/2025
7/24/2025,8/2/2025,242/25xk,0425/CHINA,Guangzhou Xingdian Nail Products Company Limited,CL.S02NC-3.5MM,  360 ,10/25/2025
7/24/2025,8/2/2025,242/25xk,0425/CHINA,Guangzhou Xingdian Nail Products Company Limited,CL.S02NC-5MM,  360 ,10/25/2025
7/24/2025,8/2/2025,242/25xk,0425/CHINA,Guangzhou Xingdian Nail Products Company Limited,CL.S02NC-6MM,  360 ,10/25/2025
7/24/2025,8/2/2025,242/25XK,0425/CHINA,Guangzhou Xingdian Nail Products Company Limited,D.03-12NC,  1.080 ,10/25/2025
7/24/2025,8/2/2025,242/25XK,0425/CHINA,Guangzhou Xingdian Nail Products Company Limited,D.03-14NC,  2.160 ,10/25/2025
7/24/2025,8/2/2025,242/25XK,0425/CHINA,Guangzhou Xingdian Nail Products Company Limited,D.05-12NC,  60 ,10/25/2025
7/24/2025,8/2/2025,242/25XK,0425/CHINA,Guangzhou Xingdian Nail Products Company Limited,D.05-14NC,  120 ,10/25/2025
7/24/2025,8/2/2025,242/25XK,0425/CHINA,Guangzhou Xingdian Nail Products Company Limited,D.05V-12NC,  120 ,10/25/2025
7/24/2025,8/2/2025,242/25XK,0425/CHINA,Guangzhou Xingdian Nail Products Company Limited,D.05V-14NC,  60 ,10/25/2025
7/24/2025,8/2/2025,242/25XK,0425/CHINA,Guangzhou Xingdian Nail Products Company Limited,D.07-12NC,  28.800 ,10/25/2025
7/24/2025,8/2/2025,242/25XK,0425/CHINA,Guangzhou Xingdian Nail Products Company Limited,D.07-14NC,  21.600 ,10/25/2025
7/24/2025,8/2/2025,242/25XK,0425/CHINA,Guangzhou Xingdian Nail Products Company Limited,D.07-16NC,  4.320 ,10/25/2025
7/24/2025,8/2/2025,242/25XK,0425/CHINA,Guangzhou Xingdian Nail Products Company Limited,D.07-3.5NC,  7.200 ,10/25/2025
7/24/2025,8/2/2025,242/25xk,0425/CHINA,Guangzhou Xingdian Nail Products Company Limited,D.22-14NC,  3.600 ,10/25/2025
7/24/2025,8/2/2025,242/25XK,0425/CHINA,Guangzhou Xingdian Nail Products Company Limited,D.22NC,  10.800 ,10/25/2025
7/24/2025,8/2/2025,242/25XK,0425/CHINA,Guangzhou Xingdian Nail Products Company Limited,D.23NC,  7.200 ,10/25/2025
7/24/2025,8/2/2025,242/25xk,0425/CHINA,Guangzhou Xingdian Nail Products Company Limited,D.501-12NC,  10.800 ,10/25/2025
7/24/2025,8/2/2025,242/25XK,0425/CHINA,Guangzhou Xingdian Nail Products Company Limited,D.501-14NC,  16.200 ,10/25/2025
7/24/2025,8/2/2025,242/25XK,0425/CHINA,Guangzhou Xingdian Nail Products Company Limited,D.501NC,  21.600 ,10/25/2025
7/24/2025,8/2/2025,242/25XK,0425/CHINA,Guangzhou Xingdian Nail Products Company Limited,DL.02C-14NC,  360 ,10/25/2025
7/24/2025,8/2/2025,242/25XK,0425/CHINA,Guangzhou Xingdian Nail Products Company Limited,KM.601NC,  360 ,10/25/2025
7/24/2025,8/2/2025,242/25xk,0425/CHINA,Guangzhou Xingdian Nail Products Company Limited,NL.202NC,  360 ,10/25/2025
7/24/2025,8/2/2025,242/25XK,0425/CHINA,Guangzhou Xingdian Nail Products Company Limited,P.12NC,  360 ,10/25/2025
7/24/2025,8/2/2025,242/25XK,0425/CHINA,Guangzhou Xingdian Nail Products Company Limited,S.511NC,  3.600 ,10/25/2025
8/1/2025,8/2/2025,243/25XK,0496/POLAND,APM GROUP,KD2-1856,  500 ,9/20/2025
8/1/2025,8/2/2025,243/25XK,0496/POLAND,APM GROUP,KSK-2477,  500 ,9/16/2025
7/31/2025,8/2/2025,244/25XK,0279/CANADA,2Sharp Nippers Inc.,KD2-0591,  1.000 ,9/24/2025
7/31/2025,8/2/2025,244/25XK,0279/CANADA,2Sharp Nippers Inc.,KD2-0592,  1.000 ,9/24/2025
7/31/2025,8/2/2025,244/25XK,0279/CANADA,2Sharp Nippers Inc.,KD2-0595,  700 ,9/24/2025
7/31/2025,8/2/2025,244/25XK,0279/CANADA,2Sharp Nippers Inc.,KD2-0596,  300 ,9/24/2025
7/31/2025,8/2/2025,244/25XK,0279/CANADA,2Sharp Nippers Inc.,KD2-0597,  300 ,9/24/2025
7/31/2025,8/2/2025,244/25XK,0279/CANADA,2Sharp Nippers Inc.,KD2-0598,  1.000 ,9/24/2025
7/31/2025,8/2/2025,244/25XK,0279/CANADA,2Sharp Nippers Inc.,KSB-0601,  300 ,9/24/2025
7/30/2025,8/5/2025,245/25XK,0553/ISRAEL,ROYAL DENTAL,KD2-3086,  500 ,9/23/2025
7/30/2025,8/5/2025,245/25XK,0553/ISRAEL,ROYAL DENTAL,KD2-3087,  500 ,9/23/2025
7/30/2025,8/5/2025,245/25XK,0553/ISRAEL,ROYAL DENTAL,KD2-3088,  500 ,9/23/2025
7/23/2025,9/6/2025,246/25XK,0581/HUNGARY,TIMAR VIRAD,KSK-2641,  300 ,9/20/2025
7/23/2025,9/6/2025,246/25XK,0581/HUNGARY,TIMAR VIRAD,KSK-2649,  300 ,9/20/2025
7/23/2025,9/6/2025,246/25XK,0581/HUNGARY,TIMAR VIRAD,KSK-2650,  300 ,9/20/2025
7/23/2025,9/6/2025,246/25XK,0581/HUNGARY,TIMAR VIRAD,KSK-2727,  100 ,9/20/2025
7/23/2025,9/6/2025,246/25XK,0581/HUNGARY,TIMAR VIRAD,KSK-2728,  100 ,9/20/2025
7/23/2025,9/6/2025,246/25XK,0581/HUNGARY,TIMAR VIRAD,KSK-3111,  100 ,9/20/2025
7/23/2025,9/6/2025,246/25XK,0581/HUNGARY,TIMAR VIRAD,KSK-3112,  100 ,9/20/2025
8/4/2025,8/5/2025,247/25XK,0005/FRANCE,DECORSE & VOIRIN SAS,KD3-0115,  5.000 ,11/12/2025
8/4/2025,8/5/2025,247/25XK,0005/FRANCE,DECORSE & VOIRIN SAS,KD3-0116,  1.000 ,11/12/2025
8/4/2025,8/5/2025,247/25XK,0005/FRANCE,DECORSE & VOIRIN SAS,KD3-0255,  2.000 ,11/12/2025
8/4/2025,8/5/2025,247/25XK1,0005/FRANCE,DECORSE & VOIRIN SAS,KD3-0115,  3.000 ,10/18/2025
8/5/2025,8/15/2025,248/25XK,0577/KOREA,MIRROR NIPPER,KD2-3085,  1.000 ,10/16/2025
8/6/2025,8/6/2025,249/25XK,0543/LITHUANIA,UAB “Plienas Meistras”,KSK-2284,  1.100 ,8/26/2025
8/6/2025,8/6/2025,249/25XK,0543/LITHUANIA,UAB “Plienas Meistras”,KSK-2285,  400 ,8/26/2025
8/28/2025,8/28/2025,249/25XK,0543/LITHUANIA,UAB “Plienas Meistras”,KSK-3218,  120 ,8/28/2025
8/6/2025,8/6/2025,249/25XK,0543/LITHUANIA,UAB “Plienas Meistras”,KSS-2708,  400 ,8/26/2025
8/8/2025,8/12/2025,250/25XK,KDQT,HC BRAZIL,KD2-3144,  10 ,8/14/2025
8/8/2025,8/12/2025,250/25XK,KDQT,HC BRAZIL,KM2-3145,  10 ,8/14/2025
8/8/2025,8/12/2025,250/25XK,KDQT,HC BRAZIL,KM2-3146,  10 ,8/14/2025
8/8/2025,8/12/2025,250/25XK,KDQT,HC BRAZIL,KSK-3136,  100 ,8/14/2025
8/8/2025,8/12/2025,250/25XK,KDQT,HC BRAZIL,KSK-3137,  200 ,8/14/2025
8/8/2025,8/12/2025,250/25XK,KDQT,HC BRAZIL,KSK-3138,  100 ,8/14/2025
8/8/2025,8/12/2025,250/25XK,KDQT,HC BRAZIL,KSK-3139,  5 ,8/14/2025
8/8/2025,8/12/2025,250/25XK,KDQT,HC BRAZIL,KSK-3140,  5 ,8/14/2025
8/8/2025,8/12/2025,250/25XK,KDQT,HC BRAZIL,KSS-3141,  5 ,8/14/2025
8/8/2025,8/12/2025,250/25XK,KDQT,HC BRAZIL,KSS-3142,  5 ,8/14/2025
8/8/2025,8/12/2025,250/25XK,KDQT,HC BRAZIL,KSS-3143,  5 ,8/14/2025
8/12/2025,8/12/2025,251/25XK,0573/BRAZIL,Vicente and Teixeira Cosmetics Ltd,KD2-2665,  600 ,9/24/2025
8/12/2025,8/12/2025,251/25XK,0573/BRAZIL,Vicente and Teixeira Cosmetics Ltd,KD2-2666,  400 ,9/24/2025
8/12/2025,8/12/2025,251/25XK,0573/BRAZIL,Vicente and Teixeira Cosmetics Ltd,KSK-2667,  600 ,9/24/2025
8/12/2025,8/12/2025,251/25XK,0573/BRAZIL,Vicente and Teixeira Cosmetics Ltd,KSK-2668,  600 ,9/24/2025
8/28/2025,8/29/2025,251/25XK,0573/BRAZIL,Vicente and Teixeira Cosmetics Ltd,KSK-3190,  300 ,9/24/2025
8/12/2025,8/12/2025,251/25XK,0573/BRAZIL,Vicente and Teixeira Cosmetics Ltd,KSS-2669,  600 ,9/24/2025
8/12/2025,8/12/2025,251/25XK,0573/BRAZIL,Vicente and Teixeira Cosmetics Ltd,KSS-2670,  800 ,9/24/2025
8/11/2025,8/12/2025,252/25XK,0505/PORTUGAL,DUOBEAUTY UNIPESSOAL LDA,KD2-2187,  200 ,9/27/2025
8/12/2025,8/15/2025,253/25XK,NNC,NNC,B.902,  360 ,9/19/2025
8/12/2025,8/15/2025,253/25XK,NNC,NNC,D.01-14,  1.800 ,9/19/2025
8/12/2025,8/15/2025,253/25XK,NNC,NNC,D.01-16,  1.800 ,9/19/2025
8/12/2025,8/15/2025,253/25XK,NNC,NNC,N.401DO,  120 ,9/19/2025
8/12/2025,8/15/2025,253/25XK,NNC,NNC,N.401TI,  120 ,9/19/2025
8/12/2025,8/15/2025,253/25XK,NNC,NNC,N.401VD,  120 ,9/19/2025
8/12/2025,8/15/2025,253/25XK,NNC,NNC,N.401XD,  120 ,9/19/2025
8/12/2025,8/15/2025,253/25XK,NNC,NNC,N.401XL,  120 ,9/19/2025
8/12/2025,8/15/2025,253/25XK,NNC,NNC,N.425XD,  120 ,9/19/2025
8/12/2025,8/15/2025,253/25XK,NNC,NNC,N.425XL,  120 ,9/19/2025
8/12/2025,8/15/2025,253/25XK,NNC,NNC,S.506,  3.720 ,9/19/2025
8/13/2025,8/15/2025,254/25nd,GT,GT,D.4,  500 ,8/20/2025
8/12/2025,8/15/2025,255/25XK,0512/ROMANIA,HEAD STEEL SRL,KSS-3115,  500 ,8/26/2025
8/14/2025,8/15/2025,256/25XK,0606/ROMANIA,IRON KING SRL,KSK-3069,  150 ,9/17/2025
8/14/2025,8/15/2025,256/25XK,0606/ROMANIA,IRON KING SRL,KSK-3070,  150 ,9/17/2025
8/14/2025,8/15/2025,256/25XK,0606/ROMANIA,IRON KING SRL,KSK-3071,  150 ,9/17/2025
8/14/2025,8/15/2025,256/25XK,0606/ROMANIA,IRON KING SRL,KSK-3079,  150 ,9/17/2025
8/14/2025,8/15/2025,256/25XK,0606/ROMANIA,IRON KING SRL,KSK-3080,  150 ,9/17/2025
8/14/2025,8/15/2025,256/25XK,0606/ROMANIA,IRON KING SRL,KSK-3081,  150 ,9/17/2025
8/14/2025,8/15/2025,256/25XK,0606/ROMANIA,IRON KING SRL,KSK-3082,  150 ,9/17/2025
8/14/2025,8/15/2025,257/25XK,KDQT,HÀNG TỒN,KD2-2475,  500 ,10/11/2025
8/15/2025,8/19/2025,258/25XK,KDQT,HÀNG TỒN,KD.707,  -   ,10/11/2025
8/15/2025,8/19/2025,258/25XK,KDQT,HÀNG TỒN,KD.715,  -   ,10/11/2025
8/15/2025,8/19/2025,258/25XK,KDQT,HÀNG TỒN,KDN.721,  -   ,10/11/2025
8/15/2025,8/19/2025,258/25XK,KDQT,HÀNG TỒN,KM2-1650,  80 ,10/11/2025
8/15/2025,8/19/2025,258/25XK,KDQT,HÀNG TỒN,NL.202,  500 ,10/11/2025
8/19/2025,8/20/2025,259/25ND,GT,BAN GIÁM ĐỐC,GS.05QT,  -   ,9/10/2025
8/19/2025,8/20/2025,259/25ND,GT,BAN GIÁM ĐỐC,GS.18V,  50 ,9/10/2025
8/19/2025,8/20/2025,259/25ND,GT,BAN GIÁM ĐỐC,GS.EVO-01,  50 ,9/10/2025
8/19/2025,8/20/2025,259/25ND,GT,BAN GIÁM ĐỐC,MD.QT,  50 ,9/10/2025
8/15/2025,8/20/2025,260/25ND,GT,MAKETTING,D.10-14,  1.000 ,9/27/2025
8/15/2025,8/20/2025,260/25ND,GT,MAKETTING,D.10-16,  1.000 ,9/27/2025
8/15/2025,8/20/2025,260/25ND,GT,MAKETTING,D.888,  1.000 ,9/27/2025
6/13/2025,8/20/2025,261/25XK,0026/GERMANY,ZWILLING Beauty Group GmbH,KSD-0361,  5.400 ,11/30/2025
6/13/2025,8/20/2025,261/25XK,0026/GERMANY,ZWILLING Beauty Group GmbH,KSD-0362,  10.200 ,11/30/2025
8/21/2025,8/21/2025,262/25XK,0026/GERMANY,ZWILLING Beauty Group GmbH,KD2-0568,  2.000 ,11/24/2025
8/21/2025,8/21/2025,262/25XK,0026/GERMANY,ZWILLING Beauty Group GmbH,KM2-0550,  2.500 ,11/24/2025
8/21/2025,8/25/2025,263/25XK,0260/USA,NYDC NAIL & BEAUTY SUPPLY,C.04-14,  360 ,9/17/2025
8/21/2025,8/25/2025,263/25XK,0260/USA,NYDC NAIL & BEAUTY SUPPLY,C.04-16,  1.440 ,9/17/2025
8/21/2025,8/25/2025,264/25XK,0601/COLOMBIA,Adriana velez ,KD2-3098,  200 ,10/14/2025
8/21/2025,8/25/2025,264/25XK,0601/COLOMBIA,Adriana velez ,KD2-3099,  200 ,10/14/2025
8/21/2025,8/25/2025,264/25XK,0601/COLOMBIA,Adriana velez ,KD2-3100,  200 ,10/14/2025
8/21/2025,8/25/2025,264/25XK,0601/COLOMBIA,Adriana velez ,KD2-3248,  200 ,10/14/2025
8/21/2025,8/25/2025,264/25XK,0601/COLOMBIA,Adriana velez ,KD2-3249,  200 ,10/14/2025
8/21/2025,8/25/2025,264/25XK,0601/COLOMBIA,Adriana velez ,KSK-3250,  200 ,10/14/2025
8/21/2025,8/25/2025,265/25XK,0555/FRANCE,OA NAIL SYSTEM,KD2-3159,  500 ,10/15/2025
8/21/2025,8/25/2025,265/25XK,0555/FRANCE,OA NAIL SYSTEM,KD2-3160,  500 ,10/15/2025
8/21/2025,8/25/2025,265/25XK,0555/FRANCE,OA NAIL SYSTEM,KSB-3161,  500 ,10/15/2025
8/21/2025,8/25/2025,265/25XK,0555/FRANCE,OA NAIL SYSTEM,KSK-3162,  500 ,10/15/2025
8/21/2025,8/25/2025,265/25XK,0555/FRANCE,OA NAIL SYSTEM,KSK-3163,  500 ,10/15/2025
8/22/2025,8/28/2025,266/25XK,0393/RUSSIA,LLC RINGO,KD2-1068,  1.000 ,10/25/2025
8/22/2025,8/28/2025,266/25XK,0393/RUSSIA,LLC RINGO,KD2-1070,  1.000 ,10/25/2025
8/22/2025,8/28/2025,266/25XK,0393/RUSSIA,LLC RINGO,KD2-1122,  2.500 ,10/25/2025
8/22/2025,8/28/2025,266/25XK,0393/RUSSIA,LLC RINGO,KD2-1126,  2.500 ,10/25/2025
8/22/2025,8/28/2025,266/25XK,0393/RUSSIA,LLC RINGO,KD2-1133,  2.500 ,10/25/2025
8/22/2025,8/28/2025,266/25XK,0393/RUSSIA,LLC RINGO,KD2-1144,  3.000 ,10/25/2025
8/22/2025,8/28/2025,266/25XK,0393/RUSSIA,LLC RINGO,KD2-1551,  2.000 ,10/25/2025
8/22/2025,8/28/2025,266/25XK,0393/RUSSIA,LLC RINGO,KD2-1913,  2.000 ,10/25/2025
8/22/2025,8/28/2025,266/25XK,0393/RUSSIA,LLC RINGO,KD2-2-1118,  2.000 ,10/25/2025
8/22/2025,8/28/2025,266/25XK,0393/RUSSIA,LLC RINGO,KD2-2-1126,  2.000 ,10/25/2025
8/22/2025,8/28/2025,266/25XK,0393/RUSSIA,LLC RINGO,KD2-2-1130,  2.000 ,10/25/2025
8/22/2025,8/28/2025,266/25XK,0393/RUSSIA,LLC RINGO,KD2-2-1132,  2.000 ,10/25/2025
8/22/2025,8/28/2025,266/25XK,0393/RUSSIA,LLC RINGO,KM2-1176,  5.000 ,10/25/2025
8/25/2025,8/28/2025,267/25XK,0544/LEBANON,FREDDY HOUSE LEBANON,C.01-14,  360 ,9/16/2025
8/25/2025,8/28/2025,267/25XK,0544/LEBANON,FREDDY HOUSE LEBANON,C.01G-14,  180 ,9/16/2025
8/25/2025,8/28/2025,267/25XK,0544/LEBANON,FREDDY HOUSE LEBANON,C.07-6MM,  180 ,9/16/2025
8/25/2025,8/28/2025,267/25XK,0544/LEBANON,FREDDY HOUSE LEBANON,P.01,  480 ,9/16/2025
8/25/2025,8/28/2025,267/25XK,0544/LEBANON,FREDDY HOUSE LEBANON,P.10,  240 ,9/16/2025
8/27/2025,8/29/2025,268/25XK,0069/POLAND,ACTIV TOMASZ PACHOLCZYK,C.04-3.5MM,  1.440 ,10/25/2025
8/27/2025,8/29/2025,268/25XK,0069/POLAND,ACTIV TOMASZ PACHOLCZYK,C.04-5MM,  5.670 ,10/25/2025
8/27/2025,8/29/2025,268/25XK,0069/POLAND,ACTIV TOMASZ PACHOLCZYK,C.04-6MM,  360 ,10/25/2025
8/27/2025,8/29/2025,268/25XK,0069/POLAND,ACTIV TOMASZ PACHOLCZYK,C.06-7MM,  360 ,10/25/2025
8/27/2025,8/29/2025,268/25XK,0069/POLAND,ACTIV TOMASZ PACHOLCZYK,C.07-6MM,  1.440 ,10/25/2025
8/27/2025,8/29/2025,268/25XK,0069/POLAND,ACTIV TOMASZ PACHOLCZYK,C.37-12,  720 ,10/25/2025
8/27/2025,8/29/2025,268/25XK,0069/POLAND,ACTIV TOMASZ PACHOLCZYK,ES.05,  180 ,10/25/2025
8/27/2025,8/29/2025,268/25XK,0069/POLAND,ACTIV TOMASZ PACHOLCZYK,KD.704,  180 ,10/25/2025
8/27/2025,8/29/2025,268/25XK,0069/POLAND,ACTIV TOMASZ PACHOLCZYK,KD.705,  360 ,10/25/2025
8/27/2025,8/29/2025,268/25XK,0069/POLAND,ACTIV TOMASZ PACHOLCZYK,KD.706,  360 ,10/25/2025
8/27/2025,8/29/2025,268/25XK,0069/POLAND,ACTIV TOMASZ PACHOLCZYK,KD.707,  180 ,10/25/2025
8/27/2025,8/29/2025,268/25XK,0069/POLAND,ACTIV TOMASZ PACHOLCZYK,KD.710,  360 ,10/25/2025
8/27/2025,8/29/2025,268/25XK,0069/POLAND,ACTIV TOMASZ PACHOLCZYK,N.07,  360 ,10/25/2025
8/27/2025,8/29/2025,268/25XK,0069/POLAND,ACTIV TOMASZ PACHOLCZYK,N.111,  360 ,10/25/2025
8/27/2025,8/29/2025,268/25XK,0069/POLAND,ACTIV TOMASZ PACHOLCZYK,NB.102,  360 ,10/25/2025
8/27/2025,8/29/2025,268/25XK,0069/POLAND,ACTIV TOMASZ PACHOLCZYK,NC.01,  360 ,10/25/2025
8/27/2025,8/29/2025,268/25XK,0069/POLAND,ACTIV TOMASZ PACHOLCZYK,NC.02,  360 ,10/25/2025
8/27/2025,8/29/2025,268/25XK,0069/POLAND,ACTIV TOMASZ PACHOLCZYK,NC.03,  360 ,10/25/2025
8/27/2025,8/29/2025,268/25XK,0069/POLAND,ACTIV TOMASZ PACHOLCZYK,NC.04,  360 ,10/25/2025
8/27/2025,8/29/2025,268/25XK,0069/POLAND,ACTIV TOMASZ PACHOLCZYK,NC.06,  360 ,10/25/2025
8/27/2025,8/29/2025,268/25XK,0069/POLAND,ACTIV TOMASZ PACHOLCZYK,P.01,  180 ,10/25/2025
8/27/2025,8/29/2025,268/25XK,0069/POLAND,ACTIV TOMASZ PACHOLCZYK,P.05,  360 ,10/25/2025
8/27/2025,8/29/2025,268/25XK,0069/POLAND,ACTIV TOMASZ PACHOLCZYK,P.12,  360 ,10/25/2025
8/27/2025,8/29/2025,268/25XK,0069/POLAND,ACTIV TOMASZ PACHOLCZYK,P.15,  360 ,10/25/2025
8/27/2025,8/29/2025,268/25XK,0069/POLAND,ACTIV TOMASZ PACHOLCZYK,P.17,  720 ,10/25/2025
8/27/2025,8/29/2025,268/25XK,0069/POLAND,ACTIV TOMASZ PACHOLCZYK,T.01PU,  360 ,10/25/2025
8/27/2025,8/29/2025,268/25XK,0069/POLAND,ACTIV TOMASZ PACHOLCZYK,T.02,  720 ,10/25/2025
8/27/2025,8/29/2025,268/25XK,0069/POLAND,ACTIV TOMASZ PACHOLCZYK,T.04,  360 ,10/25/2025
8/27/2025,8/29/2025,268/25XK,0069/POLAND,ACTIV TOMASZ PACHOLCZYK,T.07,  360 ,10/25/2025
8/27/2025,8/29/2025,268/25XK,0069/POLAND,ACTIV TOMASZ PACHOLCZYK,T.09,  360 ,10/25/2025
8/26/2025,8/29/2025,269/25XK,0607/SLOVENIA,DIVINITY BEAUTY SUPPLY,KSK-3195,  500 ,10/10/2025
8/26/2025,8/29/2025,269/25XK,0607/SLOVENIA,DIVINITY BEAUTY SUPPLY,KSK-3196,  500 ,10/10/2025
8/26/2025,8/29/2025,269/25XK,0607/SLOVENIA,DIVINITY BEAUTY SUPPLY,KSK-3198,  500 ,10/10/2025
8/26/2025,8/29/2025,269/25XK,0607/SLOVENIA,DIVINITY BEAUTY SUPPLY,KSK-3216,  300 ,10/10/2025
9/3/2025,9/4/2025,270/25XK,0470/LEBANON,TEC-NAILS COSMETICS,KD2-1479,  1.000 ,10/19/2025
9/3/2025,9/4/2025,271/25XK,0211/JAPAN,MARUTO HASEGAWA KOSAKUJO INC.,KSK-0484,  600 ,11/27/2025
9/3/2025,9/4/2025,271/25XK,0211/JAPAN,MARUTO HASEGAWA KOSAKUJO INC.,KSK-0490,  600 ,11/27/2025
9/3/2025,9/4/2025,271/25XK,0211/JAPAN,MARUTO HASEGAWA KOSAKUJO INC.,KSN-0387,  600 ,11/27/2025
9/3/2025,9/4/2025,272/25XK,0210/JAPAN,"BEAUTY NAILER CO.,LTD.",CL.101-12,  5.000 ,11/14/2025
8/29/2025,9/4/2025,273/25XK,0519/AUSTRALIA,Luna Beauty Store Pty Ltd,C.06-16,  60 ,9/11/2025
8/29/2025,9/4/2025,273/25XK,0519/AUSTRALIA,Luna Beauty Store Pty Ltd,C.07-16,  60 ,9/11/2025
8/29/2025,9/4/2025,273/25XK,0519/AUSTRALIA,Luna Beauty Store Pty Ltd,C.07-5mm,  180 ,9/11/2025
8/29/2025,9/4/2025,273/25XK,0519/AUSTRALIA,Luna Beauty Store Pty Ltd,C.08-16,  60 ,9/11/2025
8/29/2025,9/4/2025,273/25XK,0519/AUSTRALIA,Luna Beauty Store Pty Ltd,C.35-16,  60 ,9/11/2025
8/29/2025,9/4/2025,273/25XK,0519/AUSTRALIA,Luna Beauty Store Pty Ltd,P.04,  60 ,9/11/2025
8/29/2025,9/4/2025,273/25XK,0519/AUSTRALIA,Luna Beauty Store Pty Ltd,P.08,  60 ,9/11/2025
8/29/2025,9/4/2025,273/25XK,0519/AUSTRALIA,Luna Beauty Store Pty Ltd,T.10,  60 ,9/11/2025
9/4/2025,9/4/2025,274/25XK,0521/lebanon,GAFF GROUP,C.04-12,  120 ,9/8/2025
9/4/2025,9/4/2025,274/25XK,0521/lebanon,GAFF GROUP,C.04-14,  120 ,9/8/2025
9/4/2025,9/4/2025,274/25XK,0521/lebanon,GAFF GROUP,C.35-14,  120 ,9/8/2025
9/4/2025,9/4/2025,274/25XK,0521/lebanon,GAFF GROUP,KD.702,  60 ,9/8/2025
9/4/2025,9/4/2025,274/25XK,0521/lebanon,GAFF GROUP,NL.201,  60 ,9/8/2025
8/26/2025,9/6/2025,275/25XK,0502/ITALY,MOROCUTTI GIOVANNI SRL,KD2-1892,  720 ,10/20/2025
8/26/2025,9/6/2025,275/25XK,0502/ITALY,MOROCUTTI GIOVANNI SRL,KD2-1893,  360 ,10/20/2025
8/25/2025,9/6/2025,276/25XK,0553/ISRAEL,ROYAL DENTAL,KM2-3114,  500 ,11/7/2025
8/25/2025,9/6/2025,276/25XK,0553/ISRAEL,ROYAL DENTAL,KMT-3172,  500 ,11/7/2025
8/25/2025,9/6/2025,276/25XK,0553/ISRAEL,ROYAL DENTAL,KSK-3116,  500 ,11/7/2025
8/25/2025,9/6/2025,276/25XK,0553/ISRAEL,ROYAL DENTAL,KSS-3118,  500 ,11/7/2025
9/5/2025,9/6/2025,277/25XK,0491/POLAND,STAR DUST SP. Z O.O,KD2-1833,  2.000 ,10/13/2025
9/5/2025,9/6/2025,278/25XK,B2B,KIM THÀNH PHÁT,BQT. SAINT GOBAIN,  500 ,9/26/2025
8/26/2025,9/9/2025,279/25XK,0348/KOREA,SHINY GLOBAL,KD2-0804,  1.000 ,11/28/2025
8/26/2025,9/9/2025,279/25XK,0348/KOREA,SHINY GLOBAL,KD2-0903,  1.500 ,11/28/2025
8/26/2025,9/9/2025,279/25XK,0348/KOREA,SHINY GLOBAL,KD2-0904,  500 ,11/28/2025
8/26/2025,9/9/2025,279/25XK,0348/KOREA,SHINY GLOBAL,KD2-0928,  1.000 ,11/28/2025
8/26/2025,9/9/2025,279/25XK,0348/KOREA,SHINY GLOBAL,KD2-1000,  2.000 ,11/28/2025
8/26/2025,9/9/2025,279/25XK,0348/KOREA,SHINY GLOBAL,KD2-1001,  6.000 ,11/28/2025
8/26/2025,9/9/2025,279/25XK,0348/KOREA,SHINY GLOBAL,KD2-1579,  500 ,11/28/2025
8/26/2025,9/9/2025,279/25XK,0348/KOREA,SHINY GLOBAL,KD2-1580,  1.000 ,11/28/2025
8/26/2025,9/9/2025,279/25XK,0348/KOREA,SHINY GLOBAL,KD3-1115,  2.000 ,11/28/2025
8/26/2025,9/9/2025,279/25XK,0348/KOREA,SHINY GLOBAL,KD3-1116,  4.000 ,11/28/2025
8/26/2025,9/9/2025,279/25XK,0348/KOREA,SHINY GLOBAL,KD3-1578,  1.500 ,11/28/2025
7/21/2025,10/2/2025,280/25XK,0604/TURKEY,Azra Grup Makine San ve Tic Ltd Şti,KD2-3014,  3.000 ,11/28/2025
7/21/2025,10/2/2025,280/25XK,0604/TURKEY,Azra Grup Makine San ve Tic Ltd Şti,KD2-3015,  4.000 ,11/28/2025
7/21/2025,10/2/2025,280/25XK,0604/TURKEY,Azra Grup Makine San ve Tic Ltd Şti,KD2-3093,  3.000 ,11/28/2025
9/9/2025,9/10/2025,281/25XK,0564/INDONESIA,JS NAIL SUPPLIES & ACADEMY  ,KD2-2482,  250 ,11/6/2025
9/9/2025,9/10/2025,281/25XK,0564/INDONESIA,JS NAIL SUPPLIES & ACADEMY  ,KSS-2483,  250 ,11/6/2025
9/9/2025,9/10/2025,282/25XK,0327/KOREA,BEAUTY H,KD2-0828,  1.000 ,11/10/2025
9/10/2025,9/10/2025,283/25xk,0205/JAPAN,HIKARI CORPORATION,KD2-0286,  2.000 ,12/9/2025
8/26/2025,9/11/2025,284/25XK,0531/CHINA,"TONG DE INDUSTRY AND TRADE (YANGJIANG YANGDONG DISTRICT) CO., LTD",C.03-6MM,  5 ,9/30/2025
8/26/2025,9/11/2025,284/25XK,0531/CHINA,"TONG DE INDUSTRY AND TRADE (YANGJIANG YANGDONG DISTRICT) CO., LTD",C.04-5MM,  5 ,9/30/2025
8/26/2025,9/11/2025,284/25XK,0531/CHINA,"TONG DE INDUSTRY AND TRADE (YANGJIANG YANGDONG DISTRICT) CO., LTD",C.05-7MM,  5 ,9/30/2025
8/26/2025,9/11/2025,284/25XK,0531/CHINA,"TONG DE INDUSTRY AND TRADE (YANGJIANG YANGDONG DISTRICT) CO., LTD",C.06-5MM,  5 ,9/30/2025
8/26/2025,9/11/2025,284/25XK,0531/CHINA,"TONG DE INDUSTRY AND TRADE (YANGJIANG YANGDONG DISTRICT) CO., LTD",C.07-5MM,  5 ,9/30/2025
8/26/2025,9/11/2025,284/25XK,0531/CHINA,"TONG DE INDUSTRY AND TRADE (YANGJIANG YANGDONG DISTRICT) CO., LTD",C.08-6mm,  5 ,9/30/2025
8/26/2025,9/11/2025,284/25XK,0531/CHINA,"TONG DE INDUSTRY AND TRADE (YANGJIANG YANGDONG DISTRICT) CO., LTD",C.36-14,  5 ,9/30/2025
8/26/2025,9/11/2025,284/25XK,0531/CHINA,"TONG DE INDUSTRY AND TRADE (YANGJIANG YANGDONG DISTRICT) CO., LTD",CL.205-5MM,  5 ,9/30/2025
8/26/2025,9/11/2025,284/25XK,0531/CHINA,"TONG DE INDUSTRY AND TRADE (YANGJIANG YANGDONG DISTRICT) CO., LTD",CL.206-5MM,  5 ,9/30/2025
8/26/2025,9/11/2025,284/25XK,0531/CHINA,"TONG DE INDUSTRY AND TRADE (YANGJIANG YANGDONG DISTRICT) CO., LTD",CL.207-10MM,  5 ,9/30/2025
8/26/2025,9/11/2025,284/25XK,0531/CHINA,"TONG DE INDUSTRY AND TRADE (YANGJIANG YANGDONG DISTRICT) CO., LTD",CL.207-7MM,  5 ,9/30/2025
8/26/2025,9/11/2025,284/25XK,0531/CHINA,"TONG DE INDUSTRY AND TRADE (YANGJIANG YANGDONG DISTRICT) CO., LTD",CL.209-12MM,  5 ,9/30/2025
8/26/2025,9/11/2025,284/25XK,0531/CHINA,"TONG DE INDUSTRY AND TRADE (YANGJIANG YANGDONG DISTRICT) CO., LTD",CL.210-12MM,  5 ,9/30/2025
8/26/2025,9/11/2025,284/25XK,0531/CHINA,"TONG DE INDUSTRY AND TRADE (YANGJIANG YANGDONG DISTRICT) CO., LTD",CL.221-10MM,  5 ,9/30/2025
8/26/2025,9/11/2025,284/25XK,0531/CHINA,"TONG DE INDUSTRY AND TRADE (YANGJIANG YANGDONG DISTRICT) CO., LTD",CL.S01-5MM,  5 ,9/30/2025
8/26/2025,9/11/2025,284/25XK,0531/CHINA,"TONG DE INDUSTRY AND TRADE (YANGJIANG YANGDONG DISTRICT) CO., LTD",CL.S02-5MM,  5 ,9/30/2025
8/26/2025,9/11/2025,284/25XK,0531/CHINA,"TONG DE INDUSTRY AND TRADE (YANGJIANG YANGDONG DISTRICT) CO., LTD",KD.701,  5 ,9/30/2025
8/26/2025,9/11/2025,284/25XK,0531/CHINA,"TONG DE INDUSTRY AND TRADE (YANGJIANG YANGDONG DISTRICT) CO., LTD",KD.702,  5 ,9/30/2025
8/26/2025,9/11/2025,284/25XK,0531/CHINA,"TONG DE INDUSTRY AND TRADE (YANGJIANG YANGDONG DISTRICT) CO., LTD",KD.703,  5 ,9/30/2025
8/26/2025,9/11/2025,284/25XK,0531/CHINA,"TONG DE INDUSTRY AND TRADE (YANGJIANG YANGDONG DISTRICT) CO., LTD",KD.704,  5 ,9/30/2025
8/26/2025,9/11/2025,284/25XK,0531/CHINA,"TONG DE INDUSTRY AND TRADE (YANGJIANG YANGDONG DISTRICT) CO., LTD",KD.705,  5 ,9/30/2025
8/26/2025,9/11/2025,284/25XK,0531/CHINA,"TONG DE INDUSTRY AND TRADE (YANGJIANG YANGDONG DISTRICT) CO., LTD",KD.706,  5 ,9/30/2025
8/26/2025,9/11/2025,284/25XK,0531/CHINA,"TONG DE INDUSTRY AND TRADE (YANGJIANG YANGDONG DISTRICT) CO., LTD",KD.707,  5 ,9/30/2025
8/26/2025,9/11/2025,284/25XK,0531/CHINA,"TONG DE INDUSTRY AND TRADE (YANGJIANG YANGDONG DISTRICT) CO., LTD",KD.708,  5 ,9/30/2025
8/26/2025,9/11/2025,284/25XK,0531/CHINA,"TONG DE INDUSTRY AND TRADE (YANGJIANG YANGDONG DISTRICT) CO., LTD",KD.709,  5 ,9/30/2025
8/26/2025,9/11/2025,284/25XK,0531/CHINA,"TONG DE INDUSTRY AND TRADE (YANGJIANG YANGDONG DISTRICT) CO., LTD",KD.710,  5 ,9/30/2025
8/26/2025,9/11/2025,284/25XK,0531/CHINA,"TONG DE INDUSTRY AND TRADE (YANGJIANG YANGDONG DISTRICT) CO., LTD",KD.711,  5 ,9/30/2025
8/26/2025,9/11/2025,284/25XK,0531/CHINA,"TONG DE INDUSTRY AND TRADE (YANGJIANG YANGDONG DISTRICT) CO., LTD",KD.712,  5 ,9/30/2025
8/26/2025,9/11/2025,284/25XK,0531/CHINA,"TONG DE INDUSTRY AND TRADE (YANGJIANG YANGDONG DISTRICT) CO., LTD",KD.714,  5 ,9/30/2025
8/26/2025,9/11/2025,284/25XK,0531/CHINA,"TONG DE INDUSTRY AND TRADE (YANGJIANG YANGDONG DISTRICT) CO., LTD",KD.715,  5 ,9/30/2025
8/26/2025,9/11/2025,284/25XK,0531/CHINA,"TONG DE INDUSTRY AND TRADE (YANGJIANG YANGDONG DISTRICT) CO., LTD",KD.716,  5 ,9/30/2025
8/26/2025,9/11/2025,284/25XK,0531/CHINA,"TONG DE INDUSTRY AND TRADE (YANGJIANG YANGDONG DISTRICT) CO., LTD",KD.718,  5 ,9/30/2025
8/26/2025,9/11/2025,284/25XK,0531/CHINA,"TONG DE INDUSTRY AND TRADE (YANGJIANG YANGDONG DISTRICT) CO., LTD",KD.723,  5 ,9/30/2025
8/26/2025,9/11/2025,284/25XK,0531/CHINA,"TONG DE INDUSTRY AND TRADE (YANGJIANG YANGDONG DISTRICT) CO., LTD",KD2-3185,  5 ,9/30/2025
8/26/2025,9/11/2025,284/25XK,0531/CHINA,"TONG DE INDUSTRY AND TRADE (YANGJIANG YANGDONG DISTRICT) CO., LTD",KD2-3189,  5 ,9/30/2025
8/26/2025,9/11/2025,284/25XK,0531/CHINA,"TONG DE INDUSTRY AND TRADE (YANGJIANG YANGDONG DISTRICT) CO., LTD",KDN.721,  5 ,9/30/2025
8/26/2025,9/11/2025,284/25XK,0531/CHINA,"TONG DE INDUSTRY AND TRADE (YANGJIANG YANGDONG DISTRICT) CO., LTD",NL.202,  5 ,9/30/2025
8/26/2025,9/11/2025,284/25XK,0531/CHINA,"TONG DE INDUSTRY AND TRADE (YANGJIANG YANGDONG DISTRICT) CO., LTD",NL.203,  5 ,9/30/2025
8/26/2025,9/11/2025,284/25XK,0531/CHINA,"TONG DE INDUSTRY AND TRADE (YANGJIANG YANGDONG DISTRICT) CO., LTD",NL.205,  5 ,9/30/2025
8/26/2025,9/11/2025,284/25XK,0531/CHINA,"TONG DE INDUSTRY AND TRADE (YANGJIANG YANGDONG DISTRICT) CO., LTD",NL.208,  5 ,9/30/2025
8/26/2025,9/11/2025,284/25XK,0531/CHINA,"TONG DE INDUSTRY AND TRADE (YANGJIANG YANGDONG DISTRICT) CO., LTD",P.01,  5 ,9/30/2025
8/26/2025,9/11/2025,284/25XK,0531/CHINA,"TONG DE INDUSTRY AND TRADE (YANGJIANG YANGDONG DISTRICT) CO., LTD",P.02,  5 ,9/30/2025
8/26/2025,9/11/2025,284/25XK,0531/CHINA,"TONG DE INDUSTRY AND TRADE (YANGJIANG YANGDONG DISTRICT) CO., LTD",P.03,  5 ,9/30/2025
8/26/2025,9/11/2025,284/25XK,0531/CHINA,"TONG DE INDUSTRY AND TRADE (YANGJIANG YANGDONG DISTRICT) CO., LTD",P.04,  5 ,9/30/2025
8/26/2025,9/11/2025,284/25XK,0531/CHINA,"TONG DE INDUSTRY AND TRADE (YANGJIANG YANGDONG DISTRICT) CO., LTD",P.05,  5 ,9/30/2025
8/26/2025,9/11/2025,284/25XK,0531/CHINA,"TONG DE INDUSTRY AND TRADE (YANGJIANG YANGDONG DISTRICT) CO., LTD",P.08,  5 ,9/30/2025
8/26/2025,9/11/2025,284/25XK,0531/CHINA,"TONG DE INDUSTRY AND TRADE (YANGJIANG YANGDONG DISTRICT) CO., LTD",P.10,  5 ,9/30/2025
8/26/2025,9/11/2025,284/25XK,0531/CHINA,"TONG DE INDUSTRY AND TRADE (YANGJIANG YANGDONG DISTRICT) CO., LTD",P.12,  5 ,9/30/2025
8/26/2025,9/11/2025,284/25XK,0531/CHINA,"TONG DE INDUSTRY AND TRADE (YANGJIANG YANGDONG DISTRICT) CO., LTD",P.14,  5 ,9/30/2025
8/26/2025,9/11/2025,284/25XK,0531/CHINA,"TONG DE INDUSTRY AND TRADE (YANGJIANG YANGDONG DISTRICT) CO., LTD",P.15,  5 ,9/30/2025
8/26/2025,9/11/2025,284/25XK,0531/CHINA,"TONG DE INDUSTRY AND TRADE (YANGJIANG YANGDONG DISTRICT) CO., LTD",P.17,  5 ,9/30/2025
8/26/2025,9/11/2025,284/25XK,0531/CHINA,"TONG DE INDUSTRY AND TRADE (YANGJIANG YANGDONG DISTRICT) CO., LTD",P.22,  5 ,9/30/2025
8/26/2025,9/11/2025,284/25XK,0531/CHINA,"TONG DE INDUSTRY AND TRADE (YANGJIANG YANGDONG DISTRICT) CO., LTD",P.24,  5 ,9/30/2025
9/11/2025,9/12/2025,285/25ND,B2B,NAM DƯỢC,BQT.ND 2025,  947 ,9/30/2025
9/11/2025,9/12/2025,286/25XK,0002/ITALY,ALPEN DEI F.LLI GIANOLA SNC,KD2-0005,  500 ,10/25/2025
9/11/2025,9/12/2025,286/25XK,0002/ITALY,ALPEN DEI F.LLI GIANOLA SNC,KD2-0006,  500 ,10/25/2025
9/11/2025,9/12/2025,287/25XK,0536/FRANCE,ElyaMaje,KD2-2157,  480 ,10/22/2025
9/11/2025,9/15/2025,288/25XK,0608/BELGIUM,STALENA,KM2-3046,  300 ,11/12/2025
9/11/2025,9/15/2025,288/25XK,0608/BELGIUM,STALENA,KM2-3047,  300 ,11/12/2025
9/11/2025,9/15/2025,288/25XK,0608/BELGIUM,STALENA,KM2-3051,  300 ,11/12/2025
9/11/2025,9/15/2025,288/25XK,0608/BELGIUM,STALENA,KM3-3050,  300 ,11/12/2025
9/15/2025,9/15/2025,289/25XK,0531/CHINA,"TONG DE INDUSTRY AND TRADE (YANGJIANG YANGDONG DISTRICT) CO., LTD",C.118,  720 ,10/28/2025
9/15/2025,9/15/2025,289/25XK,0531/CHINA,"TONG DE INDUSTRY AND TRADE (YANGJIANG YANGDONG DISTRICT) CO., LTD",KD2-2494,  3.000 ,10/28/2025
9/15/2025,9/15/2025,289/25XK,0531/CHINA,"TONG DE INDUSTRY AND TRADE (YANGJIANG YANGDONG DISTRICT) CO., LTD",KSK-1847,  1.000 ,10/28/2025
9/15/2025,9/15/2025,289/25XK,0531/CHINA,"TONG DE INDUSTRY AND TRADE (YANGJIANG YANGDONG DISTRICT) CO., LTD",KSK-3212,  1.000 ,10/28/2025
9/15/2025,9/16/2025,290/25XK,0550/AZERBAIJAN,SALAHOV NATIG ADALAT,KD2-2317,  200 ,10/29/2025
9/15/2025,9/16/2025,290/25XK,0550/AZERBAIJAN,SALAHOV NATIG ADALAT,KD2-2318,  200 ,10/29/2025
9/15/2025,9/16/2025,290/25XK,0550/AZERBAIJAN,SALAHOV NATIG ADALAT,KD2-2319,  200 ,10/29/2025
9/15/2025,9/16/2025,290/25XK,0550/AZERBAIJAN,SALAHOV NATIG ADALAT,KD2-2322,  200 ,10/29/2025
9/15/2025,9/16/2025,290/25XK,0550/AZERBAIJAN,SALAHOV NATIG ADALAT,KSK-2308,  300 ,10/29/2025
9/15/2025,9/16/2025,290/25XK,0550/AZERBAIJAN,SALAHOV NATIG ADALAT,KSK-2309,  300 ,10/29/2025
9/15/2025,9/16/2025,290/25XK,0550/AZERBAIJAN,SALAHOV NATIG ADALAT,KSK-2310,  100 ,10/29/2025
9/15/2025,9/16/2025,290/25XK,0550/AZERBAIJAN,SALAHOV NATIG ADALAT,KSK-2311,  100 ,10/29/2025
9/15/2025,9/16/2025,290/25XK,0550/AZERBAIJAN,SALAHOV NATIG ADALAT,KSK-2312,  100 ,10/29/2025
9/15/2025,9/16/2025,290/25XK,0550/AZERBAIJAN,SALAHOV NATIG ADALAT,KSK-3247,  720 ,10/29/2025
9/15/2025,9/19/2025,291/25XK,0300/LATVIA,"Passo International, SIA",KD2-0788,  500 ,11/30/2025
9/15/2025,9/19/2025,291/25XK,0300/LATVIA,"Passo International, SIA",KD2-0789,  500 ,11/30/2025
9/15/2025,9/19/2025,291/25XK,0300/LATVIA,"Passo International, SIA",KD2-1302,  500 ,11/30/2025
9/15/2025,9/19/2025,291/25XK,0300/LATVIA,"Passo International, SIA",KSN-0790,  1.000 ,11/30/2025
9/15/2025,9/19/2025,291/25XK,0300/LATVIA,"Passo International, SIA",KSS-0717,  500 ,11/30/2025
9/15/2025,9/19/2025,292/25XK,0079/RUSSIA,Vectorgroup Company,KD2-0047,  1.000 ,11/15/2025
9/15/2025,9/19/2025,292/25XK,0079/RUSSIA,Vectorgroup Company,KD2-0048,  8.000 ,11/15/2025
9/15/2025,9/19/2025,292/25XK,0079/RUSSIA,Vectorgroup Company,KD2-0049,  4.000 ,11/15/2025
9/15/2025,9/19/2025,292/25XK,0079/RUSSIA,Vectorgroup Company,KD2-0050,  1.000 ,11/15/2025
9/15/2025,9/19/2025,292/25XK,0079/RUSSIA,Vectorgroup Company,KD2-0051,  1.500 ,11/15/2025
9/15/2025,9/19/2025,292/25XK,0079/RUSSIA,Vectorgroup Company,KD2-0058,  2.000 ,11/15/2025
9/15/2025,9/19/2025,292/25XK,0079/RUSSIA,Vectorgroup Company,KD2-0059,  8.000 ,11/15/2025
9/15/2025,9/19/2025,292/25XK,0079/RUSSIA,Vectorgroup Company,KD2-0065,  8.000 ,11/15/2025
9/15/2025,9/19/2025,292/25XK,0079/RUSSIA,Vectorgroup Company,KD2-0524,  1.500 ,11/15/2025
9/15/2025,9/19/2025,292/25XK,0079/RUSSIA,Vectorgroup Company,KD2-0525,  2.000 ,11/15/2025
9/15/2025,9/19/2025,292/25XK,0079/RUSSIA,Vectorgroup Company,KD2-0551,  2.000 ,11/15/2025
9/15/2025,9/19/2025,292/25XK,0079/RUSSIA,Vectorgroup Company,KD2-0552,  3.000 ,11/15/2025
9/15/2025,9/19/2025,292/25XK,0079/RUSSIA,Vectorgroup Company,KD2-0619,  3.000 ,11/15/2025
9/15/2025,9/19/2025,292/25XK,0079/RUSSIA,Vectorgroup Company,KD2-0729,  1.000 ,11/15/2025
9/15/2025,9/19/2025,292/25XK,0079/RUSSIA,Vectorgroup Company,KD2-1459,  2.500 ,11/15/2025
9/15/2025,9/19/2025,292/25XK,0079/RUSSIA,Vectorgroup Company,KD2-1461,  2.000 ,11/15/2025
9/15/2025,9/19/2025,292/25XK,0079/RUSSIA,Vectorgroup Company,KD2-1464,  2.000 ,11/15/2025
9/15/2025,9/19/2025,292/25XK,0079/RUSSIA,Vectorgroup Company,KD2-1646,  2.000 ,11/15/2025
9/15/2025,9/19/2025,292/25XK,0079/RUSSIA,Vectorgroup Company,KD2-1647,  2.000 ,11/15/2025
9/15/2025,9/19/2025,292/25XK,0079/RUSSIA,Vectorgroup Company,KD2-1649,  2.000 ,11/15/2025
9/15/2025,9/19/2025,292/25XK,0079/RUSSIA,Vectorgroup Company,KM2-1700,  2.000 ,11/15/2025
9/17/2025,9/19/2025,293/25ND,GT,GT,EVO.G01-6,  500 ,11/30/2025
9/15/2025,9/19/2025,294/25XK,0494/UKRAINE,BEAUTY PROF LCC,AL.101,  -   ,10/30/2025
9/15/2025,9/19/2025,294/25XK,0494/UKRAINE,BEAUTY PROF LCC,AL.101C,  20 ,10/30/2025
9/15/2025,9/19/2025,294/25XK,0494/UKRAINE,BEAUTY PROF LCC,AL.201C,  60 ,10/30/2025
9/15/2025,9/19/2025,294/25XK,0494/UKRAINE,BEAUTY PROF LCC,B.999,  -   ,10/30/2025
9/15/2025,9/19/2025,294/25XK,0494/UKRAINE,BEAUTY PROF LCC,CL.206-5MM,  -   ,10/30/2025
9/15/2025,9/19/2025,294/25XK,0494/UKRAINE,BEAUTY PROF LCC,IS.03,  30 ,10/30/2025
9/15/2025,9/19/2025,294/25XK,0494/UKRAINE,BEAUTY PROF LCC,KD.701,  40 ,10/30/2025
9/15/2025,9/19/2025,294/25XK,0494/UKRAINE,BEAUTY PROF LCC,KD.703,  60 ,10/30/2025
9/15/2025,9/19/2025,294/25XK,0494/UKRAINE,BEAUTY PROF LCC,KD.714,  180 ,10/30/2025
9/15/2025,9/19/2025,294/25XK,0494/UKRAINE,BEAUTY PROF LCC,KD.715,  10 ,10/30/2025
9/15/2025,9/19/2025,294/25XK,0494/UKRAINE,BEAUTY PROF LCC,KDM.713,  -   ,10/30/2025
9/15/2025,9/19/2025,294/25XK,0494/UKRAINE,BEAUTY PROF LCC,KDM.717,  240 ,10/30/2025
9/15/2025,9/19/2025,294/25XK,0494/UKRAINE,BEAUTY PROF LCC,NC.01,  -   ,10/30/2025
9/15/2025,9/19/2025,294/25XK,0494/UKRAINE,BEAUTY PROF LCC,NC.03,  -   ,10/30/2025
9/15/2025,9/19/2025,294/25XK,0494/UKRAINE,BEAUTY PROF LCC,NL.202,  -   ,10/30/2025
9/15/2025,9/19/2025,294/25XK,0494/UKRAINE,BEAUTY PROF LCC,NL.205,  -   ,10/30/2025
9/15/2025,9/19/2025,294/25XK,0494/UKRAINE,BEAUTY PROF LCC,P.12,  -   ,10/30/2025
9/15/2025,9/19/2025,294/25XK,0494/UKRAINE,BEAUTY PROF LCC,P.17,  -   ,10/30/2025
9/15/2025,9/19/2025,294/25XK,0494/UKRAINE,BEAUTY PROF LCC,T.01BL,  -   ,10/30/2025
9/15/2025,9/19/2025,294/25XK,0494/UKRAINE,BEAUTY PROF LCC,T.01BO,  -   ,10/30/2025
9/15/2025,9/19/2025,294/25XK,0494/UKRAINE,BEAUTY PROF LCC,T.01GR,  -   ,10/30/2025
9/15/2025,9/19/2025,294/25XK,0494/UKRAINE,BEAUTY PROF LCC,T.01PU,  -   ,10/30/2025
9/15/2025,9/19/2025,294/25XK,0494/UKRAINE,BEAUTY PROF LCC,T.01RE,  -   ,10/30/2025
9/15/2025,9/19/2025,294/25XK,0494/UKRAINE,BEAUTY PROF LCC,T.03,  -   ,10/30/2025
9/15/2025,9/19/2025,294/25XK,0494/UKRAINE,BEAUTY PROF LCC,T.04,  -   ,10/30/2025
9/15/2025,9/19/2025,294/25XK,0494/UKRAINE,BEAUTY PROF LCC,T.06,  -   ,10/30/2025
9/18/2025,9/19/2025,295/25XK,0503/SPAIN,Salón manicura y pedicura Siberia S.L.,KD2-1898,  1.000 ,10/30/2025
9/19/2025,9/23/2025,296/25XK,0425/CHINA,Guangzhou Xingdian Nail Products Company Limited,CL.206NC-3.5MM,  360 ,11/8/2025
9/19/2025,9/23/2025,296/25XK,0425/CHINA,Guangzhou Xingdian Nail Products Company Limited,CL.206NC-5MM,  720 ,11/8/2025
9/19/2025,9/23/2025,296/25XK,0425/CHINA,Guangzhou Xingdian Nail Products Company Limited,CL.206NC-6MM,  720 ,11/8/2025
9/19/2025,9/23/2025,296/25XK,0425/CHINA,Guangzhou Xingdian Nail Products Company Limited,CL.S02NC-3.5MM,  360 ,11/8/2025
9/19/2025,9/23/2025,296/25XK,0425/CHINA,Guangzhou Xingdian Nail Products Company Limited,CL.S02NC-5MM,  720 ,11/8/2025
9/19/2025,9/23/2025,296/25XK,0425/CHINA,Guangzhou Xingdian Nail Products Company Limited,CL.S02NC-6MM,  720 ,11/8/2025
9/19/2025,9/23/2025,296/25XK,0425/CHINA,Guangzhou Xingdian Nail Products Company Limited,KDN.721NC,  120 ,10/25/2025
9/19/2025,9/23/2025,296/25XK,0425/CHINA,Guangzhou Xingdian Nail Products Company Limited,NL.202NC,  20 ,10/6/2025
9/19/2025,9/23/2025,296/25XK,0425/CHINA,Guangzhou Xingdian Nail Products Company Limited,P.15NC,  120 ,10/25/2025
9/19/2025,9/23/2025,296/25XK,0425/CHINA,Guangzhou Xingdian Nail Products Company Limited,P.17NC,  120 ,10/25/2025
9/19/2025,9/23/2025,296/25XK,0425/CHINA,Guangzhou Xingdian Nail Products Company Limited,T.10NC,  120 ,10/25/2025
9/22/2025,9/23/2025,297/25XK,0531/CHINA,"TONG DE INDUSTRY AND TRADE (YANGJIANG YANGDONG DISTRICT) CO., LTD",KSK-1847,  1.000 ,10/27/2025
9/22/2025,9/23/2025,297/25XK,0531/CHINA,"TONG DE INDUSTRY AND TRADE (YANGJIANG YANGDONG DISTRICT) CO., LTD",KSK-3251,  500 ,10/27/2025
9/19/2025,9/25/2025,298/25XK,KDQT,HÀNG TỒN,P.27,  60 ,10/18/2025
8/19/2025,9/25/2025,298/25XK,KDQT,HÀNG TỒN,P.28,  60 ,10/18/2025
9/22/2025,9/25/2025,299/25XK,0516/ROMANIA,Biton Beauty SRL,KD2-3219,  100 ,11/20/2025
9/22/2025,9/25/2025,299/25XK,0516/ROMANIA,Biton Beauty SRL,KM2-3228,  100 ,11/20/2025
9/22/2025,9/25/2025,299/25XK,0516/ROMANIA,Biton Beauty SRL,KSK-1978,  300 ,11/20/2025
9/22/2025,9/25/2025,299/25XK,0516/ROMANIA,Biton Beauty SRL,KSK-1979,  300 ,11/20/2025
9/22/2025,9/25/2025,299/25XK,0516/ROMANIA,Biton Beauty SRL,KSK-2396,  300 ,11/20/2025
9/22/2025,9/25/2025,299/25XK,0516/ROMANIA,Biton Beauty SRL,KSS-3134,  300 ,11/20/2025
9/25/2025,9/26/2025,301/25XK,0531/CHINA,"TONG DE INDUSTRY AND TRADE (YANGJIANG YANGDONG DISTRICT) CO., LTD",CL.206-5MM,  1.080 ,11/15/2025
9/25/2025,9/26/2025,301/25XK,0531/CHINA,"TONG DE INDUSTRY AND TRADE (YANGJIANG YANGDONG DISTRICT) CO., LTD",CL.206-7MM,  1.080 ,11/15/2025
9/25/2025,9/26/2025,301/25XK,0531/CHINA,"TONG DE INDUSTRY AND TRADE (YANGJIANG YANGDONG DISTRICT) CO., LTD",CL.207-7MM,  720 ,11/15/2025
9/25/2025,9/26/2025,301/25XK,0531/CHINA,"TONG DE INDUSTRY AND TRADE (YANGJIANG YANGDONG DISTRICT) CO., LTD",CL.209-12MM,  720 ,11/15/2025
9/25/2025,9/26/2025,301/25XK,0531/CHINA,"TONG DE INDUSTRY AND TRADE (YANGJIANG YANGDONG DISTRICT) CO., LTD",KD.718,  720 ,11/15/2025
9/25/2025,9/26/2025,301/25XK,0531/CHINA,"TONG DE INDUSTRY AND TRADE (YANGJIANG YANGDONG DISTRICT) CO., LTD",KD.723,  1.080 ,11/15/2025
9/25/2025,9/26/2025,301/25XK,0531/CHINA,"TONG DE INDUSTRY AND TRADE (YANGJIANG YANGDONG DISTRICT) CO., LTD",NL.202,  1.080 ,11/15/2025
9/25/2025,9/26/2025,302/25XK,0026/GERMANY,ZWILLING Beauty Group GmbH,KSS-0714,  100 ,9/30/2025
9/25/2025,9/26/2025,303/25XK,0026/GERMANY,ZWILLING Beauty Group GmbH,KSS-0367,  9.000 ,12/19/2025
9/26/2025,9/30/2025,304/25XK,0505/PORTUGAL,DUOBEAUTY UNIPESSOAL LDA,KD2-2185,  200 ,11/29/2025
9/26/2025,9/30/2025,304/25XK,0505/PORTUGAL,DUOBEAUTY UNIPESSOAL LDA,KD2-2187,  140 ,11/29/2025
9/26/2025,9/30/2025,304/25XK,0505/PORTUGAL,DUOBEAUTY UNIPESSOAL LDA,KD2-2188,  260 ,11/29/2025
9/26/2025,9/30/2025,304/25XK,0505/PORTUGAL,DUOBEAUTY UNIPESSOAL LDA,KSK-2419,  200 ,11/29/2025
9/26/2025,9/30/2025,304/25XK,0505/PORTUGAL,DUOBEAUTY UNIPESSOAL LDA,KSK-2963,  180 ,11/29/2025
9/26/2025,9/30/2025,304/25XK,0505/PORTUGAL,DUOBEAUTY UNIPESSOAL LDA,KSS-1931,  250 ,11/29/2025
9/26/2025,9/30/2025,304/25XK,0505/PORTUGAL,DUOBEAUTY UNIPESSOAL LDA,KSS-3027,  200 ,11/29/2025
9/30/2025,10/2/2025,305/25XK,0024/RUSSIA,KHARMANT LTD (METZGER LTD),KD2-0157,  1.000 ,11/20/2025
9/30/2025,10/2/2025,305/25XK,0024/RUSSIA,KHARMANT LTD (METZGER LTD),KD2-0160,  2.000 ,11/20/2025
9/30/2025,10/2/2025,305/25XK,0024/RUSSIA,KHARMANT LTD (METZGER LTD),KD2-0161,  1.500 ,11/20/2025
9/30/2025,10/2/2025,306/25xk,0586/ROMANIA,NAILSUP,KSK-2782,  500 ,10/16/2025
9/30/2025,10/2/2025,306/25xk,0586/ROMANIA,NAILSUP,KSK-2783,  500 ,10/16/2025
9/30/2025,10/2/2025,306/25xk,0586/ROMANIA,NAILSUP,KSK-2784,  500 ,10/16/2025
9/26/2025,10/2/2025,307/25XK,0569/LEBANON,LISA COSMETICS,KDT-2105,  100 ,10/16/2025
9/26/2025,10/2/2025,307/25XK,0569/LEBANON,LISA COSMETICS,KDT-2106,  100 ,10/16/2025
9/29/2025,10/2/2025,308/25XK,0570/CHILE,Belogorie SPA,C.07-5MM,  60 ,10/16/2025
9/29/2025,10/2/2025,308/25XK,0570/CHILE,Belogorie SPA,CL.206-5MM,  60 ,10/16/2025
9/29/2025,10/2/2025,308/25XK,0570/CHILE,Belogorie SPA,KD.701,  60 ,10/16/2025
9/29/2025,10/2/2025,308/25XK,0570/CHILE,Belogorie SPA,KD.702,  60 ,10/16/2025
9/29/2025,10/2/2025,308/25XK,0570/CHILE,Belogorie SPA,KD.705,  60 ,10/16/2025
9/29/2025,10/2/2025,308/25XK,0570/CHILE,Belogorie SPA,KD.707,  30 ,10/16/2025
9/29/2025,10/2/2025,308/25XK,0570/CHILE,Belogorie SPA,KD.708,  100 ,10/16/2025
9/29/2025,10/2/2025,308/25XK,0570/CHILE,Belogorie SPA,KD.710,  60 ,10/16/2025
9/29/2025,10/2/2025,308/25XK,0570/CHILE,Belogorie SPA,KD.715,  30 ,10/16/2025
9/29/2025,10/2/2025,308/25XK,0570/CHILE,Belogorie SPA,KD.716,  60 ,10/16/2025
9/29/2025,10/2/2025,308/25XK,0570/CHILE,Belogorie SPA,KD.718,  60 ,10/16/2025
9/29/2025,10/2/2025,308/25XK,0570/CHILE,Belogorie SPA,KDN.721,  60 ,10/16/2025
9/29/2025,10/2/2025,308/25XK,0570/CHILE,Belogorie SPA,NC.06,  60 ,10/16/2025
9/29/2025,10/2/2025,308/25XK,0570/CHILE,Belogorie SPA,NL.205,  20 ,10/16/2025
9/29/2025,10/2/2025,308/25XK,0570/CHILE,Belogorie SPA,P.17,  60 ,10/16/2025
9/29/2025,10/2/2025,308/25XK,0570/CHILE,Belogorie SPA,P.22,  60 ,10/16/2025
9/29/2025,10/2/2025,309/25XK,0539/GERMANY,Heiko Wild,KSS-2130,  2.000 ,11/17/2025
9/29/2025,10/2/2025,309/25XK,0539/GERMANY,Heiko Wild,KSS-2586,  500 ,11/17/2025
9/29/2025,10/2/2025,310/25XK,0419/MEXICO,Oleksandr Zadorozhnyi,MD.3242,  500 ,10/22/2025
10/1/2025,10/2/2025,311/25XK,0531/CHINA,"TONG DE INDUSTRY AND TRADE (YANGJIANG YANGDONG DISTRICT) CO., LTD",KDT-2939,  1.000 ,10/26/2025
10/2/2025,10/2/2025,312/25ND,B2B,HẢI VƯƠNG,BQT.HV,  615 ,10/15/2025
9/25/2025,10/3/2025,313/25XK,NNC,NNC,B.901,  9.000 ,11/29/2025
9/25/2025,10/3/2025,313/25XK,NNC,NNC,D.01-12,  4.680 ,11/29/2025
9/25/2025,10/3/2025,313/25XK,NNC,NNC,D.01-14,  9.800 ,11/29/2025
9/25/2025,10/3/2025,313/25XK,NNC,NNC,D.01-16,  13.200 ,11/29/2025
9/25/2025,10/3/2025,313/25XK,NNC,NNC,D.03-12,  60 ,11/29/2025
9/25/2025,10/3/2025,313/25XK,NNC,NNC,D.03-14,  1.840 ,11/29/2025
9/25/2025,10/3/2025,313/25XK,NNC,NNC,D.03-16,  6.320 ,11/29/2025
9/25/2025,10/3/2025,313/25XK,NNC,NNC,D.04-12,  3.180 ,11/29/2025
9/25/2025,10/3/2025,313/25XK,NNC,NNC,D.04-14,  6.000 ,11/29/2025
9/25/2025,10/3/2025,313/25XK,NNC,NNC,D.04-16,  2.880 ,11/29/2025
9/25/2025,10/3/2025,313/25XK,NNC,NNC,D.05-14,  720 ,11/29/2025
9/25/2025,10/3/2025,313/25XK,NNC,NNC,D.05-16,  720 ,11/29/2025
9/25/2025,10/3/2025,313/25XK,NNC,NNC,D.06-12,  1.080 ,11/29/2025
9/25/2025,10/3/2025,313/25XK,NNC,NNC,D.06-14,  5.300 ,11/29/2025
9/25/2025,10/3/2025,313/25XK,NNC,NNC,D.06-16,  5.040 ,11/29/2025
9/25/2025,10/3/2025,313/25XK,NNC,NNC,D.07-12,  1.680 ,11/29/2025
9/25/2025,10/3/2025,313/25XK,NNC,NNC,D.07-16,  2.880 ,11/29/2025
9/25/2025,10/3/2025,313/25XK,NNC,NNC,D.08-12,  780 ,11/29/2025
9/25/2025,10/3/2025,313/25XK,NNC,NNC,D.09-12,  1.020 ,11/29/2025
9/25/2025,10/3/2025,313/25XK,NNC,NNC,D.09-14,  3.200 ,11/29/2025
9/25/2025,10/3/2025,313/25XK,NNC,NNC,D.09-16,  5.200 ,11/29/2025
9/25/2025,10/3/2025,313/25XK,NNC,NNC,D.18,  5.000 ,11/29/2025
9/25/2025,10/3/2025,313/25XK,NNC,NNC,D.501,  8.400 ,11/29/2025
9/25/2025,10/3/2025,313/25XK,NNC,NNC,D.506,  6.120 ,11/29/2025
9/25/2025,10/3/2025,313/25XK,NNC,NNC,D.555KD,  6.920 ,11/29/2025
9/25/2025,10/3/2025,313/25XK,NNC,NNC,KM.605,  360 ,11/29/2025
9/25/2025,10/3/2025,313/25XK,NNC,NNC,M.501,  1.080 ,11/29/2025
9/25/2025,10/3/2025,313/25XK,NNC,NNC,M.555KD,  720 ,11/29/2025
9/25/2025,10/3/2025,313/25XK,NNC,NNC,N.401DO,  360 ,11/29/2025
9/25/2025,10/3/2025,313/25XK,NNC,NNC,N.401TI,  360 ,11/29/2025
9/25/2025,10/3/2025,313/25XK,NNC,NNC,N.401VD,  360 ,11/29/2025
9/25/2025,10/3/2025,313/25XK,NNC,NNC,N.401XD,  360 ,11/29/2025
9/25/2025,10/3/2025,313/25XK,NNC,NNC,N.401XL,  360 ,11/29/2025
9/25/2025,10/3/2025,313/25XK,NNC,NNC,N.406,  360 ,11/29/2025
9/25/2025,10/3/2025,313/25XK,NNC,NNC,N.407,  360 ,11/29/2025
9/25/2025,10/3/2025,313/25XK,NNC,NNC,N.408,  360 ,11/29/2025
9/25/2025,10/3/2025,313/25XK,NNC,NNC,N.425XD,  360 ,11/29/2025
9/25/2025,10/3/2025,313/25XK,NNC,NNC,N.425XL,  360 ,11/29/2025
9/25/2025,10/3/2025,313/25XK,NNC,NNC,S.505,  720 ,11/29/2025
9/25/2025,10/3/2025,313/25XK,NNC,NNC,S.506,  5.400 ,11/29/2025
9/25/2025,10/3/2025,313/25XK,NNC,NNC,S.514,  300 ,11/29/2025
6/27/2025,10/2/2025,314/25XK,0562/GERMANY,Climate GmbH,KK2-2635,  1.250 ,11/26/2025
10/2/2025,10/3/2025,315/25XK,0601/COLOMBIA,Adriana velez ,KSK-3033,  200 ,10/31/2025
10/2/2025,10/3/2025,315/25XK,0601/COLOMBIA,Adriana velez ,KSN-3257,  200 ,10/31/2025
10/2/2025,10/3/2025,316/25XK,0353/UK,TNBL UK Limited,C.05-6MM,  360 ,10/15/2025
10/2/2025,10/3/2025,316/25XK,0353/UK,TNBL UK Limited,C.05-7MM,  360 ,10/15/2025
10/6/2025,10/14/2025,317/25XK,0579/FRANCE,EUGEN,KSK-2274,  400 ,10/30/2025
10/6/2025,10/14/2025,317/25XK,0579/FRANCE,EUGEN,KSK-2928,  100 ,10/30/2025
10/7/2025,10/9/2025,318/25XK,0079/RUSSIA,Vectorgroup Company,KM2-3258,  2.000 ,11/28/2025
10/2/2025,10/8/2025,319/25XK,0319/JAPAN,SCISSOR STREET,KSS-3235,  500 ,10/30/2025
10/6/2025,10/8/2025,320/25XK,0139/JAPAN,"UTSUMI CO., LTD",KD2-0282,  2.000 ,12/22/2025
10/6/2025,10/8/2025,320/25XK,0139/JAPAN,"UTSUMI CO., LTD",KD2-0288,  1.000 ,12/22/2025
10/6/2025,10/8/2025,320/25XK,0139/JAPAN,"UTSUMI CO., LTD",KM2-0276,  5.000 ,12/22/2025
10/6/2025,10/8/2025,320/25XK,0139/JAPAN,"UTSUMI CO., LTD",KSS-0751,  100 ,12/22/2025
10/8/2025,10/9/2025,321/25ND,EC,EC,M.13,  720 ,11/30/2025
10/8/2025,10/9/2025,321/25ND,EC,EC,M.14,  720 ,11/30/2025
9/11/2025,10/8/2025,322/25ND,EC,EC,GS.EVO-01,  50 ,10/25/2025
10/8/2025,10/9/2025,323/25XK,0543/LITHUANIA,UAB “Plienas Meistras”,KSK-2284,  1.800 ,10/30/2025
10/8/2025,10/9/2025,323/25XK,0543/LITHUANIA,UAB “Plienas Meistras”,KSK-2285,  1.300 ,10/30/2025
10/8/2025,10/9/2025,323/25XK,0543/LITHUANIA,UAB “Plienas Meistras”,KSK-3218,  300 ,10/30/2025
10/8/2025,10/9/2025,323/25XK,0543/LITHUANIA,UAB “Plienas Meistras”,KSS-2707,  100 ,10/30/2025
10/6/2025,10/9/2025,324/25XK,0426/GREECE,LALOO COSMECTICS,C.01-5mm,  200 ,12/8/2025
10/6/2025,10/9/2025,324/25XK,0426/GREECE,LALOO COSMECTICS,C.03-5mm,  300 ,12/8/2025
10/6/2025,10/9/2025,324/25XK,0426/GREECE,LALOO COSMECTICS,C.04-6mm,  300 ,12/8/2025
10/6/2025,10/9/2025,324/25XK,0426/GREECE,LALOO COSMECTICS,C.04-7mm,  300 ,12/8/2025
10/6/2025,10/9/2025,324/25XK,0426/GREECE,LALOO COSMECTICS,C.05-3.5mm,  300 ,12/8/2025
10/6/2025,10/9/2025,324/25XK,0426/GREECE,LALOO COSMECTICS,C.05-5mm,  300 ,12/8/2025
10/6/2025,10/9/2025,324/25XK,0426/GREECE,LALOO COSMECTICS,C.07-3.5mm,  300 ,12/8/2025
10/6/2025,10/9/2025,324/25XK,0426/GREECE,LALOO COSMECTICS,C.07-5mm,  350 ,12/8/2025
10/6/2025,10/9/2025,324/25XK,0426/GREECE,LALOO COSMECTICS,C.07-6mm,  300 ,12/8/2025
10/6/2025,10/9/2025,324/25XK,0426/GREECE,LALOO COSMECTICS,C.07-7mm,  300 ,12/8/2025
10/6/2025,10/9/2025,324/25XK,0426/GREECE,LALOO COSMECTICS,C.08-5mm,  250 ,12/8/2025
10/6/2025,10/9/2025,324/25XK,0426/GREECE,LALOO COSMECTICS,C.08-6mm,  200 ,12/8/2025
10/6/2025,10/9/2025,324/25XK,0426/GREECE,LALOO COSMECTICS,C.08-7mm,  250 ,12/8/2025
10/6/2025,10/9/2025,324/25XK,0426/GREECE,LALOO COSMECTICS,C.37-6mm,  300 ,12/8/2025
10/6/2025,10/9/2025,324/25XK,0426/GREECE,LALOO COSMECTICS,CB.101C-6mm,  200 ,12/8/2025
10/6/2025,10/9/2025,324/25XK,0426/GREECE,LALOO COSMECTICS,CL.201-5mm,  300 ,12/8/2025
10/6/2025,11/11/2025,324/25XK,0426/GREECE,LALOO COSMECTICS,CL.201gr-5mm,  300 ,12/23/2025
10/6/2025,10/9/2025,324/25XK,0426/GREECE,LALOO COSMECTICS,CL.205-5mm,  500 ,12/8/2025
10/6/2025,10/9/2025,324/25XK,0426/GREECE,LALOO COSMECTICS,CL.205-7mm,  300 ,12/8/2025
10/6/2025,10/9/2025,324/25XK,0426/GREECE,LALOO COSMECTICS,CL.206-5mm,  350 ,12/8/2025
10/6/2025,10/9/2025,324/25XK,0426/GREECE,LALOO COSMECTICS,CL.206-7mm,  350 ,12/8/2025
10/6/2025,10/9/2025,324/25XK,0426/GREECE,LALOO COSMECTICS,CL.207-10mm,  200 ,12/8/2025
10/6/2025,10/9/2025,324/25XK,0426/GREECE,LALOO COSMECTICS,CL.207-7mm,  300 ,12/8/2025
10/6/2025,10/9/2025,324/25XK,0426/GREECE,LALOO COSMECTICS,CL.S01-5mm,  200 ,12/8/2025
10/6/2025,10/9/2025,324/25XK,0426/GREECE,LALOO COSMECTICS,CL.S01-7mm,  400 ,12/8/2025
10/6/2025,10/9/2025,324/25XK,0426/GREECE,LALOO COSMECTICS,EVO.01V-6mm,  100 ,12/8/2025
10/6/2025,10/9/2025,324/25XK,0426/GREECE,LALOO COSMECTICS,KD.701,  300 ,12/8/2025
10/6/2025,10/9/2025,324/25XK,0426/GREECE,LALOO COSMECTICS,KD.703,  200 ,12/8/2025
10/6/2025,10/9/2025,324/25XK,0426/GREECE,LALOO COSMECTICS,KD.706,  200 ,12/8/2025
10/6/2025,10/9/2025,324/25XK,0426/GREECE,LALOO COSMECTICS,KD.718,  200 ,12/8/2025
10/6/2025,10/9/2025,324/25XK,0426/GREECE,LALOO COSMECTICS,NC.01,  200 ,12/8/2025
10/6/2025,10/9/2025,324/25XK,0426/GREECE,LALOO COSMECTICS,NL.102,  350 ,12/8/2025
10/6/2025,10/9/2025,324/25XK,0426/GREECE,LALOO COSMECTICS,NL.201,  200 ,12/8/2025
10/6/2025,10/9/2025,324/25XK,0426/GREECE,LALOO COSMECTICS,NL.202,  250 ,12/8/2025
10/6/2025,10/9/2025,324/25XK,0426/GREECE,LALOO COSMECTICS,NL.203,  200 ,12/8/2025
10/6/2025,10/9/2025,324/25XK,0426/GREECE,LALOO COSMECTICS,NL.204,  350 ,12/8/2025
10/6/2025,10/9/2025,324/25XK,0426/GREECE,LALOO COSMECTICS,NL.205,  300 ,12/8/2025
10/6/2025,10/9/2025,324/25XK,0426/GREECE,LALOO COSMECTICS,NL.207,  300 ,12/8/2025
10/6/2025,10/9/2025,324/25XK,0426/GREECE,LALOO COSMECTICS,NL.208,  300 ,12/8/2025
10/6/2025,10/9/2025,324/25XK,0426/GREECE,LALOO COSMECTICS,P.04,  200 ,12/8/2025
10/6/2025,10/9/2025,324/25XK,0426/GREECE,LALOO COSMECTICS,P.05,  300 ,12/8/2025
10/6/2025,10/9/2025,324/25XK,0426/GREECE,LALOO COSMECTICS,P.10,  200 ,12/8/2025
10/6/2025,10/9/2025,324/25XK,0426/GREECE,LALOO COSMECTICS,P.12,  200 ,12/8/2025
10/6/2025,10/9/2025,324/25XK,0426/GREECE,LALOO COSMECTICS,P.13,  200 ,12/8/2025
10/6/2025,10/9/2025,324/25XK,0426/GREECE,LALOO COSMECTICS,P.17,  250 ,12/8/2025
10/9/2025,10/10/2025,325/25XK,0496/POLAND,APM GROUP,KD2-1856,  500 ,11/20/2025
10/9/2025,10/10/2025,325/25XK,0496/POLAND,APM GROUP,KSK-1859,  500 ,11/20/2025
10/13/2025,10/13/2025,326/25XK,0610/BRAZIL,RODRIGO DIAS,KD2-2672,  720 ,11/28/2025
10/13/2025,10/13/2025,326/25XK,0610/BRAZIL,RODRIGO DIAS,KD2-2673,  720 ,11/28/2025
10/13/2025,10/26/2025,326/25XK,0610/BRAZIL,RODRIGO DIAS,KSK-2674,  400 ,11/28/2025
10/13/2025,10/26/2025,326/25XK,0610/BRAZIL,RODRIGO DIAS,KSK-2675,  400 ,11/28/2025
10/13/2025,10/26/2025,326/25XK,0610/BRAZIL,RODRIGO DIAS,KSK-3243,  100 ,11/28/2025
10/13/2025,10/26/2025,326/25XK,0610/BRAZIL,RODRIGO DIAS,KSK-3246,  200 ,11/28/2025
10/13/2025,11/28/2025,326/25XK,0610/BRAZIL,RODRIGO DIAS,KSS-3244,  400 ,12/15/2025
10/13/2025,11/28/2025,326/25XK,0610/BRAZIL,RODRIGO DIAS,KSS-3245,  400 ,12/15/2025
10/13/2025,10/14/2025,327/25XK,0425/CHINA,Guangzhou Xingdian Nail Products Company Limited,B.901NC,  720 ,12/24/2025
10/13/2025,10/14/2025,327/25XK,0425/CHINA,Guangzhou Xingdian Nail Products Company Limited,B.902NC,  720 ,12/24/2025
10/13/2025,10/14/2025,327/25XK,0425/CHINA,Guangzhou Xingdian Nail Products Company Limited,CL.206NC-3.5MM,  360 ,12/24/2025
10/13/2025,10/14/2025,327/25XK,0425/CHINA,Guangzhou Xingdian Nail Products Company Limited,CL.206NC-5MM,  360 ,12/24/2025
10/13/2025,10/14/2025,327/25XK,0425/CHINA,Guangzhou Xingdian Nail Products Company Limited,CL.206NC-6MM,  360 ,12/24/2025
10/13/2025,10/14/2025,327/25XK,0425/CHINA,Guangzhou Xingdian Nail Products Company Limited,CL.S02NC-3.5MM,  360 ,12/24/2025
10/13/2025,10/14/2025,327/25XK,0425/CHINA,Guangzhou Xingdian Nail Products Company Limited,CL.S02NC-5MM,  360 ,12/24/2025
10/13/2025,10/14/2025,327/25XK,0425/CHINA,Guangzhou Xingdian Nail Products Company Limited,CL.S02NC-6MM,  360 ,12/24/2025
10/13/2025,10/14/2025,327/25XK,0425/CHINA,Guangzhou Xingdian Nail Products Company Limited,D.03-12NC,  1.440 ,12/24/2025
10/13/2025,10/14/2025,327/25XK,0425/CHINA,Guangzhou Xingdian Nail Products Company Limited,D.03-14NC,  2.160 ,12/24/2025
10/13/2025,10/14/2025,327/25XK,0425/CHINA,Guangzhou Xingdian Nail Products Company Limited,D.05-12NC,  60 ,12/24/2025
10/13/2025,10/14/2025,327/25XK,0425/CHINA,Guangzhou Xingdian Nail Products Company Limited,D.05-14NC,  60 ,12/24/2025
10/13/2025,10/14/2025,327/25XK,0425/CHINA,Guangzhou Xingdian Nail Products Company Limited,D.05V-12NC,  120 ,12/24/2025
10/13/2025,10/14/2025,327/25XK,0425/CHINA,Guangzhou Xingdian Nail Products Company Limited,D.05V-14NC,  60 ,12/24/2025
10/13/2025,10/14/2025,327/25XK,0425/CHINA,Guangzhou Xingdian Nail Products Company Limited,D.06-12NC,  360 ,12/24/2025
10/13/2025,10/14/2025,327/25XK,0425/CHINA,Guangzhou Xingdian Nail Products Company Limited,D.07-12NC,  14.400 ,12/24/2025
10/13/2025,10/14/2025,327/25XK,0425/CHINA,Guangzhou Xingdian Nail Products Company Limited,D.07-14NC,  13.680 ,12/24/2025
10/13/2025,10/14/2025,327/25XK,0425/CHINA,Guangzhou Xingdian Nail Products Company Limited,D.07-16NC,  3.600 ,12/24/2025
10/13/2025,10/14/2025,327/25XK,0425/CHINA,Guangzhou Xingdian Nail Products Company Limited,D.07-3.5NC,  5.400 ,12/24/2025
10/13/2025,10/14/2025,327/25XK,0425/CHINA,Guangzhou Xingdian Nail Products Company Limited,D.18NC,  360 ,12/24/2025
10/13/2025,10/14/2025,327/25XK,0425/CHINA,Guangzhou Xingdian Nail Products Company Limited,D.22NC,  18.000 ,12/24/2025
10/13/2025,10/14/2025,327/25XK,0425/CHINA,Guangzhou Xingdian Nail Products Company Limited,D.23NC,  6.480 ,12/24/2025
10/13/2025,10/14/2025,327/25XK,0425/CHINA,Guangzhou Xingdian Nail Products Company Limited,D.26NC,  720 ,12/24/2025
10/13/2025,10/14/2025,327/25XK,0425/CHINA,Guangzhou Xingdian Nail Products Company Limited,D.27NC,  720 ,12/24/2025
10/13/2025,10/14/2025,327/25XK,0425/CHINA,Guangzhou Xingdian Nail Products Company Limited,D.28NC,  1.080 ,12/24/2025
10/13/2025,10/14/2025,327/25XK,0425/CHINA,Guangzhou Xingdian Nail Products Company Limited,D.501-14NC,  18.000 ,12/24/2025
10/13/2025,10/14/2025,327/25XK,0425/CHINA,Guangzhou Xingdian Nail Products Company Limited,D.501NC,  27.000 ,12/24/2025
10/13/2025,10/14/2025,327/25XK,0425/CHINA,Guangzhou Xingdian Nail Products Company Limited,D.555NC,  5.400 ,12/24/2025
10/13/2025,10/14/2025,327/25XK,0425/CHINA,Guangzhou Xingdian Nail Products Company Limited,S.506NC,  1.800 ,12/24/2025
10/13/2025,10/14/2025,327/25XK,0425/CHINA,Guangzhou Xingdian Nail Products Company Limited,S.511NC,  5.400 ,12/24/2025
10/13/2025,10/14/2025,327/25XK,0425/CHINA,Guangzhou Xingdian Nail Products Company Limited,S.514NC,  360 ,12/24/2025
10/15/2025,10/15/2025,328/25XK,0554/LEBANON,DR PARA SARL,KD2-2370,  720 ,11/30/2025
10/15/2025,10/15/2025,328/25XK,0554/LEBANON,DR PARA SARL,KD2-2416,  360 ,11/30/2025
10/15/2025,10/15/2025,328/25XK,0554/LEBANON,DR PARA SARL,KSB-2687,  720 ,11/30/2025
10/15/2025,10/15/2025,328/25XK,0554/LEBANON,DR PARA SARL,KSB-2699,  720 ,11/30/2025
10/15/2025,10/15/2025,328/25XK,0554/LEBANON,DR PARA SARL,KSB-2700,  720 ,11/30/2025
10/15/2025,10/15/2025,328/25XK,0554/LEBANON,DR PARA SARL,KSB-2701,  720 ,11/30/2025
10/14/2025,10/16/2025,329/25XK,0251/TAIWAN,"N H BEAUTY INTERNATIONAL CO., LTD",C.04-5mm,  2.160 ,12/23/2025
10/14/2025,10/16/2025,329/25XK,0251/TAIWAN,"N H BEAUTY INTERNATIONAL CO., LTD",C.07-5mm,  360 ,12/23/2025
10/14/2025,10/16/2025,329/25XK,0251/TAIWAN,"N H BEAUTY INTERNATIONAL CO., LTD",C.07-6mm,  720 ,12/23/2025
10/14/2025,10/16/2025,329/25XK,0251/TAIWAN,"N H BEAUTY INTERNATIONAL CO., LTD",C.119,  720 ,12/23/2025
10/14/2025,10/16/2025,329/25XK,0251/TAIWAN,"N H BEAUTY INTERNATIONAL CO., LTD",C.121,  360 ,12/23/2025
10/14/2025,10/16/2025,329/25XK,0251/TAIWAN,"N H BEAUTY INTERNATIONAL CO., LTD",CL.201C-12,  2.880 ,12/23/2025
10/15/2025,10/17/2025,330/25XK,0380/QATAR,PROFESSIONAL GENERAL TRADING,KD2-3259,  -   ,12/11/2025
10/15/2025,10/17/2025,330/25XK,0380/QATAR,PROFESSIONAL GENERAL TRADING,KD2-3260,  1.400 ,12/11/2025
10/15/2025,10/17/2025,330/25XK,0380/QATAR,PROFESSIONAL GENERAL TRADING,KD2-3261,  2.000 ,12/11/2025
10/15/2025,10/17/2025,331/25XK,0611/POLAND,KONSULPRO SP. Z O.O,KSK-3262,  250 ,11/11/2025
10/15/2025,10/17/2025,331/25XK,0611/POLAND,KONSULPRO SP. Z O.O,KSK-3263,  250 ,11/11/2025
10/15/2025,10/17/2025,331/25XK,0611/POLAND,KONSULPRO SP. Z O.O,KSK-3264,  250 ,11/11/2025
10/15/2025,10/17/2025,332/25XK,0588/MED,MEDICORUM,KSK-3241,  350 ,11/11/2025
10/15/2025,10/17/2025,332/25XK,0588/MED,MEDICORUM,KSS-3240,  300 ,11/11/2025
10/16/2025,10/17/2025,333/25XK,0612/ITALY,N-SPACE di KUBYK NINA,KSK-3253,  500 ,11/11/2025
10/22/2025,10/23/2025,334/25XK,0297/MONGOLIA,ULEMJ GREASE LLC,C.04-14,  360 ,11/24/2025
10/22/2025,10/23/2025,334/25XK,0297/MONGOLIA,ULEMJ GREASE LLC,C.07-14,  360 ,11/24/2025
10/22/2025,10/23/2025,334/25XK,0297/MONGOLIA,ULEMJ GREASE LLC,P.01,  360 ,11/24/2025
10/22/2025,10/23/2025,334/25XK,0297/MONGOLIA,ULEMJ GREASE LLC,P.08,  360 ,11/24/2025
10/21/2025,10/23/2025,335/25XK,KDQT,HÀNG TỒN,MD.3270,  190 ,10/31/2025
10/21/2025,10/23/2025,335/25XK,KDQT,HÀNG TỒN,MD.3271,  200 ,10/31/2025
10/22/2025,10/23/2025,336/25XK,0059/KOREA,CAREN BEAUTY,KD2-0153,  1.000 ,12/22/2025
9/26/2025,10/24/2025,337/25XK,0609/POLAND,Aleksei Tkachev,KSK-3254,  500 ,11/6/2025
9/26/2025,10/24/2025,337/25XK,0609/POLAND,Aleksei Tkachev,KSK-3267,  500 ,11/6/2025
9/26/2025,10/24/2025,337/25XK,0609/POLAND,Aleksei Tkachev,KSK-3268,  500 ,11/6/2025
10/24/2025,10/24/2025,338/25XK,0535/FRANCE,M’novae M’Nails,KD2-2141,  300 ,12/9/2025
10/24/2025,10/24/2025,338/25XK,0535/FRANCE,M’novae M’Nails,KSK-2138,  800 ,12/9/2025
10/24/2025,10/24/2025,338/25XK,0535/FRANCE,M’novae M’Nails,KSK-2139,  500 ,12/9/2025
10/24/2025,10/24/2025,338/25XK,0535/FRANCE,M’novae M’Nails,KSK-2140,  500 ,12/9/2025
10/24/2025,10/24/2025,338/25XK,0535/FRANCE,M’novae M’Nails,KSS-2142,  300 ,12/9/2025
10/24/2025,10/24/2025,338/25XK,0535/FRANCE,M’novae M’Nails,KSS-2143,  500 ,12/9/2025
10/23/2025,10/31/2025,339/25XK,0241/UAE,Omorfia Shared Services Limited,KD2-0339,  5.000 ,1/10/2026
10/23/2025,10/24/2025,339/25XK,0241/UAE,Omorfia Shared Services Limited,KSS-0338,  3.000 ,12/16/2025
10/22/2025,10/24/2025,340/25XK,KDQT,HÀNG TỒN,KD.704,  103 ,10/31/2025
10/22/2025,10/24/2025,340/25XK,KDQT,HÀNG TỒN,KD.707,  3 ,10/31/2025
10/8/2025,10/27/2025,341/25xk,0481/FRANCE,ONIX PRO,KSK-2854,  500 ,11/19/2025
10/8/2025,10/27/2025,341/25xk,0481/FRANCE,ONIX PRO,KSK-2855,  500 ,11/19/2025
10/8/2025,10/27/2025,341/25xk,0481/FRANCE,ONIX PRO,KSK-2856,  500 ,11/19/2025
10/8/2025,10/27/2025,341/25xk,0481/FRANCE,ONIX PRO,KSK-2857,  500 ,11/19/2025
10/8/2025,10/27/2025,341/25xk,0481/FRANCE,ONIX PRO,KSK-2858,  500 ,11/19/2025
10/8/2025,10/27/2025,341/25xk,0481/FRANCE,ONIX PRO,KSS-2853,  500 ,11/19/2025
10/29/2025,10/29/2025,342/25XK,0537/USA,Coco LD LLC,KDT-2234,  1.000 ,12/12/2025
10/24/2025,10/30/2025,343/25XK,0531/CHINA,"TONG DE INDUSTRY AND TRADE (YANGJIANG YANGDONG DISTRICT) CO., LTD",KD2-2232,  720 ,12/16/2025
10/24/2025,10/30/2025,343/25XK,0531/CHINA,"TONG DE INDUSTRY AND TRADE (YANGJIANG YANGDONG DISTRICT) CO., LTD",KD2-2233,  360 ,12/16/2025
10/24/2025,,343/25XK,0531/CHINA,"TONG DE INDUSTRY AND TRADE (YANGJIANG YANGDONG DISTRICT) CO., LTD",KD2-3265,  540 ,12/22/2025
10/24/2025,,343/25XK,0531/CHINA,"TONG DE INDUSTRY AND TRADE (YANGJIANG YANGDONG DISTRICT) CO., LTD",KD2-3266,  540 ,12/22/2025
10/24/2025,10/30/2025,343/25XK,0531/CHINA,"TONG DE INDUSTRY AND TRADE (YANGJIANG YANGDONG DISTRICT) CO., LTD",KD2-3269,  360 ,12/16/2025
10/24/2025,10/30/2025,343/25XK,0531/CHINA,"TONG DE INDUSTRY AND TRADE (YANGJIANG YANGDONG DISTRICT) CO., LTD",KSK-1847,  1.000 ,11/30/2025
10/24/2025,10/30/2025,343/25XK,0531/CHINA,"TONG DE INDUSTRY AND TRADE (YANGJIANG YANGDONG DISTRICT) CO., LTD",KSK-2495,  500 ,11/30/2025
10/29/2025,10/30/2025,344/25XK,0593/AUSTRALIA,Client 3N PTY LTD,C.03-14,  240 ,11/15/2025
10/29/2025,10/30/2025,344/25XK,0593/AUSTRALIA,Client 3N PTY LTD,C.03-16,  360 ,11/15/2025
10/29/2025,10/30/2025,344/25XK,0593/AUSTRALIA,Client 3N PTY LTD,C.05-14,  120 ,11/15/2025
10/29/2025,10/30/2025,344/25XK,0593/AUSTRALIA,Client 3N PTY LTD,C.05-16,  120 ,11/15/2025
10/29/2025,10/30/2025,344/25XK,0593/AUSTRALIA,Client 3N PTY LTD,C.35-14,  240 ,11/15/2025
10/29/2025,10/30/2025,344/25XK,0593/AUSTRALIA,Client 3N PTY LTD,C.35-16,  60 ,11/15/2025
10/29/2025,10/30/2025,344/25XK,0593/AUSTRALIA,Client 3N PTY LTD,IS.01,  60 ,11/15/2025
10/29/2025,10/30/2025,344/25XK,0593/AUSTRALIA,Client 3N PTY LTD,N.03,  60 ,11/15/2025
10/29/2025,10/30/2025,344/25XK,0593/AUSTRALIA,Client 3N PTY LTD,NC.01,  120 ,11/15/2025
10/29/2025,10/30/2025,344/25XK,0593/AUSTRALIA,Client 3N PTY LTD,P.03,  120 ,11/15/2025
10/29/2025,10/30/2025,344/25XK,0593/AUSTRALIA,Client 3N PTY LTD,T.04,  120 ,11/15/2025
11/1/2025,11/3/2025,346/25XK,0482/PORTUGAL,DANTAS CORREIA & LEITÃO LDA,KSK-2581,  1.500 ,11/28/2025
10/31/2025,12/11/2025,347/25XK,0013/ITALY,TECNIWORK S.P.A,KD3-0102,  1.100 ,3/16/2026
10/31/2025,11/7/2025,347/25XK,0013/ITALY,TECNIWORK S.P.A,KD3-0252,  400 ,1/30/2026
10/31/2025,11/7/2025,347/25XK,0013/ITALY,TECNIWORK S.P.A,KM2-0108,  500 ,1/30/2026
10/31/2025,12/11/2025,347/25XK,0013/ITALY,TECNIWORK S.P.A,KM3-0106,  400 ,3/20/2026
10/31/2025,11/7/2025,347/25XK,0013/ITALY,TECNIWORK S.P.A,KM3-0107,  600 ,1/30/2026
10/31/2025,11/7/2025,347/25XK,0013/ITALY,TECNIWORK S.P.A,KM3-0253,  500 ,1/30/2026
11/3/2025,11/7/2025,348/25XK,0531/CHINA,"TONG DE INDUSTRY AND TRADE (YANGJIANG YANGDONG DISTRICT) CO., LTD",KM2-3191,  300 ,12/10/2025
11/3/2025,11/7/2025,348/25XK,0531/CHINA,"TONG DE INDUSTRY AND TRADE (YANGJIANG YANGDONG DISTRICT) CO., LTD",KM2-3192,  300 ,12/10/2025
11/3/2025,11/7/2025,348/25XK,0531/CHINA,"TONG DE INDUSTRY AND TRADE (YANGJIANG YANGDONG DISTRICT) CO., LTD",KSK-3205,  300 ,12/10/2025
11/5/2025,11/7/2025,349/25XK,0410/PAT,SETACO FOR IMPORT AND EXPORT (Patrick Ricco ),KD2-1316,  1.080 ,12/23/2025
11/5/2025,11/7/2025,349/25XK,0410/PAT,SETACO FOR IMPORT AND EXPORT (Patrick Ricco ),KDT-1602,  360 ,12/23/2025
11/5/2025,11/7/2025,349/25XK,0410/PAT,SETACO FOR IMPORT AND EXPORT (Patrick Ricco ),KSS-1586,  360 ,12/23/2025
11/5/2025,11/7/2025,349/25XK,0410/PAT,SETACO FOR IMPORT AND EXPORT (Patrick Ricco ),KSS-1587,  720 ,12/23/2025
11/5/2025,11/7/2025,350/25XK,0246/KOREA,PARAN NAIL ,KDT-2120,  2.000 ,12/26/2025
11/6/2025,11/7/2025,351/25XK,0002/ITALY,ALPEN DEI F.LLI GIANOLA SNC,KDT-0002,  1.000 ,1/19/2026
11/7/2025,11/10/2025,352/25ND,EC,EC,P.12,  500 ,11/25/2025
11/7/2025,11/10/2025,352/25ND,EC,EC,P.13,  500 ,11/25/2025
11/7/2025,11/10/2025,352/25ND,EC,EC,P.14,  500 ,11/25/2025
11/7/2025,11/10/2025,352/25ND,EC,EC,P.22,  500 ,11/25/2025
11/11/2025,11/11/2025,353/25XK,0614/SYRIA,Jaafari Group,C.03-7mm,  180 ,12/20/2025
11/11/2025,11/11/2025,353/25XK,0614/SYRIA,Jaafari Group,C.05-6mm,  180 ,12/20/2025
11/11/2025,11/11/2025,353/25XK,0614/SYRIA,Jaafari Group,C.06-5mm,  180 ,12/20/2025
11/11/2025,11/11/2025,353/25XK,0614/SYRIA,Jaafari Group,C.08-6mm,  180 ,12/20/2025
11/11/2025,11/11/2025,353/25XK,0614/SYRIA,Jaafari Group,C.111,  180 ,12/20/2025
11/11/2025,11/11/2025,353/25XK,0614/SYRIA,Jaafari Group,C.112,  240 ,12/20/2025
11/11/2025,11/11/2025,353/25XK,0614/SYRIA,Jaafari Group,C.114,  300 ,12/20/2025
11/11/2025,11/11/2025,353/25XK,0614/SYRIA,Jaafari Group,C.118,  300 ,12/20/2025
11/11/2025,11/11/2025,353/25XK,0614/SYRIA,Jaafari Group,C.35-7mm,  180 ,12/20/2025
11/11/2025,11/11/2025,353/25XK,0614/SYRIA,Jaafari Group,C.36-5mm,  180 ,12/20/2025
11/11/2025,11/11/2025,353/25XK,0614/SYRIA,Jaafari Group,CL.206-6mm,  180 ,12/20/2025
11/11/2025,11/11/2025,353/25XK,0614/SYRIA,Jaafari Group,CL.S01-5mm,  180 ,12/20/2025
11/11/2025,11/11/2025,353/25XK,0614/SYRIA,Jaafari Group,CL.S02-5mm,  180 ,12/20/2025
11/11/2025,11/11/2025,353/25XK,0614/SYRIA,Jaafari Group,HS.03,  60 ,12/20/2025
11/11/2025,11/11/2025,353/25XK,0614/SYRIA,Jaafari Group,HS.04,  60 ,12/20/2025
11/11/2025,11/11/2025,353/25XK,0614/SYRIA,Jaafari Group,KDM.713,  -   ,12/20/2025
11/11/2025,11/11/2025,353/25XK,0614/SYRIA,Jaafari Group,KDM.717,  -   ,12/20/2025
11/11/2025,11/11/2025,353/25XK,0614/SYRIA,Jaafari Group,KSK-3349,  220 ,12/20/2025
11/11/2025,11/11/2025,353/25XK,0614/SYRIA,Jaafari Group,KSK-3350,  220 ,12/20/2025
11/11/2025,11/11/2025,353/25XK,0614/SYRIA,Jaafari Group,KSK-3351,  220 ,12/20/2025
11/11/2025,11/11/2025,353/25XK,0614/SYRIA,Jaafari Group,KSK-3352,  210 ,12/20/2025
11/11/2025,11/11/2025,353/25XK,0614/SYRIA,Jaafari Group,N.03,  180 ,12/20/2025
11/11/2025,11/11/2025,353/25XK,0614/SYRIA,Jaafari Group,N.04,  180 ,12/20/2025
11/11/2025,11/11/2025,353/25XK,0614/SYRIA,Jaafari Group,N.05,  180 ,12/20/2025
11/11/2025,11/11/2025,353/25XK,0614/SYRIA,Jaafari Group,N.111,  180 ,12/20/2025
11/11/2025,11/11/2025,353/25XK,0614/SYRIA,Jaafari Group,N.112,  180 ,12/20/2025
11/11/2025,11/11/2025,353/25XK,0614/SYRIA,Jaafari Group,NC.01,  600 ,12/20/2025
11/11/2025,11/11/2025,353/25XK,0614/SYRIA,Jaafari Group,NC.02,  600 ,12/20/2025
11/11/2025,11/11/2025,353/25XK,0614/SYRIA,Jaafari Group,NC.06,  600 ,12/20/2025
11/11/2025,11/11/2025,353/25XK,0614/SYRIA,Jaafari Group,NL.201,  120 ,12/20/2025
11/11/2025,11/11/2025,353/25XK,0614/SYRIA,Jaafari Group,NL.202,  120 ,12/20/2025
11/11/2025,11/11/2025,353/25XK,0614/SYRIA,Jaafari Group,NL.205,  120 ,12/20/2025
11/11/2025,11/11/2025,353/25XK,0614/SYRIA,Jaafari Group,P.03,  300 ,12/20/2025
11/11/2025,11/11/2025,353/25XK,0614/SYRIA,Jaafari Group,P.08,  300 ,12/20/2025
11/11/2025,11/11/2025,353/25XK,0614/SYRIA,Jaafari Group,P.12,  300 ,12/20/2025
11/11/2025,11/11/2025,353/25XK,0614/SYRIA,Jaafari Group,T.01BL,  120 ,12/20/2025
11/11/2025,11/11/2025,353/25XK,0614/SYRIA,Jaafari Group,T.01BO,  120 ,12/20/2025
11/11/2025,11/11/2025,353/25XK,0614/SYRIA,Jaafari Group,T.01GR,  120 ,12/20/2025
11/11/2025,11/11/2025,353/25XK,0614/SYRIA,Jaafari Group,T.01PU,  120 ,12/20/2025
11/11/2025,11/11/2025,353/25XK,0614/SYRIA,Jaafari Group,T.01RE,  120 ,12/20/2025
11/11/2025,11/11/2025,353/25XK,0614/SYRIA,Jaafari Group,T.03,  600 ,12/20/2025
11/11/2025,11/11/2025,353/25XK,0614/SYRIA,Jaafari Group,T.04,  600 ,12/20/2025
11/11/2025,11/11/2025,353/25XK,0614/SYRIA,Jaafari Group,T.05,  600 ,12/20/2025
11/11/2025,11/11/2025,353/25XK,0614/SYRIA,Jaafari Group,T.06,  600 ,12/20/2025
11/11/2025,11/11/2025,353/25XK,0614/SYRIA,Jaafari Group,T.07,  600 ,12/20/2025
11/11/2025,11/11/2025,353/25XK,0614/SYRIA,Jaafari Group,T.08,  600 ,12/20/2025
11/11/2025,11/11/2025,353/25XK,0614/SYRIA,Jaafari Group,T.09,  600 ,12/20/2025
11/12/2025,11/12/2025,354/25XK,0543/LITHUANIA,UAB “Plienas Meistras”,KSK-2284,  500 ,11/20/2025
11/11/2025,11/12/2025,355/25XK,0026/GERMANY,ZWILLING Beauty Group GmbH,KD2-0211,  3.500 ,2/10/2026
11/11/2025,11/12/2025,355/25XK,0026/GERMANY,ZWILLING Beauty Group GmbH,KM2-0212,  3.200 ,2/10/2026
11/11/2025,11/12/2025,355/25XK,0026/GERMANY,ZWILLING Beauty Group GmbH,KSD-0362,  7.200 ,2/10/2026
11/11/2025,11/12/2025,355/25XK,0026/GERMANY,ZWILLING Beauty Group GmbH,KSS-0213,  3.000 ,2/10/2026
11/11/2025,11/12/2025,355/25XK,0026/GERMANY,ZWILLING Beauty Group GmbH,KSS-0228,  1.800 ,2/10/2026
11/11/2025,11/12/2025,355/25XK,0026/GERMANY,ZWILLING Beauty Group GmbH,KSS-0367,  4.800 ,2/10/2026
11/11/2025,11/12/2025,356/25xk,0006/LEBANON,FADI SAWAYA SAL (SAWAYA INT'L LLC),KD2-0290,  500 ,12/26/2025
11/11/2025,11/12/2025,356/25xk,0006/LEBANON,FADI SAWAYA SAL (SAWAYA INT'L LLC),KD2-0370,  200 ,12/26/2025
11/11/2025,11/12/2025,356/25xk,0006/LEBANON,FADI SAWAYA SAL (SAWAYA INT'L LLC),KD2-0371,  200 ,12/26/2025
11/11/2025,11/12/2025,356/25xk,0006/LEBANON,FADI SAWAYA SAL (SAWAYA INT'L LLC),KD2-1635,  500 ,1/15/2026
11/11/2025,11/12/2025,356/25xk,0006/LEBANON,FADI SAWAYA SAL (SAWAYA INT'L LLC),KD2-1636,  400 ,1/15/2026
11/11/2025,11/12/2025,356/25xk,0006/LEBANON,FADI SAWAYA SAL (SAWAYA INT'L LLC),KD3-0292,  200 ,1/15/2026
11/11/2025,11/12/2025,356/25xk,0006/LEBANON,FADI SAWAYA SAL (SAWAYA INT'L LLC),KDT-0299,  900 ,12/26/2025
11/11/2025,11/12/2025,356/25xk,0006/LEBANON,FADI SAWAYA SAL (SAWAYA INT'L LLC),KSB-0293,  750 ,12/26/2025
11/11/2025,11/12/2025,356/25xk,0006/LEBANON,FADI SAWAYA SAL (SAWAYA INT'L LLC),KSB-0294,  200 ,12/26/2025
11/11/2025,11/12/2025,356/25xk,0006/LEBANON,FADI SAWAYA SAL (SAWAYA INT'L LLC),KSB-0886,  200 ,12/26/2025
11/11/2025,11/12/2025,356/25xk,0006/LEBANON,FADI SAWAYA SAL (SAWAYA INT'L LLC),KSS-0295,  400 ,12/26/2025
11/11/2025,11/12/2025,356/25xk,0006/LEBANON,FADI SAWAYA SAL (SAWAYA INT'L LLC),KSS-0296,  300 ,12/26/2025
11/11/2025,11/12/2025,356/25xk,0006/LEBANON,FADI SAWAYA SAL (SAWAYA INT'L LLC),KSS-0297,  300 ,12/26/2025
11/11/2025,11/12/2025,356/25xk,0006/LEBANON,FADI SAWAYA SAL (SAWAYA INT'L LLC),KSS-1637,  400 ,12/26/2025
11/14/2025,11/14/2025,357/25XK,0342/THAILAN,"DIVA SUPPLY CO., Ltd",C.04-6MM,  240 ,11/12/2025
11/14/2025,11/14/2025,357/25XK,0342/THAILAN,"DIVA SUPPLY CO., Ltd",C.118,  200 ,11/12/2025
11/14/2025,11/14/2025,358/25XK,0536/FRANCE,ElyaMaje,KD2-2157,  60 ,12/30/2025
11/14/2025,11/14/2025,358/25XK,0536/FRANCE,ElyaMaje,KSN-2208,  900 ,1/9/2026
11/18/2025,11/18/2025,359/25XK,0543/LITHUANIA,UAB “Plienas Meistras”,KSS-2705,  300 ,11/22/2025
11/17/2025,11/17/2025,360/25XK,0205/japan,HIKARI CORPORATION,KD3-0287,  1.000 ,1/30/2026
11/18/2025,11/19/2025,361/25XK,0525/PANAMA,LDA BUSINESS INC 1,C.04-6mm,  20 ,12/3/2025
11/18/2025,11/19/2025,361/25XK,0525/PANAMA,LDA BUSINESS INC 1,C.07-3.5mm,  20 ,12/3/2025
11/18/2025,11/19/2025,361/25XK,0525/PANAMA,LDA BUSINESS INC 1,C.111,  5 ,12/3/2025
11/18/2025,11/19/2025,361/25XK,0525/PANAMA,LDA BUSINESS INC 1,C.112,  5 ,12/3/2025
11/18/2025,11/19/2025,361/25XK,0525/PANAMA,LDA BUSINESS INC 1,CL.207-10mm,  20 ,12/3/2025
11/18/2025,11/19/2025,361/25XK,0525/PANAMA,LDA BUSINESS INC 1,CL.207-5mm,  30 ,12/3/2025
11/18/2025,11/19/2025,361/25XK,0525/PANAMA,LDA BUSINESS INC 1,CL.211-10mm,  20 ,12/3/2025
11/18/2025,11/19/2025,361/25XK,0525/PANAMA,LDA BUSINESS INC 1,CL.223-5mm,  20 ,12/3/2025
11/18/2025,11/19/2025,361/25XK,0525/PANAMA,LDA BUSINESS INC 1,CL.223-8mm,  40 ,12/3/2025
11/18/2025,11/19/2025,361/25XK,0525/PANAMA,LDA BUSINESS INC 1,CL.S01-5mm,  20 ,12/3/2025
11/18/2025,11/19/2025,361/25XK,0525/PANAMA,LDA BUSINESS INC 1,CL.S01-7mm,  40 ,12/3/2025
11/18/2025,11/19/2025,361/25XK,0525/PANAMA,LDA BUSINESS INC 1,CL.S02-5mm,  10 ,12/3/2025
11/18/2025,11/19/2025,361/25XK,0525/PANAMA,LDA BUSINESS INC 1,IS.01,  1 ,12/3/2025
11/18/2025,11/19/2025,361/25XK,0525/PANAMA,LDA BUSINESS INC 1,IS.03,  1 ,12/3/2025
11/18/2025,11/19/2025,361/25XK,0525/PANAMA,LDA BUSINESS INC 1,KD.43,  40 ,12/3/2025
11/18/2025,11/19/2025,361/25XK,0525/PANAMA,LDA BUSINESS INC 1,KD.707,  50 ,12/3/2025
11/18/2025,11/19/2025,361/25XK,0525/PANAMA,LDA BUSINESS INC 1,KDN.721,  40 ,12/3/2025
11/18/2025,11/19/2025,361/25XK,0525/PANAMA,LDA BUSINESS INC 1,NC.01,  20 ,12/3/2025
11/18/2025,11/19/2025,361/25XK,0525/PANAMA,LDA BUSINESS INC 1,NC.02,  10 ,12/3/2025
11/18/2025,11/19/2025,361/25XK,0525/PANAMA,LDA BUSINESS INC 1,NC.03,  50 ,12/3/2025
11/18/2025,11/19/2025,361/25XK,0525/PANAMA,LDA BUSINESS INC 1,NL.202,  20 ,12/3/2025
11/18/2025,11/19/2025,361/25XK,0525/PANAMA,LDA BUSINESS INC 1,P.01,  10 ,12/3/2025
11/18/2025,11/19/2025,361/25XK,0525/PANAMA,LDA BUSINESS INC 1,P.04,  20 ,12/3/2025
11/18/2025,11/19/2025,361/25XK,0525/PANAMA,LDA BUSINESS INC 1,P.05,  10 ,12/3/2025
11/18/2025,11/19/2025,361/25XK,0525/PANAMA,LDA BUSINESS INC 1,P.09,  10 ,12/3/2025
11/18/2025,11/19/2025,361/25XK,0525/PANAMA,LDA BUSINESS INC 1,P.12,  30 ,12/3/2025
11/18/2025,11/19/2025,361/25XK,0525/PANAMA,LDA BUSINESS INC 1,P.13,  10 ,12/3/2025
11/18/2025,11/19/2025,361/25XK,0525/PANAMA,LDA BUSINESS INC 1,P.15,  20 ,12/3/2025
11/18/2025,11/19/2025,361/25XK,0525/PANAMA,LDA BUSINESS INC 1,T.03,  10 ,12/3/2025
11/18/2025,11/19/2025,361/25XK,0525/PANAMA,LDA BUSINESS INC 1,T.11,  -   ,12/3/2025
11/18/2025,11/19/2025,362/25XK,0601/COLOMBIA,Adriana velez ,KD2-3098,  300 ,1/12/2026
11/18/2025,11/19/2025,362/25XK,0601/COLOMBIA,Adriana velez ,KD2-3099,  200 ,1/12/2026
11/18/2025,11/19/2025,362/25XK,0601/COLOMBIA,Adriana velez ,KD2-3100,  200 ,1/12/2026
11/18/2025,11/19/2025,362/25XK,0601/COLOMBIA,Adriana velez ,KM2-3101,  200 ,1/12/2026
11/18/2025,11/19/2025,362/25XK,0601/COLOMBIA,Adriana velez ,KM2-3292,  200 ,1/12/2026
11/18/2025,12/3/2025,362/25XK,0601/COLOMBIA,Adriana velez ,KSB-3293,  200 ,1/20/2026
11/18/2025,11/19/2025,362/25XK,0601/COLOMBIA,Adriana velez ,KSS-3291,  200 ,1/12/2026
11/18/2025,11/19/2025,363/25xk,0336/CHINA,"QVS Global China, LTD",KD2-0211,  6.500 ,3/17/2026
11/18/2025,11/19/2025,363/25xk,0336/CHINA,"QVS Global China, LTD",KSS-0213,  6.600 ,4/28/2026
11/18/2025,11/19/2025,363/25xk,0336/CHINA,"QVS Global China, LTD",KSS-0228,  2.400 ,3/17/2026
11/13/2025,12/3/2025,364/25xk,0419/MEXICO,Oleksandr Zadorozhnyi,KM2-2537,  500 ,1/20/2026
11/13/2025,12/3/2025,364/25xk,0419/MEXICO,Oleksandr Zadorozhnyi,KSB-3287,  1.000 ,1/20/2026
11/13/2025,12/3/2025,364/25xk,0419/MEXICO,Oleksandr Zadorozhnyi,KSK-2078,  500 ,1/20/2026
11/13/2025,12/3/2025,364/25xk,0419/MEXICO,Oleksandr Zadorozhnyi,KSK-3285,  -   ,1/20/2026
11/13/2025,12/3/2025,364/25xk,0419/MEXICO,Oleksandr Zadorozhnyi,KSK-3288,  500 ,1/20/2026
11/13/2025,12/3/2025,364/25xk,0419/MEXICO,Oleksandr Zadorozhnyi,KSS-3286,  -   ,1/20/2026
11/13/2025,12/3/2025,364/25xk,0419/MEXICO,Oleksandr Zadorozhnyi,KSS-3289,  500 ,1/20/2026
12/2/2025,12/3/2025,364/25XK,0419/MEXICO,Oleksandr Zadorozhnyi,KSS-3316,  500 ,1/20/2026
11/13/2025,12/3/2025,364/25xk,0419/MEXICO,Oleksandr Zadorozhnyi,MD.3284,  500 ,1/20/2026
11/19/2025,11/24/2025,365/25XK,0047/ITALY,GIMAP SRL,KD2-2810,  1.000 ,12/29/2025
11/19/2025,11/24/2025,365/25XK,0047/ITALY,GIMAP SRL,KD2-2813,  1.500 ,12/29/2025
11/19/2025,11/24/2025,365/25XK,0047/ITALY,GIMAP SRL,KSK-2806,  1.000 ,12/29/2025
11/20/2025,11/24/2025,366/25xk,0241/UAE,Omorfia Shared Services Limited,KSB-3274,  500 ,12/23/2025
11/20/2025,11/24/2025,366/25xk,0241/UAE,Omorfia Shared Services Limited,KSB-3295,  500 ,12/23/2025
11/17/2025,11/24/2025,367/25XK,0581/HUNGARY,TIMAR VIRAD,KSK-2641,  300 ,1/12/2026
11/17/2025,11/24/2025,367/25XK,0581/HUNGARY,TIMAR VIRAD,KSK-2649,  300 ,1/12/2026
11/17/2025,11/24/2025,367/25XK,0581/HUNGARY,TIMAR VIRAD,KSK-2650,  300 ,1/12/2026
11/17/2025,11/24/2025,367/25XK,0581/HUNGARY,TIMAR VIRAD,KSK-2727,  100 ,1/12/2026
11/17/2025,11/24/2025,367/25XK,0581/HUNGARY,TIMAR VIRAD,KSK-2728,  100 ,1/12/2026
11/27/2025,11/27/2025,368/25ND,GT,GT,D.4,  300 ,12/4/2025
11/20/2025,11/27/2025,369/25XK,0425/CHINA,Guangzhou Xingdian Nail Products Company Limited,M.555NC,  360 ,1/3/2026
11/26/2025,11/27/2025,370/25XK,0594/HUNGARY,PERFECT NAILS LTD,KSK-2093,  570 ,12/24/2025
11/26/2025,11/27/2025,371/25XK,0336/CHINA,"QVS Global China, LTD",KD2-0568,  1.000 ,3/6/2026
11/26/2025,11/27/2025,371/25XK,0336/CHINA,"QVS Global China, LTD",KM2-0550,  1.000 ,3/6/2026
11/26/2025,11/27/2025,371/25XK,0336/CHINA,"QVS Global China, LTD",KSS-0228,  1.000 ,3/6/2026
11/25/2025,11/27/2025,372/25XK,0405/MALAYSIA,YOUSHINE SOLUTION SDN BHD.,C.04-14,  480 ,12/26/2025
11/25/2025,11/27/2025,372/25XK,0405/MALAYSIA,YOUSHINE SOLUTION SDN BHD.,C.07-14,  480 ,12/26/2025
11/25/2025,11/27/2025,372/25XK,0405/MALAYSIA,YOUSHINE SOLUTION SDN BHD.,C.07-3.5MM,  240 ,12/26/2025
11/25/2025,11/27/2025,372/25XK,0405/MALAYSIA,YOUSHINE SOLUTION SDN BHD.,NC.01,  180 ,12/26/2025
11/25/2025,11/27/2025,372/25XK,0405/MALAYSIA,YOUSHINE SOLUTION SDN BHD.,NC.02,  120 ,12/26/2025
11/25/2025,11/27/2025,372/25XK,0405/MALAYSIA,YOUSHINE SOLUTION SDN BHD.,P.03,  180 ,12/26/2025
11/25/2025,11/27/2025,372/25XK,0405/MALAYSIA,YOUSHINE SOLUTION SDN BHD.,P.09,  180 ,12/26/2025
11/27/2025,11/27/2025,373/25XK,KDQT,HÀNG TỒN,KM2-1650,  300 ,2/28/2026
11/27/2025,11/27/2025,373/25XK,KDQT,HÀNG TỒN,NL.201,  280 ,2/28/2026
11/27/2025,11/27/2025,373/25XK,KDQT,HÀNG TỒN,NL.202,  500 ,2/28/2026
11/27/2025,11/27/2025,373/25XK,KDQT,HÀNG TỒN,NL.205,  300 ,2/28/2026
11/26/2025,11/27/2025,374/25XK,0505/PORTUGAL,DUOBEAUTY UNIPESSOAL LDA,KD2-2187,  180 ,1/15/2026
11/26/2025,11/27/2025,374/25XK,0505/PORTUGAL,DUOBEAUTY UNIPESSOAL LDA,KD2-2188,  180 ,1/15/2026
11/26/2025,11/27/2025,374/25XK,0505/PORTUGAL,DUOBEAUTY UNIPESSOAL LDA,KD2-2896,  180 ,1/15/2026
11/26/2025,11/27/2025,374/25XK,0505/PORTUGAL,DUOBEAUTY UNIPESSOAL LDA,KD2-3022,  200 ,1/15/2026
11/26/2025,11/27/2025,374/25XK,0505/PORTUGAL,DUOBEAUTY UNIPESSOAL LDA,KD2-3023,  200 ,1/15/2026
11/26/2025,11/27/2025,374/25XK,0505/PORTUGAL,DUOBEAUTY UNIPESSOAL LDA,KD2-3024,  180 ,1/15/2026
11/26/2025,11/27/2025,374/25XK,0505/PORTUGAL,DUOBEAUTY UNIPESSOAL LDA,KSK-1868,  500 ,1/15/2026
11/26/2025,11/27/2025,374/25XK,0505/PORTUGAL,DUOBEAUTY UNIPESSOAL LDA,KSK-2189,  180 ,1/15/2026
11/26/2025,11/27/2025,374/25XK,0505/PORTUGAL,DUOBEAUTY UNIPESSOAL LDA,KSK-2190,  120 ,1/15/2026
11/26/2025,11/27/2025,374/25XK,0505/PORTUGAL,DUOBEAUTY UNIPESSOAL LDA,KSK-2191,  180 ,1/15/2026
11/26/2025,11/27/2025,375/25XK,0505/PORTUGAL,DUOBEAUTY UNIPESSOAL LDA,KD2-2185,  140 ,1/31/2026
11/26/2025,11/27/2025,375/25XK,0505/PORTUGAL,DUOBEAUTY UNIPESSOAL LDA,KM2-2657,  140 ,1/31/2026
11/26/2025,11/27/2025,375/25XK,0505/PORTUGAL,DUOBEAUTY UNIPESSOAL LDA,KM2-2658,  120 ,1/31/2026
11/26/2025,11/27/2025,375/25XK,0505/PORTUGAL,DUOBEAUTY UNIPESSOAL LDA,KSK-2192,  120 ,1/31/2026
11/26/2025,11/27/2025,375/25XK,0505/PORTUGAL,DUOBEAUTY UNIPESSOAL LDA,KSK-2194,  200 ,1/31/2026
11/26/2025,11/27/2025,375/25XK,0505/PORTUGAL,DUOBEAUTY UNIPESSOAL LDA,KSK-2653,  100 ,1/31/2026
11/26/2025,11/27/2025,375/25XK,0505/PORTUGAL,DUOBEAUTY UNIPESSOAL LDA,KSS-2654,  120 ,1/31/2026
11/26/2025,11/27/2025,375/25XK,0505/PORTUGAL,DUOBEAUTY UNIPESSOAL LDA,KSS-2655,  200 ,1/31/2026
11/26/2025,11/27/2025,375/25XK,0505/PORTUGAL,DUOBEAUTY UNIPESSOAL LDA,KSS-2656,  100 ,1/31/2026
11/26/2025,11/27/2025,375/25XK,0505/PORTUGAL,DUOBEAUTY UNIPESSOAL LDA,KSS-3025,  200 ,1/31/2026
11/26/2025,11/27/2025,375/25XK,0505/PORTUGAL,DUOBEAUTY UNIPESSOAL LDA,KSS-3026,  200 ,1/31/2026
11/28/2025,11/29/2025,376/25XK,0543/LITHUANIA,UAB “Plienas Meistras”,KSK-2284,  400 ,12/5/2025
11/28/2025,11/29/2025,376/25XK,0543/LITHUANIA,UAB “Plienas Meistras”,KSS-2705,  155 ,12/5/2025
11/28/2025,11/29/2025,377/25XK,0572/HUNGARY,Norbert Laza,KSK-2626,  500 ,12/29/2025
11/28/2025,11/29/2025,377/25XK,0572/HUNGARY,Norbert Laza,KSK-2627,  100 ,12/29/2025
11/27/2025,12/2/2025,378/25XK,0327/KOREA,BEAUTY H,KD2-0742,  1.000 ,1/20/2026
11/29/2025,12/2/2025,379/25XK,0241/UAE,Omorfia Shared Services Limited,KD2-3296,  5.000 ,1/30/2026
11/29/2025,12/2/2025,379/25XK,0241/UAE,Omorfia Shared Services Limited,KSB-3274,  3.000 ,1/30/2026
11/29/2025,12/2/2025,379/25XK,0241/UAE,Omorfia Shared Services Limited,KSB-3295,  3.000 ,1/30/2026
11/29/2025,12/2/2025,379/25XK1,0241/UAE,Omorfia Shared Services Limited,KD2-3296,  5.000 ,3/15/2026
11/20/2025,12/2/2025,380/25XK,0343/KOREA,SHINY GLOBAL,KD2-0953,  500 ,2/6/2026
11/20/2025,12/2/2025,380/25XK,0343/KOREA,SHINY GLOBAL,KD3-1115,  500 ,2/6/2026
11/20/2025,12/2/2025,380/25XK,0343/KOREA,SHINY GLOBAL,KD3-1116,  1.000 ,2/6/2026
11/20/2025,12/2/2025,380/25XK,0343/KOREA,SHINY GLOBAL,KD3-1578,  700 ,2/6/2026
11/20/2025,12/2/2025,380/25XK1,0343/KOREA,SHINY GLOBAL,KD2-0953,  1.000 ,3/17/2026
11/20/2025,12/2/2025,380/25XK1,0343/KOREA,SHINY GLOBAL,KD2-1000,  2.000 ,3/17/2026
11/20/2025,12/2/2025,380/25XK1,0343/KOREA,SHINY GLOBAL,KD2-1001,  1.000 ,3/17/2026
11/20/2025,12/2/2025,380/25XK1,0343/KOREA,SHINY GLOBAL,KD3-1115,  500 ,3/17/2026
11/20/2025,12/2/2025,380/25XK1,0343/KOREA,SHINY GLOBAL,KD3-1116,  1.000 ,3/17/2026
11/20/2025,12/2/2025,380/25XK1,0343/KOREA,SHINY GLOBAL,KD3-1577,  1.000 ,3/17/2026
11/20/2025,12/2/2025,380/25XK1,0343/KOREA,SHINY GLOBAL,KD3-1578,  700 ,3/17/2026
11/20/2025,12/2/2025,380/25XK1,0343/KOREA,SHINY GLOBAL,KM2-0784,  500 ,3/17/2026
11/20/2025,12/2/2025,380/25XK2,0343/KOREA,SHINY GLOBAL,KD2-0904,  1.000 ,4/17/2026
11/20/2025,12/2/2025,380/25XK2,0343/KOREA,SHINY GLOBAL,KD2-0953,  500 ,4/17/2026
11/20/2025,12/2/2025,380/25XK2,0343/KOREA,SHINY GLOBAL,KD2-1000,  2.000 ,4/17/2026
11/20/2025,12/2/2025,380/25XK2,0343/KOREA,SHINY GLOBAL,KD2-1001,  1.000 ,4/17/2026
11/20/2025,12/2/2025,380/25XK2,0343/KOREA,SHINY GLOBAL,KD3-1115,  1.000 ,4/17/2026
11/20/2025,12/2/2025,380/25XK2,0343/KOREA,SHINY GLOBAL,KD3-1116,  1.000 ,4/17/2026
11/20/2025,12/2/2025,380/25XK2,0343/KOREA,SHINY GLOBAL,KD3-1577,  1.000 ,4/17/2026
11/20/2025,12/2/2025,380/25XK2,0343/KOREA,SHINY GLOBAL,KD3-1578,  700 ,4/17/2026
11/29/2025,12/2/2025,381/25XK,0470/LEBANON,TEC-NAILS COSMETICS,KSK-2281,  500 ,12/28/2025
11/28/2025,12/3/2025,382/25XK,0419/MEXICO,Oleksandr Zadorozhnyi,C.07-3.5MM,  120 ,1/30/2026
11/28/2025,12/3/2025,382/25XK,0419/MEXICO,Oleksandr Zadorozhnyi,C.07-7MM,  180 ,1/30/2026
11/28/2025,12/3/2025,382/25XK,0419/MEXICO,Oleksandr Zadorozhnyi,KD.701,  600 ,1/30/2026
11/28/2025,12/3/2025,382/25XK,0419/MEXICO,Oleksandr Zadorozhnyi,KD.702,  300 ,1/30/2026
11/28/2025,12/3/2025,382/25XK,0419/MEXICO,Oleksandr Zadorozhnyi,KD.707,  300 ,1/30/2026
11/28/2025,12/3/2025,382/25XK,0419/MEXICO,Oleksandr Zadorozhnyi,KD.710,  180 ,1/30/2026
11/28/2025,12/3/2025,382/25XK,0419/MEXICO,Oleksandr Zadorozhnyi,KD.715,  120 ,1/30/2026
11/28/2025,12/3/2025,382/25XK,0419/MEXICO,Oleksandr Zadorozhnyi,NC.03,  360 ,1/30/2026
11/28/2025,12/3/2025,382/25XK,0419/MEXICO,Oleksandr Zadorozhnyi,NC.04,  360 ,1/30/2026
11/28/2025,12/3/2025,382/25XK,0419/MEXICO,Oleksandr Zadorozhnyi,NL.201,  180 ,1/30/2026
11/28/2025,12/3/2025,382/25XK,0419/MEXICO,Oleksandr Zadorozhnyi,NL.202,  240 ,1/30/2026
11/28/2025,12/3/2025,382/25XK,0419/MEXICO,Oleksandr Zadorozhnyi,NL.203,  180 ,1/30/2026
11/28/2025,12/3/2025,382/25XK,0419/MEXICO,Oleksandr Zadorozhnyi,P.01,  240 ,1/30/2026
11/28/2025,12/3/2025,382/25XK,0419/MEXICO,Oleksandr Zadorozhnyi,P.03,  240 ,1/30/2026
11/28/2025,12/3/2025,382/25XK,0419/MEXICO,Oleksandr Zadorozhnyi,P.17,  600 ,1/30/2026
11/28/2025,12/3/2025,382/25XK,0419/MEXICO,Oleksandr Zadorozhnyi,P.22,  180 ,1/30/2026
11/28/2025,12/3/2025,382/25XK,0419/MEXICO,Oleksandr Zadorozhnyi,P.24,  120 ,1/30/2026
11/28/2025,12/3/2025,382/25XK,0419/MEXICO,Oleksandr Zadorozhnyi,P.26-2.5MM,  300 ,1/30/2026
11/28/2025,12/3/2025,382/25XK,0419/MEXICO,Oleksandr Zadorozhnyi,P.26-2MM,  300 ,1/30/2026
11/25/2025,12/3/2025,383/25xk,0013/ITALY,TECNIWORK S.P.A,KD3-0100,  1.300 ,3/20/2026
11/25/2025,12/3/2025,383/25xk,0013/ITALY,TECNIWORK S.P.A,KD3-0104,  600 ,3/20/2026
11/25/2025,12/3/2025,383/25xk,0013/ITALY,TECNIWORK S.P.A,KD3-0105,  500 ,3/20/2026
11/25/2025,12/11/2025,383/25xk,0013/ITALY,TECNIWORK S.P.A,KD3-0250,  500 ,3/20/2026
11/25/2025,12/11/2025,383/25xk,0013/ITALY,TECNIWORK S.P.A,KD3-0251,  400 ,3/20/2026
12/1/2025,12/3/2025,384/25xk,0308/ISRAEL,ABI ltd,KD2-2-1854,  500 ,1/24/2026
12/1/2025,12/3/2025,384/25xk,0308/ISRAEL,ABI ltd,KD2-2-3315,  300 ,1/24/2026
12/1/2025,12/3/2025,384/25xk,0308/ISRAEL,ABI ltd,KSK-2454,  300 ,1/24/2026
12/1/2025,12/3/2025,384/25xk,0308/ISRAEL,ABI ltd,KSK-2455,  300 ,1/24/2026
12/1/2025,12/3/2025,384/25xk,0308/ISRAEL,ABI ltd,KSS-2456,  500 ,1/24/2026
11/29/2025,12/9/2025,385/25XK,0615/ISRAEL,Y.T.Y BEAUTICS LTD,KD2-3301,  250 ,3/21/2026
11/29/2025,12/9/2025,385/25XK,0615/ISRAEL,Y.T.Y BEAUTICS LTD,KD2-3302,  250 ,3/21/2026
11/29/2025,12/9/2025,385/25XK,0615/ISRAEL,Y.T.Y BEAUTICS LTD,KD2-3303,  250 ,3/21/2026
11/29/2025,12/9/2025,385/25XK,0615/ISRAEL,Y.T.Y BEAUTICS LTD,KD2-3304,  250 ,3/21/2026
11/29/2025,12/9/2025,385/25XK,0615/ISRAEL,Y.T.Y BEAUTICS LTD,KD2-3305,  250 ,3/21/2026
11/29/2025,12/9/2025,385/25XK,0615/ISRAEL,Y.T.Y BEAUTICS LTD,KD2-3306,  250 ,3/21/2026
11/29/2025,12/9/2025,385/25XK,0615/ISRAEL,Y.T.Y BEAUTICS LTD,KM2-3308,  250 ,3/21/2026
11/29/2025,12/9/2025,385/25XK,0615/ISRAEL,Y.T.Y BEAUTICS LTD,KM2-3309,  250 ,3/21/2026
11/29/2025,12/9/2025,385/25XK,0615/ISRAEL,Y.T.Y BEAUTICS LTD,KM2-3310,  250 ,3/21/2026
11/29/2025,12/9/2025,385/25XK,0615/ISRAEL,Y.T.Y BEAUTICS LTD,KSK-3299,  250 ,3/21/2026
11/29/2025,12/9/2025,385/25XK,0615/ISRAEL,Y.T.Y BEAUTICS LTD,KSK-3300,  250 ,3/21/2026
11/29/2025,12/9/2025,385/25XK,0615/ISRAEL,Y.T.Y BEAUTICS LTD,KSK-3307,  250 ,3/21/2026
11/29/2025,12/9/2025,385/25XK,0615/ISRAEL,Y.T.Y BEAUTICS LTD,KSS-3314,  250 ,3/21/2026
12/6/2025,12/9/2025,386/25XK,0555/FRANCE,OA NAIL SYSTEM,KM2-3337,  300 ,3/6/2026
12/6/2025,12/9/2025,386/25XK,0555/FRANCE,OA NAIL SYSTEM,KSS-3338,  300 ,3/6/2026
12/6/2025,12/9/2025,386/25XK,0555/FRANCE,OA NAIL SYSTEM,KSS-3339,  300 ,3/6/2026
12/6/2025,12/9/2025,386/25XK,0555/FRANCE,OA NAIL SYSTEM,KSS-3340,  300 ,3/6/2026
12/3/2025,12/9/2025,387/25XK,0536/FRANCE,ElyaMaje,KSK-2159,  960 ,1/20/2026
12/3/2025,12/9/2025,387/25XK,0536/FRANCE,ElyaMaje,KSN-2208,  240 ,1/20/2026
12/5/2025,12/9/2025,388/25XK,0616/OMAN,0,C.04-6MM,  140 ,1/10/2026
12/5/2025,12/9/2025,388/25XK,0616/OMAN,0,C.111,  -   ,1/10/2026
12/5/2025,12/9/2025,388/25XK,0616/OMAN,0,C.112,  -   ,1/10/2026
12/5/2025,12/9/2025,388/25XK,0616/OMAN,0,C.114,  -   ,1/10/2026
12/5/2025,12/9/2025,388/25XK,0616/OMAN,0,C.118,  -   ,1/10/2026
12/5/2025,12/9/2025,388/25XK,0616/OMAN,0,C.35-6mm,  -   ,1/10/2026
12/5/2025,12/9/2025,388/25XK,0616/OMAN,0,C.36-6MM,  -   ,3/7/2026
12/5/2025,12/9/2025,388/25XK,0616/OMAN,0,C.37-6MM,  500 ,3/7/2026
12/5/2025,12/9/2025,388/25XK,0616/OMAN,0,N.04,  500 ,1/10/2026
12/5/2025,12/9/2025,388/25XK,0616/OMAN,0,N.111,  500 ,1/10/2026
12/5/2025,12/9/2025,388/25XK,0616/OMAN,0,N.112,  500 ,1/10/2026
12/5/2025,12/9/2025,388/25XK,0616/OMAN,0,N.118,  -   ,1/10/2026
12/8/2025,12/9/2025,389/25xk,0579/FRANCE,EUGEN,KSK-3341,  150 ,12/16/2025
12/8/2025,12/10/2025,390/25xk,0591/UK,Navy Professional,KD2-2965,  2.000 ,3/17/2026
12/5/2025,12/9/2025,391/25XK,0512/ROMANIA,HEAD STEEL SRL,B.943QT,  50 ,12/25/2025
12/5/2025,12/9/2025,391/25XK,0512/ROMANIA,HEAD STEEL SRL,KD.43,  -   ,12/25/2025
12/5/2025,12/9/2025,391/25XK,0512/ROMANIA,HEAD STEEL SRL,KD.701,  -   ,12/25/2025
12/5/2025,12/9/2025,391/25XK,0512/ROMANIA,HEAD STEEL SRL,KD.702,  -   ,12/25/2025
12/5/2025,12/9/2025,391/25XK,0512/ROMANIA,HEAD STEEL SRL,KD.703,  120 ,12/25/2025
12/5/2025,12/9/2025,391/25XK,0512/ROMANIA,HEAD STEEL SRL,KD.704,  -   ,12/25/2025
12/5/2025,12/9/2025,391/25XK,0512/ROMANIA,HEAD STEEL SRL,KD.705,  -   ,12/25/2025
12/5/2025,12/9/2025,391/25XK,0512/ROMANIA,HEAD STEEL SRL,NC.04,  -   ,12/25/2025
12/5/2025,12/9/2025,391/25XK,0512/ROMANIA,HEAD STEEL SRL,NL.201,  -   ,12/25/2025
12/5/2025,12/9/2025,391/25XK,0512/ROMANIA,HEAD STEEL SRL,NL.205,  -   ,12/25/2025
12/5/2025,12/9/2025,391/25XK,0512/ROMANIA,HEAD STEEL SRL,P.08,  -   ,12/25/2025
12/5/2025,12/9/2025,391/25XK,0512/ROMANIA,HEAD STEEL SRL,P.09,  -   ,12/25/2025
12/5/2025,12/9/2025,391/25XK,0512/ROMANIA,HEAD STEEL SRL,P.12,  -   ,12/25/2025
12/5/2025,12/9/2025,391/25XK,0512/ROMANIA,HEAD STEEL SRL,P.13,  -   ,12/25/2025
12/5/2025,12/9/2025,391/25XK,0512/ROMANIA,HEAD STEEL SRL,P.14,  120 ,12/25/2025
12/5/2025,12/9/2025,391/25XK,0512/ROMANIA,HEAD STEEL SRL,P.17,  -   ,12/25/2025
12/10/2025,12/11/2025,392/25XK,0539/GERMANY,Heiko Wild,KSK-2214,  500 ,12/29/2025
12/9/2025,12/11/2025,393/25XK,0246/KOREA,PARAN NAIL ,KDT-2120,  2.000 ,2/2/2026
12/10/2025,12/11/2025,394/25XK,0590/RUSSIA,RUNAIL PROFESSIONAL,KD2-2953,  4.000 ,3/16/2026
12/10/2025,12/11/2025,394/25XK,0590/RUSSIA,RUNAIL PROFESSIONAL,KD2-2954,  4.000 ,3/16/2026
12/10/2025,12/11/2025,394/25XK,0590/RUSSIA,RUNAIL PROFESSIONAL,KSS-2955,  1.000 ,3/16/2026
12/10/2025,12/11/2025,394/25XK,0590/RUSSIA,RUNAIL PROFESSIONAL,KSS-2956,  1.000 ,3/16/2026
12/10/2025,12/11/2025,395/25XK,0343/PHILIPPINES,ERRA ENTERPRISE ,C.07-14,  1.080 ,1/20/2026
12/10/2025,12/11/2025,395/25XK,0343/PHILIPPINES,ERRA ENTERPRISE ,C.111,  1.080 ,1/20/2026
12/10/2025,12/11/2025,395/25XK,0343/PHILIPPINES,ERRA ENTERPRISE ,C.112-14,  1.080 ,1/20/2026
12/11/2025,12/12/2025,396/25xk,0241/UAE,Omorfia Shared Services Limited,KD2-3296,  500 ,1/31/2026
12/11/2025,12/12/2025,397/25XK,0617/ALBANIA,Nevila Pane,C.03-14,  60 ,12/26/2025
12/11/2025,12/12/2025,397/25XK,0617/ALBANIA,Nevila Pane,CL.201-12,  60 ,12/26/2025
12/11/2025,12/12/2025,397/25XK,0617/ALBANIA,Nevila Pane,CL.206-6mm,  60 ,12/26/2025
12/11/2025,12/12/2025,397/25XK,0617/ALBANIA,Nevila Pane,CL.207-5MM,  60 ,12/26/2025
12/11/2025,12/12/2025,397/25XK,0617/ALBANIA,Nevila Pane,KD.43,  15 ,12/26/2025
12/11/2025,12/12/2025,397/25XK,0617/ALBANIA,Nevila Pane,KD.707,  30 ,12/26/2025
12/11/2025,12/12/2025,397/25XK,0617/ALBANIA,Nevila Pane,NL.102,  20 ,12/26/2025
12/11/2025,12/12/2025,397/25XK,0617/ALBANIA,Nevila Pane,NL.210,  10 ,12/26/2025
12/11/2025,12/12/2025,397/25XK,0617/ALBANIA,Nevila Pane,P.03,  20 ,12/26/2025
12/11/2025,12/12/2025,397/25XK,0617/ALBANIA,Nevila Pane,P.12,  30 ,12/26/2025
12/11/2025,12/12/2025,397/25XK,0617/ALBANIA,Nevila Pane,P.17,  20 ,12/26/2025
12/11/2026,,397/25xk,0617/ALBANIA,Nevila Pane,T.10,  15 ,1/26/2026
12/10/2025,12/12/2025,398/25XK,0270/UAE,MILIA COSMETICS MAT TR.L L C - SOLE PROPRIETORSHIP,C.03-5MM,  1.200 ,1/30/2026
12/10/2025,12/12/2025,398/25XK,0270/UAE,MILIA COSMETICS MAT TR.L L C - SOLE PROPRIETORSHIP,C.05-5MM,  240 ,1/30/2026
12/10/2025,12/12/2025,398/25XK,0270/UAE,MILIA COSMETICS MAT TR.L L C - SOLE PROPRIETORSHIP,C.06-5MM,  1.200 ,1/30/2026
12/10/2025,12/12/2025,398/25XK,0270/UAE,MILIA COSMETICS MAT TR.L L C - SOLE PROPRIETORSHIP,C.07-5MM,  600 ,1/30/2026
12/10/2025,12/12/2025,398/25XK,0270/UAE,MILIA COSMETICS MAT TR.L L C - SOLE PROPRIETORSHIP,C.111,  1.200 ,1/30/2026
12/10/2025,12/12/2025,398/25XK,0270/UAE,MILIA COSMETICS MAT TR.L L C - SOLE PROPRIETORSHIP,C.112,  1.800 ,1/30/2026
12/10/2025,12/12/2025,398/25XK,0270/UAE,MILIA COSMETICS MAT TR.L L C - SOLE PROPRIETORSHIP,C.114,  1.800 ,1/30/2026
12/10/2025,12/12/2025,398/25XK,0270/UAE,MILIA COSMETICS MAT TR.L L C - SOLE PROPRIETORSHIP,C.118,  1.200 ,1/30/2026
12/10/2025,12/12/2025,398/25XK,0270/UAE,MILIA COSMETICS MAT TR.L L C - SOLE PROPRIETORSHIP,C.36-5MM,  1.200 ,1/30/2026
12/10/2025,12/12/2025,398/25XK,0270/UAE,MILIA COSMETICS MAT TR.L L C - SOLE PROPRIETORSHIP,CL.205-7MM,  120 ,1/30/2026
12/10/2025,12/12/2025,398/25XK,0270/UAE,MILIA COSMETICS MAT TR.L L C - SOLE PROPRIETORSHIP,CL.206-5MM,  120 ,1/30/2026
12/10/2025,12/12/2025,398/25XK,0270/UAE,MILIA COSMETICS MAT TR.L L C - SOLE PROPRIETORSHIP,KD.701,  120 ,1/30/2026
12/10/2025,12/12/2025,398/25XK,0270/UAE,MILIA COSMETICS MAT TR.L L C - SOLE PROPRIETORSHIP,KD.702,  60 ,1/30/2026
12/10/2025,12/12/2025,398/25XK,0270/UAE,MILIA COSMETICS MAT TR.L L C - SOLE PROPRIETORSHIP,KD.703,  120 ,1/30/2026
12/10/2025,12/12/2025,398/25XK,0270/UAE,MILIA COSMETICS MAT TR.L L C - SOLE PROPRIETORSHIP,KD.710,  60 ,1/30/2026
12/10/2025,12/12/2025,398/25XK,0270/UAE,MILIA COSMETICS MAT TR.L L C - SOLE PROPRIETORSHIP,KD.714,  120 ,1/30/2026
12/10/2025,12/12/2025,398/25XK,0270/UAE,MILIA COSMETICS MAT TR.L L C - SOLE PROPRIETORSHIP,KD.715,  60 ,1/30/2026
12/10/2025,12/12/2025,398/25XK,0270/UAE,MILIA COSMETICS MAT TR.L L C - SOLE PROPRIETORSHIP,KDM.713,  60 ,1/30/2026
12/10/2025,12/12/2025,398/25XK,0270/UAE,MILIA COSMETICS MAT TR.L L C - SOLE PROPRIETORSHIP,N.118,  240 ,1/30/2026
12/10/2025,12/12/2025,398/25XK,0270/UAE,MILIA COSMETICS MAT TR.L L C - SOLE PROPRIETORSHIP,NC.01,  1.200 ,1/30/2026
12/10/2025,12/12/2025,398/25XK,0270/UAE,MILIA COSMETICS MAT TR.L L C - SOLE PROPRIETORSHIP,NC.02,  1.200 ,1/30/2026
12/10/2025,12/12/2025,398/25XK,0270/UAE,MILIA COSMETICS MAT TR.L L C - SOLE PROPRIETORSHIP,NC.04,  240 ,1/30/2026
12/10/2025,12/12/2025,398/25XK,0270/UAE,MILIA COSMETICS MAT TR.L L C - SOLE PROPRIETORSHIP,NC.06,  240 ,1/30/2026
12/10/2025,12/12/2025,398/25XK,0270/UAE,MILIA COSMETICS MAT TR.L L C - SOLE PROPRIETORSHIP,P.03,  240 ,1/30/2026
12/10/2025,12/12/2025,398/25XK,0270/UAE,MILIA COSMETICS MAT TR.L L C - SOLE PROPRIETORSHIP,P.04,  180 ,1/30/2026
12/10/2025,12/12/2025,398/25XK,0270/UAE,MILIA COSMETICS MAT TR.L L C - SOLE PROPRIETORSHIP,P.10,  720 ,1/30/2026
12/10/2025,12/12/2025,398/25XK,0270/UAE,MILIA COSMETICS MAT TR.L L C - SOLE PROPRIETORSHIP,T.04,  120 ,1/30/2026
12/10/2025,12/12/2025,398/25XK,0270/UAE,MILIA COSMETICS MAT TR.L L C - SOLE PROPRIETORSHIP,T.05,  120 ,1/30/2026
12/10/2025,12/12/2025,398/25XK,0270/UAE,MILIA COSMETICS MAT TR.L L C - SOLE PROPRIETORSHIP,T.09,  240 ,1/30/2026
12/15/2025,12/16/2025,399/25XK,0314/POLAND,INGLOT sp. z o.o,KD2-0701,  2.000 ,3/4/2026
12/16/2025,12/17/2025,400/25ND,B2B,VIETCOMBANK,BQT.VCB SG01,  100 ,1/31/2026
12/16/2025,12/17/2025,400/25ND,B2B,VIETCOMBANK,BQT.VCB SG02,  50 ,1/13/2026
12/16/2025,12/17/2025,400/25ND,B2B,VIETCOMBANK,BQT.VCB SG03,  100 ,1/31/2026
12/16/2025,12/17/2025,400/25ND,B2B,VIETCOMBANK,BQT.VCB TC,  200 ,1/13/2026
12/16/2025,12/16/2025,401/25ND,B2B,BIDV BAN MÊ,BQT.BIDVNC,  150 ,12/24/2025
12/15/2025,12/16/2025,402/25ND,EC,EC,GS.EVO-01,  100 ,1/15/2026
12/15/2025,12/16/2025,402/25ND1,EC,EC,GS.EVO-01,  200 ,3/16/2026
12/15/2025,12/16/2025,403/25ND,CHAOBA,CHAOBA,D.501,  3.100 ,1/8/2026
12/15/2025,12/16/2025,403/25ND,CHAOBA,CHAOBA,D.555KD,  700 ,1/8/2026
12/24/2025,12/25/2025,404/25XK,0205/JAPAN,HIKARI CORPORATION,KSS-1137,  600 ,12/30/2025
12/17/2025,12/25/2025,405/25xk,0618/USA,VELUK INC.,KSK-3344,  500 ,1/22/2026
12/17/2025,12/25/2025,405/25xk,0618/USA,VELUK INC.,KSK-3345,  500 ,1/22/2026
12/19/2025,12/25/2025,406/25XK,0395/ESTONIA, VIIS ILUSALONG ( MOSAIC ),KD2-1242,  500 ,3/25/2026
12/19/2025,12/25/2025,407/25XK,0619/RUSSIA,BROOM CORP,KD2-3346,  500 ,3/8/2026
12/19/2025,12/25/2025,407/25XK,0619/RUSSIA,BROOM CORP,KD2-3347,  500 ,3/8/2026
12/19/2025,12/25/2025,407/25XK,0619/RUSSIA,BROOM CORP,KD2-3348,  500 ,3/8/2026
12/19/2025,12/25/2025,408/25XK,0591/UK,Navy Professional,KSB-2785,  800 ,3/17/2026
12/19/2025,12/25/2025,408/25XK,0591/UK,Navy Professional,KSK-2786,  300 ,3/17/2026
12/19/2025,12/25/2025,408/25XK,0591/UK,Navy Professional,KSK-2788,  500 ,3/17/2026
12/19/2025,12/25/2025,408/25XK,0591/UK,Navy Professional,KSN-2797,  250 ,3/17/2026
12/19/2025,12/25/2025,408/25XK,0591/UK,Navy Professional,KSN-2798,  250 ,3/17/2026
12/19/2025,12/25/2025,408/25XK,0591/UK,Navy Professional,KSS-2789,  500 ,3/17/2026
12/19/2025,12/25/2025,408/25XK,0591/UK,Navy Professional,KSS-2790,  2.000 ,3/17/2026
12/19/2025,12/25/2025,408/25XK,0591/UK,Navy Professional,KSS-2792,  200 ,3/17/2026
12/19/2025,12/25/2025,408/25XK,0591/UK,Navy Professional,KSS-2795,  100 ,3/17/2026
12/19/2025,12/25/2025,408/25XK,0591/UK,Navy Professional,KSS-2800,  250 ,3/17/2026
12/24/2025,12/26/2025,410/25ND,RD,#N/A,SLT-D.04-7mm,  500 ,1/31/2026
12/24/2025,12/26/2025,410/25ND,RD,#N/A,STL-DT,  -   ,1/31/2026
12/17/2025,12/29/2025,411/25XK,0026/GERMANY,ZWILLING Beauty Group GmbH,KD2-0211,  7.000 ,4/20/2026
12/17/2025,12/29/2025,411/25XK,0026/GERMANY,ZWILLING Beauty Group GmbH,KM2-0212,  7.600 ,4/20/2026
12/17/2025,12/29/2025,411/25XK,0026/GERMANY,ZWILLING Beauty Group GmbH,KM2-0550,  1.600 ,4/20/2026
12/17/2025,12/29/2025,411/25XK,0026/GERMANY,ZWILLING Beauty Group GmbH,KSD-0362,  10.200 ,4/20/2026
12/17/2025,12/29/2025,411/25XK,0026/GERMANY,ZWILLING Beauty Group GmbH,KSS-0367,  9.000 ,4/20/2026
12/24/2025,12/29/2025,412/25XK,0336/CHINA,"QVS Global China, LTD",KD2-0211,  1.000 ,4/29/2026
12/24/2025,12/29/2025,412/25XK,0336/CHINA,"QVS Global China, LTD",KM2-0212,  1.000 ,4/29/2026
12/24/2025,12/29/2025,412/25XK,0336/CHINA,"QVS Global China, LTD",KSD-0362,  1.000 ,4/29/2026
12/24/2025,12/29/2025,412/25XK,0336/CHINA,"QVS Global China, LTD",KSS-0367,  1.000 ,4/29/2026
12/4/2025,12/29/2025,413/25XK,KDQT,HC T032026,B.916C-HO,  1 ,2/7/2026
12/4/2025,12/29/2025,413/25XK,KDQT,HC T032026,B.916C-VA,  1 ,2/7/2026
12/4/2025,12/29/2025,413/25XK,KDQT,HC T032026,B.916C-XL,  1 ,2/7/2026
12/4/2025,12/29/2025,413/25XK,KDQT,HC T032026,B.999,  2 ,2/7/2026
12/4/2025,12/29/2025,413/25XK,KDQT,HC T032026,C.01-16,  2 ,2/7/2026
12/4/2025,12/29/2025,413/25XK,KDQT,HC T032026,C.03-5mm,  3 ,2/7/2026
12/4/2025,12/29/2025,413/25XK,KDQT,HC T032026,C.04-6mm,  3 ,2/7/2026
12/4/2025,12/29/2025,413/25XK,KDQT,HC T032026,C.05-5mm,  3 ,2/7/2026
12/4/2025,12/29/2025,413/25XK,KDQT,HC T032026,C.06-6mm,  3 ,2/7/2026
12/4/2025,12/29/2025,413/25XK,KDQT,HC T032026,C.07-3.5mm,  10 ,2/7/2026
12/4/2025,12/29/2025,413/25XK,KDQT,HC T032026,C.07-5mm,  10 ,2/7/2026
12/4/2025,12/29/2025,413/25XK,KDQT,HC T032026,C.07-7mm,  5 ,2/7/2026
12/4/2025,12/29/2025,413/25XK,KDQT,HC T032026,C.08-6mm,  3 ,2/7/2026
12/4/2025,12/29/2025,413/25XK,KDQT,HC T032026,C.111,  2 ,2/7/2026
12/4/2025,12/29/2025,413/25XK,KDQT,HC T032026,C.112,  3 ,2/7/2026
12/4/2025,12/29/2025,413/25XK,KDQT,HC T032026,C.114,  3 ,2/7/2026
12/4/2025,12/29/2025,413/25XK,KDQT,HC T032026,C.118,  3 ,2/7/2026
12/4/2025,12/29/2025,413/25XK,KDQT,HC T032026,C.35-5mm,  3 ,2/7/2026
12/4/2025,12/29/2025,413/25XK,KDQT,HC T032026,C.36-5mm,  3 ,2/7/2026
12/4/2025,12/29/2025,413/25XK,KDQT,HC T032026,CL.201-5mm,  5 ,2/7/2026
12/4/2025,12/29/2025,413/25XK,KDQT,HC T032026,CL.205-5mm,  2 ,2/7/2026
12/4/2025,12/29/2025,413/25XK,KDQT,HC T032026,CL.205-7mm,  2 ,2/7/2026
12/4/2025,12/29/2025,413/25XK,KDQT,HC T032026,CL.206-5mm,  10 ,2/7/2026
12/4/2025,12/29/2025,413/25XK,KDQT,HC T032026,CL.206-7mm,  5 ,2/7/2026
12/4/2025,12/29/2025,413/25XK,KDQT,HC T032026,CL.223-8mm,  3 ,2/7/2026
12/4/2025,12/29/2025,413/25XK,KDQT,HC T032026,CL.S01-7mm,  5 ,2/7/2026
12/4/2025,12/29/2025,413/25XK,KDQT,HC T032026,CL.S02-5mm,  5 ,2/7/2026
12/4/2025,12/29/2025,413/25XK,KDQT,HC T032026,EVO.01V-6mm,  2 ,2/7/2026
12/4/2025,12/29/2025,413/25XK,KDQT,HC T032026,IS.01,  2 ,2/7/2026
12/4/2025,12/29/2025,413/25XK,KDQT,HC T032026,IS.03,  2 ,2/7/2026
12/4/2025,12/29/2025,413/25XK,KDQT,HC T032026,KD.43,  5 ,2/7/2026
12/4/2025,12/29/2025,413/25XK,KDQT,HC T032026,KD.701,  10 ,2/7/2026
12/4/2025,12/29/2025,413/25XK,KDQT,HC T032026,KD.702,  10 ,2/7/2026
12/4/2025,12/29/2025,413/25XK,KDQT,HC T032026,KD.703,  10 ,2/7/2026
12/4/2025,12/29/2025,413/25XK,KDQT,HC T032026,KD.704,  10 ,2/7/2026
12/4/2025,12/29/2025,413/25XK,KDQT,HC T032026,KD.705,  10 ,2/7/2026
12/4/2025,12/29/2025,413/25XK,KDQT,HC T032026,KD.706,  10 ,2/7/2026
12/4/2025,12/29/2025,413/25XK,KDQT,HC T032026,KD.707,  10 ,2/7/2026
12/4/2025,12/29/2025,413/25XK,KDQT,HC T032026,KD.708,  10 ,2/7/2026
12/4/2025,12/29/2025,413/25XK,KDQT,HC T032026,KD.709,  2 ,2/7/2026
12/4/2025,12/29/2025,413/25XK,KDQT,HC T032026,KD.712,  3 ,2/7/2026
12/4/2025,12/29/2025,413/25XK,KDQT,HC T032026,KD.714,  4 ,2/7/2026
12/4/2025,12/29/2025,413/25XK,KDQT,HC T032026,KD.715,  10 ,2/7/2026
12/4/2025,12/29/2025,413/25XK,KDQT,HC T032026,KD.716,  5 ,2/7/2026
12/4/2025,12/29/2025,413/25XK,KDQT,HC T032026,KD.723,  5 ,2/7/2026
12/4/2025,12/29/2025,413/25XK,KDQT,HC T032026,KDM.713,  2 ,2/7/2026
12/4/2025,12/29/2025,413/25XK,KDQT,HC T032026,KDM.717,  2 ,2/7/2026
12/4/2025,12/29/2025,413/25XK,KDQT,HC T032026,NC.01,  10 ,2/7/2026
12/4/2025,12/29/2025,413/25XK,KDQT,HC T032026,NC.02,  10 ,2/7/2026
12/4/2025,12/29/2025,413/25XK,KDQT,HC T032026,NC.03,  3 ,2/7/2026
12/4/2025,12/29/2025,413/25XK,KDQT,HC T032026,NC.04,  3 ,2/7/2026
12/4/2025,12/29/2025,413/25XK,KDQT,HC T032026,NC.05,  3 ,2/7/2026
12/4/2025,12/29/2025,413/25XK,KDQT,HC T032026,NC.06,  3 ,2/7/2026
12/4/2025,12/29/2025,413/25XK,KDQT,HC T032026,NL.102,  3 ,2/7/2026
12/4/2025,12/29/2025,413/25XK,KDQT,HC T032026,NL.201,  3 ,2/7/2026
12/4/2025,12/29/2025,413/25XK,KDQT,HC T032026,NL.202,  13 ,2/7/2026
12/4/2025,12/29/2025,413/25XK,KDQT,HC T032026,NL.203,  2 ,2/7/2026
12/4/2025,12/29/2025,413/25XK,KDQT,HC T032026,NL.205,  5 ,2/7/2026
12/4/2025,12/29/2025,413/25XK,KDQT,HC T032026,NL.208,  2 ,2/7/2026
12/4/2025,12/29/2025,413/25XK,KDQT,HC T032026,NL.210,  5 ,2/7/2026
12/4/2025,12/29/2025,413/25XK,KDQT,HC T032026,P.01,  3 ,2/7/2026
12/4/2025,12/29/2025,413/25XK,KDQT,HC T032026,P.02,  3 ,2/7/2026
12/4/2025,12/29/2025,413/25XK,KDQT,HC T032026,P.03,  5 ,2/7/2026
12/4/2025,12/29/2025,413/25XK,KDQT,HC T032026,P.08,  5 ,2/7/2026
12/4/2025,12/29/2025,413/25XK,KDQT,HC T032026,P.10,  3 ,2/7/2026
12/4/2025,12/29/2025,413/25XK,KDQT,HC T032026,P.12,  20 ,2/7/2026
12/4/2025,12/29/2025,413/25XK,KDQT,HC T032026,P.13,  5 ,2/7/2026
12/4/2025,12/29/2025,413/25XK,KDQT,HC T032026,P.14,  10 ,2/7/2026
12/4/2025,12/29/2025,413/25XK,KDQT,HC T032026,P.15,  5 ,2/7/2026
12/4/2025,12/29/2025,413/25XK,KDQT,HC T032026,P.17,  15 ,2/7/2026
12/4/2025,12/29/2025,413/25XK,KDQT,HC T032026,P.20,  2 ,2/7/2026
12/4/2025,12/29/2025,413/25XK,KDQT,HC T032026,P.21,  3 ,2/7/2026
12/4/2025,12/29/2025,413/25XK,KDQT,HC T032026,P.22,  5 ,2/7/2026
12/4/2025,12/29/2025,413/25XK,KDQT,HC T032026,P.24,  5 ,2/7/2026
12/4/2025,12/29/2025,413/25XK,KDQT,HC T032026,T.01BL,  -   ,2/7/2026
12/4/2025,12/29/2025,413/25XK,KDQT,HC T032026,T.01BO,  2 ,2/7/2026
12/4/2025,12/29/2025,413/25XK,KDQT,HC T032026,T.01GR,  2 ,2/7/2026
12/4/2025,12/29/2025,413/25XK,KDQT,HC T032026,T.01PU,  2 ,2/7/2026
12/4/2025,12/29/2025,413/25XK,KDQT,HC T032026,T.01RE,  2 ,2/7/2026
12/4/2025,12/29/2025,413/25XK,KDQT,HC T032026,T.03,  10 ,2/7/2026
12/4/2025,12/29/2025,413/25XK,KDQT,HC T032026,T.04,  10 ,2/7/2026
12/4/2025,12/29/2025,413/25XK,KDQT,HC T032026,T.05,  5 ,2/7/2026
12/4/2025,12/29/2025,413/25XK,KDQT,HC T032026,T.10,  5 ,2/7/2026
12/4/2025,12/29/2025,414/25XK,KDQT,HC T032026,KD2-3317,  20 ,2/7/2026
12/4/2025,12/29/2025,414/25XK,KDQT,HC T032026,KD2-3318,  20 ,2/7/2026
12/4/2025,12/29/2025,414/25XK,KDQT,HC T032026,KD2-3327,  20 ,2/7/2026
12/4/2025,12/29/2025,414/25XK,KDQT,HC T032026,KD2-3328,  20 ,2/7/2026
12/4/2025,12/29/2025,414/25XK,KDQT,HC T032026,KM2-3319,  20 ,2/7/2026
12/4/2025,12/29/2025,414/25XK,KDQT,HC T032026,KM2-3329,  -   ,2/7/2026
12/4/2025,12/29/2025,414/25XK,KDQT,HC T032026,KSB-3323,  20 ,2/7/2026
12/4/2025,12/29/2025,414/25XK,KDQT,HC T032026,KSB-3333,  -   ,2/7/2026
12/4/2025,12/29/2025,414/25XK,KDQT,HC T032026,KSK-3320,  20 ,2/7/2026
12/4/2025,12/29/2025,414/25XK,KDQT,HC T032026,KSK-3321,  20 ,2/7/2026
12/4/2025,12/29/2025,414/25XK,KDQT,HC T032026,KSK-3322,  20 ,2/7/2026
12/4/2025,12/29/2025,414/25XK,KDQT,HC T032026,KSK-3330,  2 ,2/7/2026
12/4/2025,12/29/2025,414/25XK,KDQT,HC T032026,KSK-3331,  4 ,2/7/2026
12/4/2025,12/29/2025,414/25XK,KDQT,HC T032026,KSK-3332,  6 ,2/7/2026
12/4/2025,12/29/2025,414/25XK,KDQT,HC T032026,KSS-3324,  20 ,2/7/2026
12/4/2025,12/29/2025,414/25XK,KDQT,HC T032026,KSS-3325,  20 ,2/7/2026
12/4/2025,12/29/2025,414/25XK,KDQT,HC T032026,KSS-3326,  20 ,2/7/2026
12/4/2025,12/29/2025,414/25XK,KDQT,HC T032026,KSS-3334,  17 ,2/7/2026
12/4/2025,12/29/2025,414/25XK,KDQT,HC T032026,KSS-3335,  9 ,2/7/2026
12/4/2025,12/29/2025,414/25XK,KDQT,HC T032026,KSS-3336,  4 ,2/7/2026
12/26/2025,12/30/2025,415/25XK,0553/ISRAEL,ROYAL DENTAL,KD2-2344,  500 ,3/21/2026
12/26/2025,12/30/2025,415/25XK,0553/ISRAEL,ROYAL DENTAL,KD2-2345,  500 ,3/21/2026
12/26/2025,12/30/2025,415/25XK,0553/ISRAEL,ROYAL DENTAL,KD2-2346,  500 ,3/21/2026
12/26/2025,12/30/2025,415/25XK,0553/ISRAEL,ROYAL DENTAL,KD2-2347,  500 ,3/21/2026
12/26/2025,12/30/2025,415/25XK,0553/ISRAEL,ROYAL DENTAL,KM2-2335,  500 ,3/21/2026
12/26/2025,12/30/2025,415/25XK,0553/ISRAEL,ROYAL DENTAL,KM2-2336,  500 ,3/21/2026
12/26/2025,12/30/2025,415/25XK,0553/ISRAEL,ROYAL DENTAL,KM2-2662,  500 ,3/21/2026
12/26/2025,12/30/2025,415/25XK,0553/ISRAEL,ROYAL DENTAL,KSK-2343,  500 ,3/21/2026
12/26/2025,12/30/2025,415/25XK,0553/ISRAEL,ROYAL DENTAL,KSN-2349,  500 ,3/21/2026
12/26/2025,12/30/2025,415/25XK,0553/ISRAEL,ROYAL DENTAL,KSS-2358,  500 ,3/21/2026
12/26/2025,12/30/2025,415/25XK,0553/ISRAEL,ROYAL DENTAL,KSS-2361,  500 ,3/21/2026
12/26/2025,12/30/2025,415/25XK,0553/ISRAEL,ROYAL DENTAL,KSS-2362,  500 ,3/21/2026
1/21/2026,1/21/2026,CHAOBA02,CHAOBA,CHAOBA,D.01-12,  600 ,3/15/2026
1/21/2026,1/21/2026,CHAOBA02,CHAOBA,CHAOBA,D.01-14,  1.200 ,3/15/2026
1/21/2026,1/21/2026,CHAOBA02,CHAOBA,CHAOBA,D.03-12,  600 ,3/15/2026
1/21/2026,1/21/2026,CHAOBA02,CHAOBA,CHAOBA,D.04-12,  600 ,3/15/2026
1/21/2026,1/21/2026,CHAOBA02,CHAOBA,CHAOBA,D.04-14,  1.200 ,3/15/2026
1/21/2026,1/21/2026,CHAOBA02,CHAOBA,CHAOBA,D.05-12,  360 ,3/15/2026
1/21/2026,1/21/2026,CHAOBA02,CHAOBA,CHAOBA,D.06-12,  600 ,3/15/2026
1/21/2026,1/21/2026,CHAOBA02,CHAOBA,CHAOBA,D.06-14,  600 ,3/15/2026
1/21/2026,1/21/2026,CHAOBA02,CHAOBA,CHAOBA,D.06-16,  600 ,3/15/2026
1/21/2026,1/21/2026,CHAOBA02,CHAOBA,CHAOBA,D.07-12,  1.200 ,3/15/2026
1/21/2026,1/21/2026,CHAOBA02,CHAOBA,CHAOBA,D.07-14,  3.600 ,3/15/2026
1/21/2026,1/21/2026,CHAOBA02,CHAOBA,CHAOBA,D.07-16,  1.200 ,3/15/2026
1/21/2026,1/21/2026,CHAOBA02,CHAOBA,CHAOBA,D.09-12,  600 ,3/15/2026
1/21/2026,1/21/2026,CHAOBA02,CHAOBA,CHAOBA,D.09-14,  1.200 ,3/15/2026
1/21/2026,1/21/2026,CHAOBA02,CHAOBA,CHAOBA,D.18,  1.800 ,3/15/2026
1/21/2026,1/21/2026,CHAOBA02,CHAOBA,CHAOBA,D.501,  3.000 ,3/15/2026
1/21/2026,1/21/2026,CHAOBA02,CHAOBA,CHAOBA,D.506,  600 ,3/15/2026
1/21/2026,1/21/2026,CHAOBA02,CHAOBA,CHAOBA,D.555KD,  1.200 ,3/15/2026
1/21/2026,1/21/2026,CHAOBA02,CHAOBA,CHAOBA,M.13,  -   ,4/20/2026
1/21/2026,1/21/2026,CHAOBA02,CHAOBA,CHAOBA,M.14,  -   ,4/20/2026
1/21/2026,1/21/2026,CHAOBA02,CHAOBA,CHAOBA,M.18,  600 ,3/15/2026
1/21/2026,1/21/2026,CHAOBA02,CHAOBA,CHAOBA,M.501,  600 ,3/15/2026
1/21/2026,1/21/2026,CHAOBA02,CHAOBA,CHAOBA,S.505,  1.080 ,3/15/2026
1/21/2026,1/21/2026,CHAOBA02,CHAOBA,CHAOBA,S.506,  720 ,3/15/2026
1/21/2026,1/21/2026,CHAOBA02,CHAOBA,CHAOBA,S.515,  720 ,3/15/2026
1/21/2026,1/21/2026,CHAOBA02,CHAOBA,CHAOBA,S.516,  720 ,3/15/2026
1/7/2026,1/8/2026,001/26XK,0605/BRAZIL,MODERNA INDUSTRIA E COMERCIO LTDA,KD.703,  1.400 ,1/31/2026
1/7/2026,1/8/2026,001/26XK,0605/BRAZIL,MODERNA INDUSTRIA E COMERCIO LTDA,KD.704,  600 ,1/31/2026
1/7/2026,1/8/2026,001/26XK,0605/BRAZIL,MODERNA INDUSTRIA E COMERCIO LTDA,KD.705,  500 ,1/31/2026
1/7/2026,1/8/2026,001/26XK,0605/BRAZIL,MODERNA INDUSTRIA E COMERCIO LTDA,KD.707,  100 ,1/31/2026
1/7/2026,1/8/2026,001/26XK,0605/BRAZIL,MODERNA INDUSTRIA E COMERCIO LTDA,KD.718,  200 ,1/31/2026
12/22/2025,1/5/2026,002/26XK,0342/KOREA,ROYAL NIPPER,KD2-0870,  200 ,3/20/2026
12/22/2025,1/5/2026,002/26XK,0342/KOREA,ROYAL NIPPER,KD2-0871,  300 ,3/20/2026
12/22/2025,1/5/2026,002/26XK,0342/KOREA,ROYAL NIPPER,KD2-1085,  400 ,3/20/2026
12/22/2025,1/5/2026,002/26XK,0342/KOREA,ROYAL NIPPER,KD2-1086,  100 ,3/20/2026
12/22/2025,1/5/2026,002/26XK,0342/KOREA,ROYAL NIPPER,KD2-1406,  300 ,3/20/2026
12/22/2025,1/5/2026,002/26XK,0342/KOREA,ROYAL NIPPER,KD2-1656,  200 ,3/20/2026
1/5/2026,1/8/2026,003/26XK,0556/KOREA,BY DONY,KD2-3236,  500 ,3/25/2026
1/5/2026,1/7/2026,004/26XK,0139/JAPAN,"UTSUMI CO., LTD",KD2-0282,  1.000 ,3/14/2026
1/5/2026,1/7/2026,004/26XK,0139/JAPAN,"UTSUMI CO., LTD",KD2-0288,  1.000 ,3/14/2026
1/5/2026,1/7/2026,004/26XK,0139/JAPAN,"UTSUMI CO., LTD",KD2-0343,  1.000 ,3/14/2026
1/5/2026,1/7/2026,004/26XK,0139/JAPAN,"UTSUMI CO., LTD",KSS-0283,  3.000 ,3/21/2026
1/7/2026,1/7/2026,005/26XK,0578/JORDAN,CANNI,C.03-14,  -   ,1/28/2026
1/7/2026,1/7/2026,005/26XK,0578/JORDAN,CANNI,C.03-5mm,  -   ,1/28/2026
1/7/2026,1/7/2026,005/26XK,0578/JORDAN,CANNI,C.04-5mm,  -   ,1/28/2026
1/7/2026,1/7/2026,005/26XK,0578/JORDAN,CANNI,C.04-6mm,  -   ,1/28/2026
1/7/2026,1/7/2026,005/26XK,0578/JORDAN,CANNI,C.04-7mm,  -   ,1/28/2026
1/7/2026,1/7/2026,005/26XK,0578/JORDAN,CANNI,C.05-5mm,  -   ,1/28/2026
1/7/2026,1/7/2026,005/26XK,0578/JORDAN,CANNI,C.07-5mm,  -   ,1/28/2026
1/7/2026,1/7/2026,005/26XK,0578/JORDAN,CANNI,C.07-7mm,  -   ,1/28/2026
1/7/2026,1/7/2026,005/26XK,0578/JORDAN,CANNI,C.35-5mm,  -   ,1/28/2026
1/7/2026,1/7/2026,005/26XK,0578/JORDAN,CANNI,C.36-14,  -   ,1/28/2026
1/7/2026,1/7/2026,005/26XK,0578/JORDAN,CANNI,C.36-16,  -   ,1/28/2026
1/7/2026,1/7/2026,005/26XK,0578/JORDAN,CANNI,C.36-5mm,  -   ,1/28/2026
1/7/2026,1/7/2026,005/26XK,0578/JORDAN,CANNI,C.37-14,  -   ,1/28/2026
1/8/2026,1/9/2026,006/26XK,0425/CHINA,Guangzhou Xingdian Nail Products Company Limited,B.901NC,  2.160 ,3/31/2026
1/8/2026,1/9/2026,006/26XK,0425/CHINA,Guangzhou Xingdian Nail Products Company Limited,B.902NC,  1.440 ,3/31/2026
1/8/2026,1/9/2026,006/26XK,0425/CHINA,Guangzhou Xingdian Nail Products Company Limited,D.03-12NC,  1.800 ,3/31/2026
1/8/2026,1/9/2026,006/26XK,0425/CHINA,Guangzhou Xingdian Nail Products Company Limited,D.03-14NC,  1.800 ,3/31/2026
1/8/2026,1/9/2026,006/26XK,0425/CHINA,Guangzhou Xingdian Nail Products Company Limited,D.03-16NC,  720 ,3/31/2026
1/8/2026,1/9/2026,006/26XK,0425/CHINA,Guangzhou Xingdian Nail Products Company Limited,D.04-14NC,  240 ,3/31/2026
1/8/2026,1/9/2026,006/26XK,0425/CHINA,Guangzhou Xingdian Nail Products Company Limited,D.05-12NC,  240 ,3/31/2026
1/8/2026,1/9/2026,006/26XK,0425/CHINA,Guangzhou Xingdian Nail Products Company Limited,D.05-14NC,  60 ,3/31/2026
1/8/2026,1/9/2026,006/26XK,0425/CHINA,Guangzhou Xingdian Nail Products Company Limited,D.05V-12NC,  300 ,3/31/2026
1/8/2026,1/9/2026,006/26XK,0425/CHINA,Guangzhou Xingdian Nail Products Company Limited,D.05V-14NC,  180 ,3/31/2026
1/8/2026,1/9/2026,006/26XK,0425/CHINA,Guangzhou Xingdian Nail Products Company Limited,D.05V-16NC,  60 ,3/31/2026
1/8/2026,1/9/2026,006/26XK,0425/CHINA,Guangzhou Xingdian Nail Products Company Limited,D.06-12NC,  1.080 ,3/31/2026
1/8/2026,1/9/2026,006/26XK,0425/CHINA,Guangzhou Xingdian Nail Products Company Limited,D.07-12NC,  14.400 ,3/31/2026
1/8/2026,1/9/2026,006/26XK,0425/CHINA,Guangzhou Xingdian Nail Products Company Limited,D.07-14NC,  10.800 ,3/31/2026
1/8/2026,1/9/2026,006/26XK,0425/CHINA,Guangzhou Xingdian Nail Products Company Limited,D.07-16NC,  5.400 ,3/31/2026
1/8/2026,1/9/2026,006/26XK,0425/CHINA,Guangzhou Xingdian Nail Products Company Limited,D.07-3.5NC,  5.400 ,3/31/2026
1/8/2026,1/9/2026,006/26XK,0425/CHINA,Guangzhou Xingdian Nail Products Company Limited,D.18NC,  720 ,3/31/2026
1/8/2026,1/9/2026,006/26XK,0425/CHINA,Guangzhou Xingdian Nail Products Company Limited,D.22NC,  14.400 ,3/31/2026
1/8/2026,1/9/2026,006/26XK,0425/CHINA,Guangzhou Xingdian Nail Products Company Limited,D.23NC,  7.200 ,3/31/2026
1/8/2026,1/9/2026,006/26XK,0425/CHINA,Guangzhou Xingdian Nail Products Company Limited,D.26NC,  720 ,3/31/2026
1/8/2026,1/9/2026,006/26XK,0425/CHINA,Guangzhou Xingdian Nail Products Company Limited,D.27NC,  1.440 ,3/31/2026
1/8/2026,1/9/2026,006/26XK,0425/CHINA,Guangzhou Xingdian Nail Products Company Limited,D.28NC,  1.440 ,3/31/2026
1/8/2026,1/9/2026,006/26XK,0425/CHINA,Guangzhou Xingdian Nail Products Company Limited,D.501-14NC,  18.000 ,3/31/2026
1/8/2026,1/9/2026,006/26XK,0425/CHINA,Guangzhou Xingdian Nail Products Company Limited,D.501NC,  18.000 ,3/31/2026
1/8/2026,1/9/2026,006/26XK,0425/CHINA,Guangzhou Xingdian Nail Products Company Limited,D.555NC,  2.880 ,3/31/2026
1/8/2026,1/9/2026,006/26XK,0425/CHINA,Guangzhou Xingdian Nail Products Company Limited,KDN.721NC,  60 ,3/31/2026
1/8/2026,1/9/2026,006/26XK,0425/CHINA,Guangzhou Xingdian Nail Products Company Limited,S.506NC,  1.440 ,3/31/2026
1/8/2026,1/9/2026,006/26XK,0425/CHINA,Guangzhou Xingdian Nail Products Company Limited,S.508NC,  360 ,3/31/2026
1/8/2026,1/9/2026,006/26XK,0425/CHINA,Guangzhou Xingdian Nail Products Company Limited,S.511NC,  3.600 ,3/31/2026
1/6/2026,1/8/2026,007/26XK,0467/POLAND,NAIL4U,KSK-1675,  500 ,1/26/2026
1/6/2026,1/8/2026,007/26XK,0467/POLAND,NAIL4U,KSK-1676,  500 ,1/26/2026
1/5/2026,1/8/2026,008/26XK,0620/SPAIN,Elisium Tecnology SL,KD2-3354,  500 ,3/26/2026
1/5/2026,1/8/2026,008/26XK,0620/SPAIN,Elisium Tecnology SL,KD2-3355,  500 ,3/26/2026
1/5/2026,1/8/2026,008/26XK,0620/SPAIN,Elisium Tecnology SL,KD2-3356,  500 ,3/26/2026
1/5/2026,1/8/2026,008/26XK,0620/SPAIN,Elisium Tecnology SL,KD2-3357,  500 ,3/26/2026
1/5/2026,1/8/2026,008/26XK,0620/SPAIN,Elisium Tecnology SL,KD2-3358,  500 ,3/26/2026
1/5/2026,1/8/2026,008/26XK,0620/SPAIN,Elisium Tecnology SL,KD2-3359,  500 ,3/26/2026
1/5/2026,1/8/2026,008/26XK,0620/SPAIN,Elisium Tecnology SL,KD2-3360,  500 ,3/26/2026
1/5/2026,1/8/2026,008/26XK,0620/SPAIN,Elisium Tecnology SL,KM2-3353,  500 ,3/26/2026
1/8/2026,1/9/2026,009/26XK,0543/LITHUANIA,UAB “Plienas Meistras”,KSK-2283,  200 ,1/24/2026
1/8/2026,1/9/2026,009/26XK,0543/LITHUANIA,UAB “Plienas Meistras”,KSK-2284,  500 ,1/24/2026
1/8/2026,1/9/2026,009/26XK,0543/LITHUANIA,UAB “Plienas Meistras”,KSK-2285,  200 ,1/24/2026
1/8/2026,1/9/2026,009/26XK,0543/LITHUANIA,UAB “Plienas Meistras”,KSK-2286,  100 ,1/24/2026
1/8/2026,1/9/2026,009/26XK,0543/LITHUANIA,UAB “Plienas Meistras”,KSK-3218,  100 ,1/24/2026
1/8/2026,1/9/2026,009/26XK,0543/LITHUANIA,UAB “Plienas Meistras”,KSS-2705,  200 ,1/24/2026
1/9/2026,1/9/2026,010/26XK,0555/FRANCE,OA NAIL SYSTEM,KSK-2400,  500 ,3/7/2026
1/9/2026,1/9/2026,010/26XK,0555/FRANCE,OA NAIL SYSTEM,KSK-2401,  500 ,3/7/2026
1/8/2026,1/9/2026,011/26XK,0425/CHINA,Guangzhou Xingdian Nail Products Company Limited,B.901NC,  2.160 ,4/29/2026
1/8/2026,1/9/2026,011/26XK,0425/CHINA,Guangzhou Xingdian Nail Products Company Limited,B.902NC,  1.440 ,4/29/2026
1/8/2026,1/9/2026,011/26XK,0425/CHINA,Guangzhou Xingdian Nail Products Company Limited,D.03-14NC,  1.800 ,4/29/2026
1/8/2026,1/9/2026,011/26XK,0425/CHINA,Guangzhou Xingdian Nail Products Company Limited,D.07-12NC,  14.400 ,4/29/2026
1/8/2026,1/9/2026,011/26XK,0425/CHINA,Guangzhou Xingdian Nail Products Company Limited,D.07-14NC,  10.800 ,4/29/2026
1/8/2026,1/9/2026,011/26XK,0425/CHINA,Guangzhou Xingdian Nail Products Company Limited,D.07-16NC,  3.600 ,4/29/2026
1/8/2026,1/9/2026,011/26XK,0425/CHINA,Guangzhou Xingdian Nail Products Company Limited,D.07-3.5NC,  5.400 ,4/29/2026
1/8/2026,1/9/2026,011/26XK,0425/CHINA,Guangzhou Xingdian Nail Products Company Limited,D.22NC,  14.400 ,4/29/2026
1/8/2026,1/9/2026,011/26XK,0425/CHINA,Guangzhou Xingdian Nail Products Company Limited,D.23NC,  7.200 ,4/29/2026
1/8/2026,1/9/2026,011/26XK,0425/CHINA,Guangzhou Xingdian Nail Products Company Limited,D.501-12NC,  -   ,4/29/2026
1/8/2026,1/9/2026,011/26XK,0425/CHINA,Guangzhou Xingdian Nail Products Company Limited,D.501-14NC,  14.400 ,4/29/2026
1/8/2026,1/9/2026,011/26XK,0425/CHINA,Guangzhou Xingdian Nail Products Company Limited,D.501NC,  16.200 ,4/29/2026
1/10/2026,1/12/2026,012/26XK,NNC,NNC,B.901,  7.200 ,3/31/2026
1/10/2026,1/12/2026,012/26XK,NNC,NNC,B.902,  3.600 ,3/31/2026
1/10/2026,1/12/2026,012/26XK,NNC,NNC,D.01-12,  2.880 ,3/31/2026
1/10/2026,1/12/2026,012/26XK,NNC,NNC,D.01-14,  7.560 ,3/31/2026
1/10/2026,1/12/2026,012/26XK,NNC,NNC,D.03-12,  2.520 ,3/31/2026
1/10/2026,1/12/2026,012/26XK,NNC,NNC,D.03-14,  6.120 ,3/31/2026
1/10/2026,1/12/2026,012/26XK,NNC,NNC,D.03-16,  5.400 ,3/31/2026
1/10/2026,1/12/2026,012/26XK,NNC,NNC,D.04-12,  1.800 ,3/31/2026
1/10/2026,1/12/2026,012/26XK,NNC,NNC,D.04-14,  3.960 ,3/31/2026
1/10/2026,1/12/2026,012/26XK,NNC,NNC,D.04-16,  7.200 ,3/31/2026
1/10/2026,1/12/2026,012/26XK,NNC,NNC,D.05-12,  720 ,3/31/2026
1/10/2026,1/12/2026,012/26XK,NNC,NNC,D.05-14,  1.440 ,3/31/2026
1/10/2026,1/12/2026,012/26XK,NNC,NNC,D.05-16,  720 ,3/31/2026
1/10/2026,1/12/2026,012/26XK,NNC,NNC,D.05V-12,  360 ,3/31/2026
1/10/2026,1/12/2026,012/26XK,NNC,NNC,D.05V-14,  720 ,3/31/2026
1/10/2026,1/12/2026,012/26XK,NNC,NNC,D.05V-16,  720 ,3/31/2026
1/10/2026,1/12/2026,012/26XK,NNC,NNC,D.06-12,  2.520 ,3/31/2026
1/10/2026,1/12/2026,012/26XK,NNC,NNC,D.06-14,  2.160 ,3/31/2026
1/10/2026,1/12/2026,012/26XK,NNC,NNC,D.06-16,  3.600 ,3/31/2026
1/10/2026,1/12/2026,012/26XK,NNC,NNC,D.07-12,  3.600 ,3/31/2026
1/10/2026,1/12/2026,012/26XK,NNC,NNC,D.07-14,  14.400 ,3/31/2026
1/10/2026,1/12/2026,012/26XK,NNC,NNC,D.07-16,  16.920 ,3/31/2026
1/10/2026,1/12/2026,012/26XK,NNC,NNC,D.08-12,  720 ,3/31/2026
1/10/2026,1/12/2026,012/26XK,NNC,NNC,D.08-14,  2.160 ,3/31/2026
1/10/2026,1/12/2026,012/26XK,NNC,NNC,D.08-16,  2.880 ,3/31/2026
1/10/2026,1/12/2026,012/26XK,NNC,NNC,D.09-12,  360 ,3/31/2026
1/10/2026,1/12/2026,012/26XK,NNC,NNC,D.09-14,  720 ,3/31/2026
1/10/2026,1/12/2026,012/26XK,NNC,NNC,D.09-16,  1.080 ,3/31/2026
1/10/2026,1/12/2026,012/26XK,NNC,NNC,D.18,  3.240 ,3/31/2026
1/10/2026,1/12/2026,012/26XK,NNC,NNC,D.501,  5.040 ,3/31/2026
1/10/2026,1/12/2026,012/26XK,NNC,NNC,D.506,  9.000 ,3/31/2026
1/10/2026,1/12/2026,012/26XK,NNC,NNC,D.555KD,  5.400 ,3/31/2026
1/10/2026,1/12/2026,012/26XK,NNC,NNC,KM.605,  360 ,3/31/2026
1/10/2026,1/12/2026,012/26XK,NNC,NNC,M.01,  360 ,3/31/2026
1/10/2026,1/12/2026,012/26XK,NNC,NNC,M.03,  360 ,3/31/2026
1/10/2026,1/12/2026,012/26XK,NNC,NNC,M.04,  360 ,3/31/2026
1/10/2026,1/12/2026,012/26XK,NNC,NNC,M.18,  360 ,3/31/2026
1/10/2026,1/12/2026,012/26XK,NNC,NNC,M.501,  360 ,3/31/2026
1/10/2026,1/12/2026,012/26XK,NNC,NNC,M.555KD,  720 ,3/31/2026
1/10/2026,1/12/2026,012/26XK,NNC,NNC,S.505,  1.800 ,3/31/2026
1/10/2026,1/12/2026,012/26XK,NNC,NNC,S.506,  3.600 ,3/31/2026
1/10/2026,1/12/2026,012/26XK,NNC,NNC,S.516,  1.080 ,3/31/2026
11/1/2025,11/3/2025,013/26XK,0574/POLAND,Anna Kalicka Beetle Valley,KD2-2450,  500 ,3/26/2026
11/1/2025,11/3/2025,013/26XK,0574/POLAND,Anna Kalicka Beetle Valley,KSS-2449,  500 ,3/26/2026
1/13/2026,1/14/2026,014/26XK,0525/PANAMA,LDA BUSINESS INC 1,C.04-6MM,  50 ,1/26/2026
1/13/2026,1/14/2026,014/26XK,0525/PANAMA,LDA BUSINESS INC 1,C.07-3.5MM,  10 ,1/26/2026
1/13/2026,1/14/2026,014/26XK,0525/PANAMA,LDA BUSINESS INC 1,C.111,  25 ,1/26/2026
1/13/2026,1/14/2026,014/26XK,0525/PANAMA,LDA BUSINESS INC 1,C.112,  25 ,1/26/2026
1/13/2026,1/14/2026,014/26XK,0525/PANAMA,LDA BUSINESS INC 1,CL.205-5MM,  10 ,1/26/2026
1/13/2026,1/14/2026,014/26XK,0525/PANAMA,LDA BUSINESS INC 1,CL.205-7MM,  50 ,1/26/2026
1/13/2026,1/14/2026,014/26XK,0525/PANAMA,LDA BUSINESS INC 1,CL.206-7MM,  60 ,1/26/2026
1/13/2026,1/14/2026,014/26XK,0525/PANAMA,LDA BUSINESS INC 1,CL.207-5MM,  10 ,1/26/2026
1/13/2026,1/14/2026,014/26XK,0525/PANAMA,LDA BUSINESS INC 1,CL.207-7MM,  60 ,1/26/2026
1/13/2026,1/14/2026,014/26XK,0525/PANAMA,LDA BUSINESS INC 1,CL.211-10MM,  30 ,1/26/2026
1/13/2026,1/14/2026,014/26XK,0525/PANAMA,LDA BUSINESS INC 1,CL.223-5MM,  10 ,1/26/2026
1/13/2026,1/14/2026,014/26XK,0525/PANAMA,LDA BUSINESS INC 1,CL.223-8MM,  10 ,1/26/2026
1/13/2026,1/14/2026,014/26XK,0525/PANAMA,LDA BUSINESS INC 1,CL.S02-5MM,  10 ,1/26/2026
1/13/2026,1/14/2026,014/26XK,0525/PANAMA,LDA BUSINESS INC 1,KD.718,  20 ,1/26/2026
1/13/2026,1/14/2026,014/26XK,0525/PANAMA,LDA BUSINESS INC 1,NC.02,  30 ,1/26/2026
1/13/2026,1/14/2026,014/26XK,0525/PANAMA,LDA BUSINESS INC 1,NL.201,  20 ,1/26/2026
1/13/2026,1/14/2026,014/26XK,0525/PANAMA,LDA BUSINESS INC 1,P.01,  30 ,1/26/2026
1/13/2026,1/14/2026,014/26XK,0525/PANAMA,LDA BUSINESS INC 1,P.09,  20 ,1/26/2026
1/13/2026,1/14/2026,014/26XK,0525/PANAMA,LDA BUSINESS INC 1,P.10,  10 ,1/26/2026
1/14/2026,1/14/2026,015/26XK,KDQT,HÀNG TỒN,C.03-7mm,  20 ,1/22/2026
1/14/2026,1/14/2026,015/26XK,KDQT,HÀNG TỒN,C.05-6mm,  20 ,1/22/2026
1/14/2026,1/14/2026,015/26XK,KDQT,HÀNG TỒN,C.08-7mm,  20 ,1/22/2026
1/14/2026,1/14/2026,015/26XK,KDQT,HÀNG TỒN,C.112,  20 ,1/22/2026
1/14/2026,1/14/2026,015/26XK,KDQT,HÀNG TỒN,C.118,  20 ,1/22/2026
1/14/2026,1/14/2026,015/26XK,KDQT,HÀNG TỒN,C.35-6mm,  20 ,1/22/2026
1/14/2026,1/14/2026,015/26XK,KDQT,HÀNG TỒN,KD.701,  10 ,1/22/2026
1/14/2026,1/14/2026,015/26XK,KDQT,HÀNG TỒN,NC.01,  20 ,1/22/2026
1/14/2026,1/14/2026,015/26XK,KDQT,HÀNG TỒN,NC.02,  20 ,1/22/2026
1/14/2026,1/14/2026,015/26XK,KDQT,HÀNG TỒN,NC.03,  20 ,1/22/2026
1/14/2026,1/14/2026,015/26XK,KDQT,HÀNG TỒN,NC.04,  20 ,1/22/2026
1/14/2026,1/14/2026,015/26XK,KDQT,HÀNG TỒN,NC.06,  20 ,1/22/2026
1/14/2026,1/14/2026,015/26XK,KDQT,HÀNG TỒN,T.02,  20 ,1/22/2026
1/14/2026,1/14/2026,015/26XK,KDQT,HÀNG TỒN,T.03,  20 ,1/22/2026
1/14/2026,1/14/2026,015/26XK,KDQT,HÀNG TỒN,T.06,  20 ,1/22/2026
1/14/2026,1/14/2026,015/26XK,KDQT,HÀNG TỒN,T.07,  20 ,1/22/2026
1/14/2026,1/14/2026,015/26XK,KDQT,HÀNG TỒN,T.09,  20 ,1/22/2026
12/26/2026,1/5/2026,016/26nD,B2B,VIETCOMBANK,BQT.VCB SG03,  10 ,2/2/2026
12/1/2025,1/5/2026,017/26ND,B2B,B2B,GS.03,  100 ,3/30/2026
12/1/2025,1/5/2026,017/26ND1,B2B,B2B,GS.03,  400 ,6/30/2026
12/1/2025,1/5/2026,017/26ND2,B2B,B2B,GS.03,  300 ,9/30/2026
1/13/2026,1/19/2026,018/26ND,B2B,THIÊN LONG,BQT.TL 2026,  1.412 ,3/4/2026
1/5/2026,1/8/2026,021/26XK,0620/SPAIN,Elisium Tecnology SL,KSK-3361,  500 ,3/26/2026
1/5/2026,1/8/2026,021/26XK,0620/SPAIN,Elisium Tecnology SL,KSK-3362,  500 ,3/26/2026
1/5/2026,1/8/2026,021/26XK,0620/SPAIN,Elisium Tecnology SL,KSK-3363,  500 ,3/26/2026
1/5/2026,1/8/2026,021/26XK,0620/SPAIN,Elisium Tecnology SL,KSK-3364,  500 ,3/26/2026
1/5/2026,1/8/2026,021/26XK,0620/SPAIN,Elisium Tecnology SL,KSS-3366,  500 ,3/26/2026
1/5/2026,1/8/2026,021/26XK,0620/SPAIN,Elisium Tecnology SL,KSS-3367,  500 ,3/26/2026
1/5/2026,1/8/2026,021/26XK,0620/SPAIN,Elisium Tecnology SL,KSS-3368,  500 ,3/26/2026
1/21/2026,1/21/2026,022/26ND,B2B,HÀ THANH HÙNG,BQT CC,  100 ,3/4/2026
1/23/2026,1/27/2026,023/26XK,0504/UAE,WELLBE TRADING LLC,KD2-3372,  500 ,3/27/2026
1/23/2026,1/27/2026,023/26XK,0504/UAE,WELLBE TRADING LLC,KD2-3373,  500 ,3/27/2026
1/23/2026,1/27/2026,023/26XK,0504/UAE,WELLBE TRADING LLC,KSB-3375,  500 ,3/27/2026
1/23/2026,1/27/2026,023/26XK,0504/UAE,WELLBE TRADING LLC,KSB-3376,  500 ,3/27/2026
1/23/2026,1/27/2026,023/26XK,0504/UAE,WELLBE TRADING LLC,KSS-3374,  500 ,3/27/2026
1/23/2026,1/27/2026,024/26XK,0467/POLAND,NAIL4U,KD2-1673,  500 ,3/26/2026
1/23/2026,1/27/2026,024/26XK,0467/POLAND,NAIL4U,KD2-1996,  500 ,3/26/2026
1/23/2026,1/27/2026,024/26XK,0467/POLAND,NAIL4U,KD2-1998,  500 ,3/26/2026
1/22/2026,1/27/2026,025/26XK,0302/TAIWAN,"HELENA COSMETIC CO., LTD",KD2-0764,  720 ,4/6/2026
1/23/2026,1/27/2026,026/26XK,0622/POLAND,Envee Nails,KD2-3377,  500 ,3/27/2026
1/23/2026,1/27/2026,027/26XK,0004/HAITI,CYNTHIA COSMETIC DISTRIBUTION,C.04-7mm,  100 ,3/28/2026
1/23/2026,1/27/2026,027/26XK,0004/HAITI,CYNTHIA COSMETIC DISTRIBUTION,C.06-6mm,  200 ,3/28/2026
1/23/2026,1/27/2026,027/26XK,0004/HAITI,CYNTHIA COSMETIC DISTRIBUTION,C.06-7mm,  1.350 ,3/28/2026
1/23/2026,1/27/2026,027/26XK,0004/HAITI,CYNTHIA COSMETIC DISTRIBUTION,C.07-6mm,  1.350 ,3/28/2026
1/23/2026,1/27/2026,027/26XK,0004/HAITI,CYNTHIA COSMETIC DISTRIBUTION,C.07-7mm,  2.400 ,3/28/2026
1/23/2026,1/27/2026,027/26XK,0004/HAITI,CYNTHIA COSMETIC DISTRIBUTION,C.08-6mm,  1.350 ,3/28/2026
1/23/2026,1/27/2026,027/26XK,0004/HAITI,CYNTHIA COSMETIC DISTRIBUTION,C.08-7mm,  2.700 ,3/28/2026
1/23/2026,1/27/2026,027/26XK,0004/HAITI,CYNTHIA COSMETIC DISTRIBUTION,C.114,  1.200 ,3/28/2026
1/26/2026,1/27/2026,028/26XK,0047/ITALY,GIMAP SRL,KD2-2810,  1.000 ,3/26/2026
1/26/2026,1/27/2026,028/26XK,0047/ITALY,GIMAP SRL,KD2-2813,  1.000 ,3/26/2026
1/21/2026,1/27/2026,029/26XK,0621/SLOVENIA,TORRA S.R.O,C.03-3.5mm,  60 ,3/28/2026
1/21/2026,1/27/2026,029/26XK,0621/SLOVENIA,TORRA S.R.O,C.04-3.5mm,  60 ,3/28/2026
1/21/2026,1/27/2026,029/26XK,0621/SLOVENIA,TORRA S.R.O,C.07-5mm,  60 ,3/28/2026
1/21/2026,1/27/2026,029/26XK,0621/SLOVENIA,TORRA S.R.O,CL.206-5mm,  60 ,3/28/2026
1/21/2026,1/27/2026,029/26XK,0621/SLOVENIA,TORRA S.R.O,CL.206-7mm,  -   ,3/28/2026
1/21/2026,1/27/2026,029/26XK,0621/SLOVENIA,TORRA S.R.O,CL.S01-7mm,  50 ,3/28/2026
1/21/2026,1/27/2026,029/26XK,0621/SLOVENIA,TORRA S.R.O,CL.S02-5mm,  50 ,3/28/2026
1/21/2026,1/27/2026,029/26XK,0621/SLOVENIA,TORRA S.R.O,HS.03,  10 ,3/28/2026
1/21/2026,1/27/2026,029/26XK,0621/SLOVENIA,TORRA S.R.O,HS.04,  10 ,3/28/2026
1/21/2026,1/27/2026,029/26XK,0621/SLOVENIA,TORRA S.R.O,KD.43,  180 ,3/28/2026
1/21/2026,1/27/2026,029/26XK,0621/SLOVENIA,TORRA S.R.O,KD.701,  180 ,3/28/2026
1/21/2026,1/27/2026,029/26XK,0621/SLOVENIA,TORRA S.R.O,KD.702,  180 ,3/28/2026
1/21/2026,1/27/2026,029/26XK,0621/SLOVENIA,TORRA S.R.O,KD.703,  180 ,3/28/2026
1/21/2026,1/27/2026,029/26XK,0621/SLOVENIA,TORRA S.R.O,KD.704,  180 ,3/28/2026
1/21/2026,1/27/2026,029/26XK,0621/SLOVENIA,TORRA S.R.O,KD.705,  180 ,3/28/2026
1/21/2026,1/27/2026,029/26XK,0621/SLOVENIA,TORRA S.R.O,KD.706,  120 ,3/28/2026
1/21/2026,1/27/2026,029/26XK,0621/SLOVENIA,TORRA S.R.O,KD.707,  120 ,3/28/2026
1/21/2026,1/27/2026,029/26XK,0621/SLOVENIA,TORRA S.R.O,KD.708,  120 ,3/28/2026
1/21/2026,1/27/2026,029/26XK,0621/SLOVENIA,TORRA S.R.O,KD.709,  120 ,3/28/2026
1/21/2026,1/27/2026,029/26XK,0621/SLOVENIA,TORRA S.R.O,KD.710,  120 ,3/28/2026
1/21/2026,1/27/2026,029/26XK,0621/SLOVENIA,TORRA S.R.O,KD.711,  120 ,3/28/2026
1/21/2026,1/27/2026,029/26XK,0621/SLOVENIA,TORRA S.R.O,KD.712,  120 ,3/28/2026
1/21/2026,1/27/2026,029/26XK,0621/SLOVENIA,TORRA S.R.O,KD.714,  120 ,3/28/2026
1/21/2026,1/27/2026,029/26XK,0621/SLOVENIA,TORRA S.R.O,KD.715,  120 ,3/28/2026
1/21/2026,1/27/2026,029/26XK,0621/SLOVENIA,TORRA S.R.O,KD.716,  120 ,3/28/2026
1/21/2026,1/27/2026,029/26XK,0621/SLOVENIA,TORRA S.R.O,KD.718,  60 ,3/28/2026
1/21/2026,1/27/2026,029/26XK,0621/SLOVENIA,TORRA S.R.O,KD.723,  60 ,3/28/2026
1/21/2026,1/27/2026,029/26XK,0621/SLOVENIA,TORRA S.R.O,KDM.713,  60 ,3/28/2026
1/21/2026,1/27/2026,029/26XK,0621/SLOVENIA,TORRA S.R.O,KDM.717,  60 ,3/28/2026
1/21/2026,1/27/2026,029/26XK,0621/SLOVENIA,TORRA S.R.O,KDN.720,  120 ,3/28/2026
1/21/2026,1/27/2026,029/26XK,0621/SLOVENIA,TORRA S.R.O,KDN.721,  60 ,3/28/2026
1/21/2026,1/27/2026,029/26XK,0621/SLOVENIA,TORRA S.R.O,NC.01,  50 ,3/28/2026
1/21/2026,1/27/2026,029/26XK,0621/SLOVENIA,TORRA S.R.O,NC.02,  50 ,3/28/2026
1/21/2026,1/27/2026,029/26XK,0621/SLOVENIA,TORRA S.R.O,NC.05,  50 ,3/28/2026
1/21/2026,1/27/2026,029/26XK,0621/SLOVENIA,TORRA S.R.O,NL.201,  60 ,3/28/2026
1/21/2026,1/27/2026,029/26XK,0621/SLOVENIA,TORRA S.R.O,NL.202,  60 ,3/28/2026
1/21/2026,1/27/2026,029/26XK,0621/SLOVENIA,TORRA S.R.O,NL.205,  60 ,3/28/2026
1/21/2026,1/27/2026,029/26XK,0621/SLOVENIA,TORRA S.R.O,NL.206,  60 ,3/28/2026
1/21/2026,1/27/2026,029/26XK,0621/SLOVENIA,TORRA S.R.O,P.01,  50 ,3/28/2026
1/21/2026,1/27/2026,029/26XK,0621/SLOVENIA,TORRA S.R.O,P.02,  50 ,3/28/2026
1/21/2026,1/27/2026,029/26XK,0621/SLOVENIA,TORRA S.R.O,P.03,  100 ,3/28/2026
1/21/2026,1/27/2026,029/26XK,0621/SLOVENIA,TORRA S.R.O,P.04,  100 ,3/28/2026
1/21/2026,1/27/2026,029/26XK,0621/SLOVENIA,TORRA S.R.O,P.05,  50 ,3/28/2026
1/21/2026,1/27/2026,029/26XK,0621/SLOVENIA,TORRA S.R.O,P.08,  100 ,3/28/2026
1/21/2026,1/27/2026,029/26XK,0621/SLOVENIA,TORRA S.R.O,P.09,  30 ,3/28/2026
1/21/2026,1/27/2026,029/26XK,0621/SLOVENIA,TORRA S.R.O,P.10,  30 ,3/28/2026
1/21/2026,1/27/2026,029/26XK,0621/SLOVENIA,TORRA S.R.O,P.12,  100 ,3/28/2026
1/21/2026,1/27/2026,029/26XK,0621/SLOVENIA,TORRA S.R.O,P.13,  150 ,3/28/2026
1/21/2026,1/27/2026,029/26XK,0621/SLOVENIA,TORRA S.R.O,P.14,  100 ,3/28/2026
1/21/2026,1/27/2026,029/26XK,0621/SLOVENIA,TORRA S.R.O,P.15,  30 ,3/28/2026
1/21/2026,1/27/2026,029/26XK,0621/SLOVENIA,TORRA S.R.O,P.17,  100 ,3/28/2026
1/21/2026,1/27/2026,029/26XK,0621/SLOVENIA,TORRA S.R.O,T.03,  50 ,3/28/2026
1/21/2026,1/27/2026,029/26XK,0621/SLOVENIA,TORRA S.R.O,T.04,  50 ,3/28/2026
1/21/2026,1/27/2026,029/26XK,0621/SLOVENIA,TORRA S.R.O,T.05,  50 ,3/28/2026
1/21/2026,1/27/2026,029/26XK,0621/SLOVENIA,TORRA S.R.O,T.06,  50 ,3/28/2026
1/21/2026,1/27/2026,029/26XK,0621/SLOVENIA,TORRA S.R.O,T.07,  50 ,3/28/2026
1/21/2026,1/27/2026,029/26XK,0621/SLOVENIA,TORRA S.R.O,T.10,  50 ,3/28/2026
1/21/2026,1/27/2026,029/26XK,0621/SLOVENIA,TORRA S.R.O,T.11,  50 ,3/28/2026
1/23/2026,1/30/2026,030/26XK,0393/RUSSIA,LLC RINGO,KD2-1063,  1.000 ,4/18/2026
1/23/2026,1/30/2026,030/26XK,0393/RUSSIA,LLC RINGO,KD2-1118,  500 ,4/18/2026
1/23/2026,1/30/2026,030/26XK,0393/RUSSIA,LLC RINGO,KD2-1120,  1.500 ,4/18/2026
1/23/2026,1/30/2026,030/26XK,0393/RUSSIA,LLC RINGO,KD2-1123,  1.000 ,4/18/2026
1/23/2026,1/30/2026,030/26XK,0393/RUSSIA,LLC RINGO,KD2-1124,  1.000 ,4/18/2026
1/23/2026,1/30/2026,030/26XK,0393/RUSSIA,LLC RINGO,KD2-1125,  1.000 ,4/18/2026
1/23/2026,1/30/2026,030/26XK,0393/RUSSIA,LLC RINGO,KD2-1126,  500 ,4/18/2026
1/23/2026,1/30/2026,030/26XK,0393/RUSSIA,LLC RINGO,KD2-1127,  2.000 ,4/18/2026
1/23/2026,1/30/2026,030/26XK,0393/RUSSIA,LLC RINGO,KD2-1128,  1.000 ,4/18/2026
1/23/2026,1/30/2026,030/26XK,0393/RUSSIA,LLC RINGO,KD2-1129,  1.000 ,4/18/2026
1/23/2026,1/30/2026,030/26XK,0393/RUSSIA,LLC RINGO,KD2-1130,  2.000 ,4/18/2026
1/23/2026,1/30/2026,030/26XK,0393/RUSSIA,LLC RINGO,KD2-1132,  1.500 ,4/18/2026
1/23/2026,1/30/2026,030/26XK,0393/RUSSIA,LLC RINGO,KD2-1178,  2.000 ,4/18/2026
1/23/2026,1/30/2026,030/26XK,0393/RUSSIA,LLC RINGO,KD2-1544,  1.000 ,4/18/2026
1/23/2026,1/30/2026,030/26XK,0393/RUSSIA,LLC RINGO,KD2-1545,  1.000 ,4/18/2026
1/23/2026,1/30/2026,030/26XK,0393/RUSSIA,LLC RINGO,KD2-1550,  2.000 ,4/18/2026
1/23/2026,1/30/2026,030/26XK,0393/RUSSIA,LLC RINGO,KD2-2-1118,  1.000 ,4/18/2026
1/23/2026,1/30/2026,030/26XK,0393/RUSSIA,LLC RINGO,KD2-2-1119,  2.500 ,4/18/2026
1/23/2026,1/30/2026,030/26XK,0393/RUSSIA,LLC RINGO,KD2-2-1120,  2.500 ,4/18/2026
1/23/2026,1/30/2026,030/26XK,0393/RUSSIA,LLC RINGO,KD2-2-1122,  3.000 ,4/18/2026
1/23/2026,1/30/2026,030/26XK,0393/RUSSIA,LLC RINGO,KD2-2-1126,  1.000 ,4/18/2026
1/23/2026,1/30/2026,030/26XK,0393/RUSSIA,LLC RINGO,KD2-2-1127,  2.500 ,4/18/2026
1/23/2026,1/30/2026,030/26XK,0393/RUSSIA,LLC RINGO,KD2-2-1128,  3.000 ,4/18/2026
1/23/2026,1/30/2026,030/26XK,0393/RUSSIA,LLC RINGO,KD2-2-1129,  2.500 ,4/18/2026
1/23/2026,1/30/2026,030/26XK,0393/RUSSIA,LLC RINGO,KD2-2-1130,  1.000 ,4/18/2026
1/23/2026,1/30/2026,030/26XK,0393/RUSSIA,LLC RINGO,KD2-2-1132,  500 ,4/18/2026
1/26/2026,1/30/2026,031/26XK,0327/KOREA,BEAUTY H,KD3-0851,  500 ,4/24/2026
1/26/2026,1/30/2026,032/26XK,0021/KOREA,"INS KOREA CO., LTD",KD2-0261,  1.000 ,4/20/2026
1/26/2026,1/30/2026,032/26XK,0021/KOREA,"INS KOREA CO., LTD",KDT-0264,  1.000 ,4/20/2026
1/7/2026,1/30/2026,033/26XK,0311/KOREA,DANIEL COMPANY,KD2-0881,  300 ,4/25/2026
1/7/2026,1/30/2026,033/26XK,0311/KOREA,DANIEL COMPANY,KD2-1156,  500 ,4/25/2026
1/7/2026,1/30/2026,033/26XK,0311/KOREA,DANIEL COMPANY,KD3-1664,  200 ,4/25/2026
1/23/2026,1/30/2026,034/26XK,0623/UAE,Koa cosmetics LLC ,KD2-3378,  300 ,4/14/2026
1/23/2026,1/30/2026,112/26XK,0623/UAE,Koa cosmetics LLC ,KSB-3380,  300 ,5/6/2026
1/23/2026,4/14/2026,112/26XK,0623/UAE,Koa cosmetics LLC ,KSK-3379,  300 ,5/6/2026
1/23/2026,4/14/2026,112/26XK,0623/UAE,Koa cosmetics LLC ,KSS-3381,  300 ,5/6/2026
1/23/2026,4/14/2026,112/26XK,0623/UAE,Koa cosmetics LLC ,KSS-3382,  300 ,5/6/2026
11/29/2025,1/30/2026,035/26XK,0615/ISRAEL,Y.T.Y BEAUTICS LTD,KSK-3311,  500 ,3/21/2026
11/29/2025,1/30/2026,035/26XK,0615/ISRAEL,Y.T.Y BEAUTICS LTD,KSN-3312,  250 ,3/21/2026
11/29/2025,1/30/2026,035/26XK,0615/ISRAEL,Y.T.Y BEAUTICS LTD,KSN-3313,  250 ,3/21/2026
1/30/2026,1/31/2026,036/26XK,0002/ITALY,ALPEN DEI F.LLI GIANOLA SNC,KD2-0005,  500 ,4/4/2026
1/30/2026,1/31/2026,036/26XK,0002/ITALY,ALPEN DEI F.LLI GIANOLA SNC,KD2-0006,  500 ,4/4/2026
1/30/2026,1/31/2026,037/26ND,EC,EC,D.10-14,  1.000 ,4/7/2026
1/30/2026,1/31/2026,037/26ND,EC,EC,D.10-16,  1.000 ,4/7/2026
1/30/2026,1/31/2026,037/26ND,EC,EC,D.888,  3.000 ,4/7/2026
11/18/2025,2/3/2026,038/26XK,0601/COLOMBIA,Adriana velez ,KSN-3103,  200 ,3/4/2026
2/3/2026,2/26/2026,039/26XK,0493/UK,NAILS BY ANNABEL LTD,KD2-1945,  -   ,HỦY
2/3/2026,2/26/2026,040/26XK,0510/ESTONIA,Mereneid Trading OÜ,B.916C-TR,  40 ,3/20/2026
2/3/2026,2/26/2026,040/26XK,0510/ESTONIA,Mereneid Trading OÜ,C.04-3.5MM,  60 ,4/10/2026
2/3/2026,2/26/2026,040/26XK,0510/ESTONIA,Mereneid Trading OÜ,C.04-5MM,  60 ,4/10/2026
2/3/2026,2/26/2026,040/26XK,0510/ESTONIA,Mereneid Trading OÜ,C.07-3.5MM,  60 ,4/10/2026
2/3/2026,2/26/2026,040/26XK,0510/ESTONIA,Mereneid Trading OÜ,C.07-5mm,  60 ,4/10/2026
2/3/2026,2/26/2026,040/26XK,0510/ESTONIA,Mereneid Trading OÜ,CL.201GR-5MM,  60 ,4/10/2026
2/3/2026,2/26/2026,040/26XK,0510/ESTONIA,Mereneid Trading OÜ,CL.205-3.5MM,  60 ,4/10/2026
2/3/2026,2/26/2026,040/26XK,0510/ESTONIA,Mereneid Trading OÜ,CL.205-5MM,  60 ,4/10/2026
2/3/2026,2/26/2026,040/26XK,0510/ESTONIA,Mereneid Trading OÜ,CL.206-3.5MM,  60 ,4/10/2026
2/3/2026,2/26/2026,040/26XK,0510/ESTONIA,Mereneid Trading OÜ,CL.206-5mm,  60 ,4/10/2026
2/3/2026,2/26/2026,040/26XK,0510/ESTONIA,Mereneid Trading OÜ,KD.704,  180 ,3/20/2026
2/3/2026,2/26/2026,040/26XK,0510/ESTONIA,Mereneid Trading OÜ,KD.705,  120 ,3/20/2026
2/3/2026,2/26/2026,040/26XK,0510/ESTONIA,Mereneid Trading OÜ,KD.707,  60 ,3/20/2026
2/3/2026,2/26/2026,040/26XK,0510/ESTONIA,Mereneid Trading OÜ,NL.210,  60 ,4/10/2026
2/3/2026,2/26/2026,040/26XK,0510/ESTONIA,Mereneid Trading OÜ,P.13,  60 ,3/20/2026
2/3/2026,2/26/2026,040/26XK,0510/ESTONIA,Mereneid Trading OÜ,P.17,  60 ,3/20/2026
2/3/2026,2/26/2026,041/26XK,0625/ROMANIA,HAPPY FEET,KSK-3392,  -   ,3/25/2026
1/21/2026,2/26/2026,042/26XK,0417/INDONESIA,CV THE NAIL SHOPPE,C.07.2-12,  1.000 ,4/16/2026
2/5/2026,2/26/2026,043/26xk,0626/POLAND,Gurgul investment sp. z o.o,KD2-3400,  500 ,4/8/2026
2/5/2026,2/26/2026,043/26xk,0626/POLAND,Gurgul investment sp. z o.o,KD2-3401,  500 ,4/8/2026
2/5/2026,2/26/2026,043/26xk,0626/POLAND,Gurgul investment sp. z o.o,KSK-3402,  500 ,4/8/2026
2/5/2026,2/26/2026,043/26xk,0626/POLAND,Gurgul investment sp. z o.o,KSK-3403,  500 ,4/8/2026
2/5/2026,2/26/2026,043/26xk,0626/POLAND,Gurgul investment sp. z o.o,KSK-3404,  500 ,4/8/2026
2/5/2026,2/26/2026,043/26xk,0626/POLAND,Gurgul investment sp. z o.o,KSK-3405,  500 ,4/8/2026
1/27/2026,2/26/2026,044/26ND,B2B,B2B,CL.101V-16,  500 ,4/29/2026
1/27/2026,2/26/2026,044/26ND,B2B,B2B,D.01V-16,  500 ,4/29/2026
1/27/2026,2/26/2026,044/26ND,B2B,B2B,M.01V,  500 ,4/29/2026
1/27/2026,2/26/2026,044/26ND,B2B,B2B,M.13V,  500 ,4/29/2026
2/26/2026,2/27/2026,045/26XK,0270/UAE,MILIA COSMETICS MAT TR.L L C - SOLE PROPRIETORSHIP,C.114,  -   ,3/20/2026
2/26/2026,2/27/2026,045/26XK,0270/UAE,MILIA COSMETICS MAT TR.L L C - SOLE PROPRIETORSHIP,P.10,  1.640 ,3/20/2026
2/26/2026,2/27/2026,046/26XK,0260/USA,NYDC NAIL & BEAUTY SUPPLY,C.04-6mm,  360 ,3/24/2026
2/26/2026,2/27/2026,046/26XK,0260/USA,NYDC NAIL & BEAUTY SUPPLY,C.04-7mm,  1.800 ,3/24/2026
2/26/2026,2/27/2026,047/26XK,0210/JAPAN,"BEAUTY NAILER CO.,LTD.",CL.101-12,  5.000 ,4/25/2026
2/26/2026,2/27/2026,047/26XK,0210/JAPAN,"BEAUTY NAILER CO.,LTD.",CL.101C-12,  1.000 ,4/25/2026
2/27/2026,2/27/2026,048/26XK,0427/KOREA, MABUSA COMPANY,KD2-1341,  600 ,4/28/2026
2/27/2026,2/27/2026,048/26XK,0427/KOREA, MABUSA COMPANY,KD2-1342,  400 ,4/28/2026
2/26/2026,2/28/2026,049/26XK,0205/JAPAN,HIKARI CORPORATION,KD3-0520,  1.000 ,5/20/2026
2/5/2026,2/28/2026,050/26XK,NNC,NNC,B.901,  9.000 ,5/27/2026
2/5/2026,2/28/2026,050/26XK,NNC,NNC,B.902,  1.800 ,5/27/2026
2/5/2026,2/28/2026,050/26XK,NNC,NNC,D.01-12,  2.520 ,5/27/2026
2/5/2026,2/28/2026,050/26XK,NNC,NNC,D.01-14,  5.400 ,5/27/2026
2/5/2026,2/28/2026,050/26XK,NNC,NNC,D.01-16,  9.000 ,5/27/2026
2/5/2026,2/28/2026,050/26XK,NNC,NNC,D.03-12,  1.800 ,5/27/2026
2/5/2026,2/28/2026,050/26XK,NNC,NNC,D.03-14,  9.000 ,5/27/2026
2/5/2026,2/28/2026,050/26XK,NNC,NNC,D.03-16,  9.000 ,5/27/2026
2/5/2026,2/28/2026,050/26XK,NNC,NNC,D.04-12,  1.800 ,5/27/2026
2/5/2026,2/28/2026,050/26XK,NNC,NNC,D.04-14,  10.800 ,5/27/2026
2/5/2026,2/28/2026,050/26XK,NNC,NNC,D.04-16,  5.400 ,5/27/2026
2/5/2026,2/28/2026,050/26XK,NNC,NNC,D.05-12,  720 ,5/27/2026
2/5/2026,2/28/2026,050/26XK,NNC,NNC,D.05-14,  1.440 ,5/27/2026
2/5/2026,2/28/2026,050/26XK,NNC,NNC,D.05-16,  1.080 ,5/27/2026
2/5/2026,2/28/2026,050/26XK,NNC,NNC,D.05V-12,  720 ,5/27/2026
2/5/2026,2/28/2026,050/26XK,NNC,NNC,D.05V-14,  1.080 ,5/27/2026
2/5/2026,2/28/2026,050/26XK,NNC,NNC,D.05V-16,  720 ,5/27/2026
2/5/2026,2/28/2026,050/26XK,NNC,NNC,D.06-12,  2.160 ,5/27/2026
2/5/2026,2/28/2026,050/26XK,NNC,NNC,D.06-14,  7.200 ,5/27/2026
2/5/2026,2/28/2026,050/26XK,NNC,NNC,D.06-16,  5.040 ,5/27/2026
2/5/2026,2/28/2026,050/26XK,NNC,NNC,D.07-12,  3.600 ,5/27/2026
2/5/2026,2/28/2026,050/26XK,NNC,NNC,D.07-14,  7.200 ,5/27/2026
2/5/2026,2/28/2026,050/26XK,NNC,NNC,D.07-16,  21.600 ,5/27/2026
2/5/2026,2/28/2026,050/26XK,NNC,NNC,D.08-12,  720 ,5/27/2026
2/5/2026,2/28/2026,050/26XK,NNC,NNC,D.08-14,  1.800 ,5/27/2026
2/5/2026,2/28/2026,050/26XK,NNC,NNC,D.08-16,  1.800 ,5/27/2026
2/5/2026,2/28/2026,050/26XK,NNC,NNC,D.09-12,  1.080 ,5/27/2026
2/5/2026,2/28/2026,050/26XK,NNC,NNC,D.09-14,  2.880 ,5/27/2026
2/5/2026,2/28/2026,050/26XK,NNC,NNC,D.09-16,  2.880 ,5/27/2026
2/5/2026,2/28/2026,050/26XK,NNC,NNC,D.18,  4.320 ,5/27/2026
2/5/2026,2/28/2026,050/26XK,NNC,NNC,D.501,  7.200 ,5/27/2026
2/5/2026,2/28/2026,050/26XK,NNC,NNC,D.506,  3.600 ,5/27/2026
2/5/2026,2/28/2026,050/26XK,NNC,NNC,D.555KD,  9.000 ,5/27/2026
2/5/2026,2/28/2026,050/26XK,NNC,NNC,KD.701,  360 ,5/27/2026
2/5/2026,2/28/2026,050/26XK,NNC,NNC,KD.715,  360 ,5/27/2026
2/5/2026,2/28/2026,050/26XK,NNC,NNC,KM.601,  360 ,5/27/2026
2/5/2026,2/28/2026,050/26XK,NNC,NNC,KM.605,  360 ,5/27/2026
2/5/2026,2/28/2026,050/26XK,NNC,NNC,M.01,  720 ,5/27/2026
2/5/2026,2/28/2026,050/26XK,NNC,NNC,M.03,  720 ,5/27/2026
2/5/2026,2/28/2026,050/26XK,NNC,NNC,M.04,  360 ,5/27/2026
2/5/2026,2/28/2026,050/26XK,NNC,NNC,M.18,  540 ,5/27/2026
2/5/2026,2/28/2026,050/26XK,NNC,NNC,M.501,  1.080 ,5/27/2026
2/5/2026,2/28/2026,050/26XK,NNC,NNC,M.555KD,  360 ,5/27/2026
2/5/2026,2/28/2026,050/26XK,NNC,NNC,N.406,  360 ,5/27/2026
2/5/2026,2/28/2026,050/26XK,NNC,NNC,N.407,  360 ,5/27/2026
2/5/2026,2/28/2026,050/26XK,NNC,NNC,N.408,  360 ,5/27/2026
2/5/2026,2/28/2026,050/26XK,NNC,NNC,N.409,  360 ,5/27/2026
2/5/2026,2/28/2026,050/26XK,NNC,NNC,P.15,  720 ,5/27/2026
2/5/2026,2/28/2026,050/26XK,NNC,NNC,P.17,  720 ,5/27/2026
2/5/2026,2/28/2026,050/26XK,NNC,NNC,S.504,  1.080 ,5/27/2026
2/5/2026,2/28/2026,050/26XK,NNC,NNC,S.505,  1.440 ,5/27/2026
2/5/2026,2/28/2026,050/26XK,NNC,NNC,S.506,  5.400 ,5/27/2026
2/5/2026,2/28/2026,050/26XK,NNC,NNC,S.507,  720 ,5/27/2026
2/5/2026,2/28/2026,050/26XK,NNC,NNC,S.508,  720 ,5/27/2026
2/5/2026,2/28/2026,050/26XK,NNC,NNC,S.511,  360 ,5/27/2026
2/5/2026,2/28/2026,050/26XK,NNC,NNC,S.514,  720 ,5/27/2026
2/5/2026,2/28/2026,050/26XK,NNC,NNC,S.515,  360 ,5/27/2026
2/5/2026,2/28/2026,050/26XK,NNC,NNC,T.03,  720 ,5/27/2026
2/5/2026,2/28/2026,050/26XK,NNC,NNC,T.10,  180 ,5/27/2026
2/5/2026,2/28/2026,050/26XK,NNC,NNC,T.11,  180 ,5/27/2026
2/27/2026,2/28/2026,051/26XK,0241/UAE,Omorfia Shared Services Limited,KD2-3296,  2.000 ,5/5/2026
2/27/2026,2/28/2026,051/26XK,0241/UAE,Omorfia Shared Services Limited,KSB-3274,  1.000 ,4/20/2026
2/27/2026,2/28/2026,051/26XK,0241/UAE,Omorfia Shared Services Limited,KSB-3295,  3.000 ,4/20/2026
2/27/2026,2/28/2026,051/26XK,0241/UAE,Omorfia Shared Services Limited,KSS-3297,  5.000 ,4/20/2026
2/10/2026,3/3/2026,052/26XK,0601/COLOMBIA,Adriana velez ,KD2-3098,  200 ,4/8/2026
2/10/2026,3/3/2026,052/26XK,0601/COLOMBIA,Adriana velez ,KD2-3099,  200 ,4/8/2026
2/10/2026,3/3/2026,052/26XK,0601/COLOMBIA,Adriana velez ,KD2-3100,  200 ,4/8/2026
2/10/2026,3/3/2026,052/26XK,0601/COLOMBIA,Adriana velez ,KD2-3102,  200 ,4/8/2026
2/10/2026,3/3/2026,052/26XK,0601/COLOMBIA,Adriana velez ,KD2-3248,  200 ,4/8/2026
2/10/2026,3/3/2026,052/26XK,0601/COLOMBIA,Adriana velez ,KM2-3101,  200 ,4/8/2026
2/10/2026,3/3/2026,052/26XK,0601/COLOMBIA,Adriana velez ,KSB-3293,  200 ,4/8/2026
2/10/2026,3/3/2026,052/26XK,0601/COLOMBIA,Adriana velez ,KSK-3033,  200 ,4/8/2026
2/10/2026,3/3/2026,052/26XK,0601/COLOMBIA,Adriana velez ,KSN-3407,  200 ,4/8/2026
2/10/2026,3/3/2026,052/26XK,0601/COLOMBIA,Adriana velez ,KSS-3291,  200 ,4/8/2026
2/10/2026,3/3/2026,052/26XK,0601/COLOMBIA,Adriana velez ,KSS-3397,  300 ,4/8/2026
2/10/2026,3/3/2026,052/26XK,0601/COLOMBIA,Adriana velez ,KSS-3398,  200 ,4/8/2026
2/10/2026,3/3/2026,052/26XK,0601/COLOMBIA,Adriana velez ,KSS-3399,  200 ,4/8/2026
2/26/2026,3/3/2026,053/26XK,0336/CHINA,"QVS Global China, LTD",KSS-0228,  1.000 ,4/29/2026
1/14/2026,3/2/2026,054/26XK,0026/GERMANY,ZWILLING Beauty Group GmbH,KSS-0228,  2.400 ,6/30/2026
2/27/2026,3/3/2026,055/26XK,0026/GERMANY,ZWILLING Beauty Group GmbH,KD2-0211,  7.600 ,5/30/2026
2/27/2026,3/3/2026,055/26XK,0026/GERMANY,ZWILLING Beauty Group GmbH,KM2-0212,  6.000 ,5/30/2026
2/27/2026,3/3/2026,116/26xk,0026/GERMANY,ZWILLING Beauty Group GmbH,KSD-0361,  5.400 ,6/30/2026
2/27/2026,3/3/2026,116/26xk,0026/GERMANY,ZWILLING Beauty Group GmbH,KSD-0362,  10.200 ,6/30/2026
2/27/2026,3/3/2026,055/26XK,0026/GERMANY,ZWILLING Beauty Group GmbH,KSS-0213,  3.000 ,6/30/2026
2/27/2026,3/3/2026,055/26XK,0026/GERMANY,ZWILLING Beauty Group GmbH,KSS-0367,  9.000 ,6/30/2026
2/27/2026,3/3/2026,056/26XK,0625/ROMANIA,HAPPY FEET,KD.701,  120 ,3/16/2026
2/27/2026,3/3/2026,056/26XK,0625/ROMANIA,HAPPY FEET,KD.704,  120 ,3/16/2026
2/27/2026,3/3/2026,056/26XK,0625/ROMANIA,HAPPY FEET,NL.202,  120 ,3/16/2026
2/27/2026,3/3/2026,056/26XK,0625/ROMANIA,HAPPY FEET,NL.209,  60 ,3/16/2026
2/27/2026,3/3/2026,056/26XK,0625/ROMANIA,HAPPY FEET,P.17,  120 ,3/16/2026
2/27/2026,3/3/2026,056/26XK,0625/ROMANIA,HAPPY FEET,T.10,  120 ,3/16/2026
3/3/2026,3/3/2026,057/26XK,0573/BRAZIL,Vicente and Teixeira Cosmetics Ltd,KD2-2665,  1.200 ,5/6/2026
3/3/2026,3/3/2026,057/26XK,0573/BRAZIL,Vicente and Teixeira Cosmetics Ltd,KD2-2666,  1.400 ,5/6/2026
3/3/2026,3/3/2026,057/26XK,0573/BRAZIL,Vicente and Teixeira Cosmetics Ltd,KSK-2667,  1.000 ,5/6/2026
3/3/2026,3/3/2026,057/26XK,0573/BRAZIL,Vicente and Teixeira Cosmetics Ltd,KSK-2668,  1.000 ,5/6/2026
3/3/2026,3/3/2026,057/26XK,0573/BRAZIL,Vicente and Teixeira Cosmetics Ltd,KSK-2671,  300 ,5/6/2026
3/3/2026,3/3/2026,057/26XK,0573/BRAZIL,Vicente and Teixeira Cosmetics Ltd,KSK-3007,  300 ,5/6/2026
3/3/2026,3/3/2026,057/26XK,0573/BRAZIL,Vicente and Teixeira Cosmetics Ltd,KSK-3190,  300 ,5/6/2026
3/3/2026,3/3/2026,057/26XK,0573/BRAZIL,Vicente and Teixeira Cosmetics Ltd,KSS-2669,  1.200 ,5/6/2026
3/3/2026,3/3/2026,057/26XK,0573/BRAZIL,Vicente and Teixeira Cosmetics Ltd,KSS-2670,  1.200 ,5/6/2026
3/3/2026,3/3/2026,057/26XK,0573/BRAZIL,Vicente and Teixeira Cosmetics Ltd,KSS-3391,  1.000 ,5/6/2026
3/3/2026,3/3/2026,058/26XK,0571/GREECE,ALEZORI COMPANY,KD2-2588,  300 ,5/13/2026
3/3/2026,3/3/2026,058/26XK,0571/GREECE,ALEZORI COMPANY,KD2-2589,  200 ,5/13/2026
3/3/2026,3/3/2026,058/26XK,0571/GREECE,ALEZORI COMPANY,KD2-2591,  200 ,5/13/2026
3/3/2026,3/3/2026,058/26XK,0571/GREECE,ALEZORI COMPANY,KD2-2592,  200 ,5/13/2026
3/3/2026,3/3/2026,058/26XK,0571/GREECE,ALEZORI COMPANY,KD2-2593,  200 ,5/13/2026
3/3/2026,3/3/2026,058/26XK,0571/GREECE,ALEZORI COMPANY,KD2-2594,  200 ,5/13/2026
3/3/2026,3/3/2026,058/26XK,0571/GREECE,ALEZORI COMPANY,KD2-2597,  200 ,5/13/2026
3/3/2026,3/3/2026,058/26XK,0571/GREECE,ALEZORI COMPANY,KSS-2600,  200 ,4/25/2026
3/3/2026,3/3/2026,058/26XK,0571/GREECE,ALEZORI COMPANY,KSS-2601,  200 ,4/25/2026
3/3/2026,3/3/2026,058/26XK,0571/GREECE,ALEZORI COMPANY,KSS-2602,  200 ,4/25/2026
3/3/2026,3/3/2026,058/26XK,0571/GREECE,ALEZORI COMPANY,KSS-2603,  200 ,4/25/2026
11/28/2025,12/3/2025,059/26xk,0419/MEXICO,Oleksandr Zadorozhnyi,T.10,  240 ,3/20/2026
11/28/2025,12/3/2025,059/26xk,0419/MEXICO,Oleksandr Zadorozhnyi,T.11,  240 ,3/20/2026
3/4/2026,3/5/2026,060/26XK,0286/SPAIN,INDUSTRIAS ORIOL 1942 S.L.,KD2-0609,  600 ,4/22/2026
3/4/2026,3/5/2026,060/26XK,0286/SPAIN,INDUSTRIAS ORIOL 1942 S.L.,KD2-0610,  1.000 ,4/22/2026
3/4/2026,3/5/2026,061/26XK,0586/ROMANIA,NAILSUP,KSK-2782,  300 ,4/16/2026
3/4/2026,3/5/2026,061/26XK,0586/ROMANIA,NAILSUP,KSK-2783,  300 ,4/16/2026
3/4/2026,3/5/2026,061/26XK,0586/ROMANIA,NAILSUP,KSK-2784,  100 ,4/16/2026
3/4/2026,3/5/2026,061/26XK,0586/ROMANIA,NAILSUP,KSK-3435,  200 ,4/16/2026
3/4/2026,3/5/2026,061/26XK,0586/ROMANIA,NAILSUP,KSK-3436,  200 ,4/16/2026
3/4/2026,3/5/2026,061/26XK,0586/ROMANIA,NAILSUP,KSK-3437,  200 ,4/16/2026
3/4/2026,3/5/2026,061/26XK,0586/ROMANIA,NAILSUP,KSK-3438,  200 ,4/16/2026
3/4/2026,3/5/2026,062/26XK,0601/COLOMBIA,Adriana velez ,KD2-3098,  500 ,4/27/2026
3/4/2026,3/5/2026,062/26XK,0601/COLOMBIA,Adriana velez ,KD2-3099,  500 ,4/27/2026
3/4/2026,3/5/2026,062/26XK,0601/COLOMBIA,Adriana velez ,KD2-3100,  500 ,4/27/2026
3/4/2026,3/5/2026,062/26XK,0601/COLOMBIA,Adriana velez ,KD2-3248,  400 ,4/27/2026
3/4/2026,3/5/2026,062/26XK,0601/COLOMBIA,Adriana velez ,KM2-3101,  200 ,4/27/2026
3/4/2026,3/5/2026,062/26XK,0601/COLOMBIA,Adriana velez ,KSB-3293,  300 ,4/27/2026
3/4/2026,3/5/2026,062/26XK,0601/COLOMBIA,Adriana velez ,KSK-3033,  200 ,4/27/2026
3/4/2026,3/5/2026,062/26XK,0601/COLOMBIA,Adriana velez ,KSS-3291,  300 ,4/27/2026
3/4/2026,3/5/2026,062/26XK,0601/COLOMBIA,Adriana velez ,KSS-3398,  300 ,4/27/2026
3/2/2026,3/6/2026,063/26XK,0472/LITHUNIA,UAB KRINONA,KD2-3423,  500 ,5/13/2026
3/2/2026,3/6/2026,063/26XK,0472/LITHUNIA,UAB KRINONA,KD2-3424,  500 ,5/13/2026
3/2/2026,3/6/2026,063/26XK,0472/LITHUNIA,UAB KRINONA,KM2-3428,  500 ,5/13/2026
3/2/2026,3/6/2026,063/26XK,0472/LITHUNIA,UAB KRINONA,KM2-3429,  500 ,5/13/2026
3/2/2026,3/6/2026,063/26XK,0472/LITHUNIA,UAB KRINONA,KSB-3427,  500 ,5/13/2026
3/2/2026,3/6/2026,063/26XK,0472/LITHUNIA,UAB KRINONA,KSK-3425,  500 ,5/13/2026
3/2/2026,3/6/2026,063/26XK,0472/LITHUNIA,UAB KRINONA,KSK-3426,  500 ,5/13/2026
3/2/2026,3/6/2026,063/26XK,0472/LITHUNIA,UAB KRINONA,KSN-3433,  500 ,5/13/2026
3/2/2026,3/6/2026,063/26XK,0472/LITHUNIA,UAB KRINONA,KSS-3430,  500 ,5/13/2026
3/2/2026,3/6/2026,063/26XK,0472/LITHUNIA,UAB KRINONA,KSS-3431,  500 ,5/13/2026
3/2/2026,3/6/2026,063/26XK,0472/LITHUNIA,UAB KRINONA,KSS-3432,  500 ,5/13/2026
3/3/2026,3/6/2026,064/26XK,0319/JAPAN,SCISSOR STREET,KD3-0639,  400 ,5/22/2026
3/3/2026,3/6/2026,064/26XK,0319/JAPAN,SCISSOR STREET,KD3-0996,  100 ,5/22/2026
3/3/2026,3/6/2026,064/26XK,0319/JAPAN,SCISSOR STREET,KSS-0743,  2.000 ,5/22/2026
3/3/2026,3/6/2026,065/26XK,0577/KOREA,MIRROR NIPPER,KD2-2704,  1.000 ,5/25/2026
3/3/2026,3/6/2026,065/26XK,0577/KOREA,MIRROR NIPPER,KD2-3085,  1.000 ,5/25/2026
3/6/2026,3/9/2026,066/26xk,0531/CHINA,"TONG DE INDUSTRY AND TRADE (YANGJIANG YANGDONG DISTRICT) CO., LTD",KD2.2-2493,  15.000 ,4/25/2026
3/10/2026,3/12/2026,067/26XK,0539/GERMANY,Heiko Wild,KSK-2214,  100 ,3/17/2026
3/9/2026,3/13/2026,068/26XK,0405/MALAYSIA,YOUSHINE SOLUTION SDN BHD.,C.07-3.5mm,  240 ,4/16/2026
3/9/2026,3/13/2026,068/26XK,0405/MALAYSIA,YOUSHINE SOLUTION SDN BHD.,C.07-12,  360 ,4/16/2026
3/9/2026,3/13/2026,068/26XK,0405/MALAYSIA,YOUSHINE SOLUTION SDN BHD.,C.07-14,  360 ,4/16/2026
3/9/2026,3/13/2026,068/26XK,0405/MALAYSIA,YOUSHINE SOLUTION SDN BHD.,C.06-14,  60 ,4/16/2026
3/9/2026,3/13/2026,068/26XK,0405/MALAYSIA,YOUSHINE SOLUTION SDN BHD.,C.04-12,  240 ,4/16/2026
3/9/2026,3/13/2026,068/26XK,0405/MALAYSIA,YOUSHINE SOLUTION SDN BHD.,C.04-14,  240 ,4/16/2026
3/9/2026,3/13/2026,068/26XK,0405/MALAYSIA,YOUSHINE SOLUTION SDN BHD.,P.03,  180 ,4/16/2026
3/9/2026,3/13/2026,068/26XK,0405/MALAYSIA,YOUSHINE SOLUTION SDN BHD.,P.10,  120 ,4/16/2026
3/11/2026,3/13/2026,069/26XK,0594/HUNGARY,PERFECT NAILS LTD,KSK-2093,  500 ,4/15/2026
3/11/2026,3/13/2026,070/26XK,0543/LITHUANIA,UAB “Plienas Meistras”,KSK-2285,  100 ,3/20/2026
3/11/2026,3/13/2026,070/26XK,0543/LITHUANIA,UAB “Plienas Meistras”,KSK-2286,  100 ,3/20/2026
3/11/2026,3/13/2026,070/26XK,0543/LITHUANIA,UAB “Plienas Meistras”,KSK-2282,  100 ,3/20/2026
3/11/2026,3/13/2026,070/26XK,0543/LITHUANIA,UAB “Plienas Meistras”,KSK-2284,  1.000 ,3/24/2026
3/11/2026,3/13/2026,070/26XK,0543/LITHUANIA,UAB “Plienas Meistras”,KSK-2288,  150 ,3/20/2026
3/5/2026,3/13/2026,071/26XK,0419/MEXICO,Oleksandr Zadorozhnyi,MD.3439,  300 ,4/17/2026
3/5/2026,3/13/2026,071/26XK,0419/MEXICO,Oleksandr Zadorozhnyi,MD.3440,  300 ,4/17/2026
3/11/2026,3/13/2026,072/26XK,0601/COLOMBIA,Adriana velez ,KSK-3250,  200 ,4/14/2026
3/11/2026,3/13/2026,072/26XK,0601/COLOMBIA,Adriana velez ,KSN-3103,  300 ,4/14/2026
3/11/2026,3/13/2026,073/26XK,0601/COLOMBIA,Adriana velez ,KSN-3103,  200 ,4/24/2026
3/13/2026,3/16/2026,074/26XK,0246/KOREA,PARAN NAIL ,KD2-0854,  1.000 ,5/26/2026
3/13/2026,3/16/2026,074/26XK,0246/KOREA,PARAN NAIL ,KDT-2430,  2.000 ,5/26/2026
3/16/2026,3/16/2026,075/26XK,0047/ITALY,GIMAP SRL,KSK-2808,  1.000 ,4/17/2026
3/16/2026,3/16/2026,076/26XK,0543/LITHUANIA,UAB “Plienas Meistras”,KSK-2284,  800 ,3/26/2026
3/13/2026,3/17/2026,077/26XK,0610/BRAZIL,RODRIGO DIAS,KD2-2672,  700 ,5/16/2026
3/13/2026,3/17/2026,077/26XK,0610/BRAZIL,RODRIGO DIAS,KD2-2673,  500 ,5/13/2026
3/13/2026,3/17/2026,077/26XK,0610/BRAZIL,RODRIGO DIAS,KSK-2674,  400 ,5/13/2026
3/13/2026,3/17/2026,077/26XK,0610/BRAZIL,RODRIGO DIAS,KSK-2675,  400 ,5/13/2026
3/13/2026,3/17/2026,077/26XK,0610/BRAZIL,RODRIGO DIAS,KSK-3243,  400 ,5/13/2026
3/13/2026,3/17/2026,077/26XK,0610/BRAZIL,RODRIGO DIAS,KSK-2678,  80 ,5/13/2026
3/13/2026,3/17/2026,077/26XK,0610/BRAZIL,RODRIGO DIAS,KSK-3246,  200 ,5/13/2026
3/17/2026,3/19/2026,078/26XK,0536/FRANCE,ElyaMaje,KD2-2156,  840 ,5/6/2026
3/17/2026,3/19/2026,078/26XK,0536/FRANCE,ElyaMaje,KSK-2161,  840 ,5/6/2026
3/17/2026,3/19/2026,079/26XK,0535/FRANCE,M’novae M’Nails,KSK-2138,  1.000 ,4/26/2026
3/17/2026,3/19/2026,079/26XK,0535/FRANCE,M’novae M’Nails,KSK-2140,  500 ,4/26/2026
3/17/2026,3/19/2026,079/26XK,0535/FRANCE,M’novae M’Nails,KSS-2142,  500 ,4/26/2026
3/17/2026,3/19/2026,079/26XK,0535/FRANCE,M’novae M’Nails,KSS-2143,  500 ,4/26/2026
3/7/2026,3/19/2026,080/26xk,KDQT,HÀNG TỒN,KM2-1650,  2.000 ,6/30/2026
3/7/2026,3/19/2026,080/26xk,KDQT,HÀNG TỒN,KM2-1434,  500 ,6/30/2026
3/7/2026,3/19/2026,080/26xk,KDQT,HÀNG TỒN,KM2-1487,  1.000 ,6/30/2026
3/7/2026,3/19/2026,080/26xk,KDQT,HÀNG TỒN,NL.202,  2.000 ,6/30/2026
3/7/2026,3/19/2026,080/26xk,KDQT,HÀNG TỒN,NL.201,  500 ,6/30/2026
3/7/2026,3/19/2026,080/26xk,KDQT,HÀNG TỒN,NL.205,  1.000 ,6/30/2026
3/7/2026,3/19/2026,080/26xk,KDQT,HÀNG TỒN,T.10,  2.000 ,6/30/2026
3/18/2026,3/19/2026,081/26XK,0013/ITALY,TECNIWORK S.P.A,KSS-2264,  500 ,4/30/2026
3/16/2026,3/19/2026,082/26XK,0047/ITALY,GIMAP SRL,KSK-2806,  1.000 ,4/17/2026
3/3/2026,3/20/2026,083/26XK,0026/GERMANY,ZWILLING Beauty Group GmbH,KSD-0361,  5.400 ,6/30/2026
3/3/2026,3/20/2026,083/26XK,0026/GERMANY,ZWILLING Beauty Group GmbH,KSD-0362,  15.600 ,6/30/2026
3/23/2026,3/24/2026,084/26XK,0621/SLOVENIA,TORRA S.R.O,P.04,  60 ,3/28/2026
3/23/2026,3/24/2026,084/26XK,0621/SLOVENIA,TORRA S.R.O,P.12,  40 ,3/28/2026
3/23/2026,3/24/2026,084/26XK,0621/SLOVENIA,TORRA S.R.O,P.13,  100 ,3/28/2026
3/23/2026,3/24/2026,084/26XK,0621/SLOVENIA,TORRA S.R.O,P.14,  100 ,3/28/2026
3/23/2026,3/24/2026,084/26XK,0621/SLOVENIA,TORRA S.R.O,P.17,  140 ,3/28/2026
3/23/2026,3/24/2026,084/26XK,0621/SLOVENIA,TORRA S.R.O,T.04,  80 ,3/28/2026
3/23/2026,3/24/2026,084/26XK,0621/SLOVENIA,TORRA S.R.O,T.05,  100 ,3/28/2026
3/23/2026,3/24/2026,084/26XK,0621/SLOVENIA,TORRA S.R.O,T.06,  40 ,3/28/2026
3/23/2026,3/24/2026,084/26XK,0621/SLOVENIA,TORRA S.R.O,T.07,  100 ,3/28/2026
3/23/2026,3/24/2026,084/26XK,0621/SLOVENIA,TORRA S.R.O,KD.701,  150 ,3/28/2026
3/23/2026,3/24/2026,084/26XK,0621/SLOVENIA,TORRA S.R.O,KD.703,  150 ,3/28/2026
3/23/2026,3/24/2026,084/26XK,0621/SLOVENIA,TORRA S.R.O,KD.707,  100 ,3/28/2026
3/23/2026,3/24/2026,084/26XK,0621/SLOVENIA,TORRA S.R.O,KD.708,  100 ,3/28/2026
3/23/2026,3/24/2026,084/26XK,0621/SLOVENIA,TORRA S.R.O,KD.710,  60 ,3/28/2026
3/23/2026,3/24/2026,084/26XK,0621/SLOVENIA,TORRA S.R.O,KD.715,  60 ,3/28/2026
3/23/2026,3/24/2026,084/26XK,0621/SLOVENIA,TORRA S.R.O,KD.714,  60 ,3/28/2026
3/23/2026,3/24/2026,084/26XK,0621/SLOVENIA,TORRA S.R.O,KDM.717,  100 ,3/28/2026
3/23/2026,3/24/2026,084/26XK,0621/SLOVENIA,TORRA S.R.O,KDN.720,  60 ,3/28/2026
3/23/2026,3/24/2026,084/26XK,0621/SLOVENIA,TORRA S.R.O,KD.43,  100 ,3/28/2026
3/23/2026,3/24/2026,084/26XK,0621/SLOVENIA,TORRA S.R.O,P.12,  60 ,3/28/2026
3/23/2026,3/24/2026,084/26XK,0621/SLOVENIA,TORRA S.R.O,P.17,  60 ,3/28/2026
3/23/2026,3/24/2026,084/26XK,0621/SLOVENIA,TORRA S.R.O,T.03,  60 ,3/28/2026
3/23/2026,3/24/2026,084/26XK,0621/SLOVENIA,TORRA S.R.O,T.04,  20 ,3/28/2026
3/23/2026,3/24/2026,084/26XK,0621/SLOVENIA,TORRA S.R.O,T.06,  60 ,3/28/2026
3/23/2026,3/24/2026,084/26XK,0621/SLOVENIA,TORRA S.R.O,C.03-3.5mm,  60 ,3/28/2026
3/23/2026,3/24/2026,084/26XK,0621/SLOVENIA,TORRA S.R.O,C.04-3.5mm,  60 ,3/28/2026
3/23/2026,3/24/2026,084/26XK,0621/SLOVENIA,TORRA S.R.O,C.07-5mm,  60 ,3/28/2026
3/23/2026,3/24/2026,084/26XK,0621/SLOVENIA,TORRA S.R.O,NL.201,  100 ,3/28/2026
3/23/2026,3/24/2026,084/26XK,0621/SLOVENIA,TORRA S.R.O,NL.202,  100 ,3/28/2026
3/24/2026,3/24/2026,085/26XK,0260/USA,NYDC NAIL & BEAUTY SUPPLY,C.05-6MM,  360 ,3/28/2026
3/24/2026,3/24/2026,085/26XK,0260/USA,NYDC NAIL & BEAUTY SUPPLY,C.05-7MM,  360 ,3/28/2026
3/20/2026,3/24/2026,086/26XK,0419/MEXICO,Oleksandr Zadorozhnyi,KDN.720,  300 ,4/18/2026
3/20/2026,3/24/2026,086/26XK,0419/MEXICO,Oleksandr Zadorozhnyi,KDN.721,  300 ,4/18/2026
3/20/2026,3/24/2026,086/26XK,0419/MEXICO,Oleksandr Zadorozhnyi,KD.715,  120 ,4/18/2026
3/20/2026,3/24/2026,086/26XK,0419/MEXICO,Oleksandr Zadorozhnyi,KD.712,  120 ,4/18/2026
3/20/2026,3/24/2026,086/26XK,0419/MEXICO,Oleksandr Zadorozhnyi,KD.707,  120 ,4/18/2026
3/20/2026,3/24/2026,086/26XK,0419/MEXICO,Oleksandr Zadorozhnyi,P.22,  120 ,4/18/2026
3/20/2026,3/24/2026,086/26XK,0419/MEXICO,Oleksandr Zadorozhnyi,P.13,  300 ,4/18/2026
3/20/2026,3/24/2026,086/26XK,0419/MEXICO,Oleksandr Zadorozhnyi,AL.101,  60 ,4/18/2026
3/20/2026,4/14/2026,087/26XK,0581/HUNGARY,TIMAR VIRAD,KSK-2641,  500 ,4/30/2026
3/20/2026,4/14/2026,087/26XK,0581/HUNGARY,TIMAR VIRAD,KSK-3112,  100 ,4/30/2026
3/20/2026,4/14/2026,087/26XK,0581/HUNGARY,TIMAR VIRAD,KSK-3111,  100 ,4/30/2026
2/27/2026,3/25/2026,088/26XK,0600/FRANCE,Forma Nails,KSN-3420,  300 ,4/28/2026
2/27/2026,3/25/2026,088/26XK,0600/FRANCE,Forma Nails,KSN-3421,  300 ,4/28/2026
2/27/2026,3/25/2026,088/26XK,0600/FRANCE,Forma Nails,KSN-3422,  300 ,4/28/2026
3/25/2026,3/27/2026,089/26XK,0531/CHINA,"TONG DE INDUSTRY AND TRADE (YANGJIANG YANGDONG DISTRICT) CO., LTD",KSK-3251,  500 ,5/13/2026
3/25/2026,3/27/2026,089/26XK,0531/CHINA,"TONG DE INDUSTRY AND TRADE (YANGJIANG YANGDONG DISTRICT) CO., LTD",KD2-3173,  500 ,5/13/2026
3/20/2026,3/27/2026,090/26XK,0079/RUSSIA,Vectorgroup Company,KD2-0047,  1.500 ,5/29/2026
3/20/2026,3/27/2026,090/26XK,0079/RUSSIA,Vectorgroup Company,KD2-0729,  1.000 ,5/29/2026
3/20/2026,3/27/2026,090/26XK,0079/RUSSIA,Vectorgroup Company,KD2-0051,  1.500 ,5/29/2026
3/20/2026,3/27/2026,090/26XK,0079/RUSSIA,Vectorgroup Company,KD2-0730,  1.000 ,5/29/2026
3/20/2026,3/27/2026,090/26XK,0079/RUSSIA,Vectorgroup Company,KD2-0059,  20.000 ,5/29/2026
3/20/2026,3/27/2026,090/26XK,0079/RUSSIA,Vectorgroup Company,KD2-0731,  4.000 ,5/29/2026
3/20/2026,3/27/2026,090/26XK,0079/RUSSIA,Vectorgroup Company,KD2-0064,  2.000 ,5/29/2026
3/20/2026,3/27/2026,090/26XK,0079/RUSSIA,Vectorgroup Company,KD2-0732,  2.000 ,5/29/2026
3/20/2026,3/27/2026,090/26XK,0079/RUSSIA,Vectorgroup Company,KD2-0628,  1.000 ,5/29/2026
3/20/2026,3/27/2026,090/26XK,0079/RUSSIA,Vectorgroup Company,KD2-0619,  3.000 ,5/29/2026
3/20/2026,3/27/2026,090/26XK,0079/RUSSIA,Vectorgroup Company,KD2-0526,  1.500 ,5/29/2026
3/20/2026,3/27/2026,090/26XK,0079/RUSSIA,Vectorgroup Company,KD2-0525,  1.500 ,5/29/2026
3/20/2026,3/27/2026,090/26XK,0079/RUSSIA,Vectorgroup Company,KD2-1695,  1.500 ,5/29/2026
3/20/2026,3/27/2026,090/26XK,0079/RUSSIA,Vectorgroup Company,KD2-1583,  3.000 ,5/29/2026
3/20/2026,3/27/2026,090/26XK,0079/RUSSIA,Vectorgroup Company,KD2-1643,  1.000 ,5/29/2026
3/20/2026,3/27/2026,090/26XK,0079/RUSSIA,Vectorgroup Company,KD2-1696,  2.500 ,5/29/2026
3/20/2026,3/27/2026,090/26XK,0079/RUSSIA,Vectorgroup Company,KD2-1465,  3.000 ,5/29/2026
3/20/2026,3/27/2026,090/26XK,0079/RUSSIA,Vectorgroup Company,KD2-1647,  1.500 ,5/29/2026
3/20/2026,4/15/2026,090/26XK,0079/RUSSIA,Vectorgroup Company,KD2-1927,  1.500 ,6/10/2026
3/20/2026,3/27/2026,090/26XK,0079/RUSSIA,Vectorgroup Company,KM2-1700,  2.500 ,5/29/2026
3/20/2026,3/27/2026,091/26XK,0475/CHINA,"NINGBO CENTURY TIMES IMPORT AND EXPORT CO., LTD",KDT-1804,  3.000 ,5/20/2026
3/20/2026,3/27/2026,091/26XK,0475/CHINA,"NINGBO CENTURY TIMES IMPORT AND EXPORT CO., LTD",KDT-1800,  20.000 ,5/20/2026
3/20/2026,3/27/2026,091/26XK,0475/CHINA,"NINGBO CENTURY TIMES IMPORT AND EXPORT CO., LTD",KDT-1802,  5.000 ,5/20/2026
3/20/2026,3/27/2026,091/26XK,0475/CHINA,"NINGBO CENTURY TIMES IMPORT AND EXPORT CO., LTD",KDT-1836,  4.000 ,5/20/2026
3/20/2026,3/27/2026,091/26Xk1,0475/CHINA,"NINGBO CENTURY TIMES IMPORT AND EXPORT CO., LTD",KDT-1804,  2.000 ,7/1/2026
3/20/2026,3/27/2026,091/26Xk1,0475/CHINA,"NINGBO CENTURY TIMES IMPORT AND EXPORT CO., LTD",KDT-1800,  20.000 ,7/1/2026
3/20/2026,3/27/2026,091/26Xk1,0475/CHINA,"NINGBO CENTURY TIMES IMPORT AND EXPORT CO., LTD",KDT-1802,  5.000 ,7/1/2026
3/20/2026,3/27/2026,091/26Xk1,0475/CHINA,"NINGBO CENTURY TIMES IMPORT AND EXPORT CO., LTD",KDT-1836,  3.000 ,7/1/2026
3/20/2026,3/27/2026,091/26Xk2,0475/CHINA,"NINGBO CENTURY TIMES IMPORT AND EXPORT CO., LTD",KDT-1804,  1.000 ,10/8/2026
3/20/2026,3/27/2026,091/26Xk2,0475/CHINA,"NINGBO CENTURY TIMES IMPORT AND EXPORT CO., LTD",KDT-1800,  10.000 ,10/8/2026
3/20/2026,3/27/2026,091/26Xk2,0475/CHINA,"NINGBO CENTURY TIMES IMPORT AND EXPORT CO., LTD",KDT-1802,  2.000 ,10/8/2026
3/20/2026,3/27/2026,091/26Xk2,0475/CHINA,"NINGBO CENTURY TIMES IMPORT AND EXPORT CO., LTD",KDT-1836,  1.000 ,10/8/2026
3/20/2026,3/27/2026,091/26Xk3,0475/CHINA,"NINGBO CENTURY TIMES IMPORT AND EXPORT CO., LTD",KDT-1804,  4.000 ,11/23/2026
3/20/2026,3/27/2026,091/26Xk3,0475/CHINA,"NINGBO CENTURY TIMES IMPORT AND EXPORT CO., LTD",KDT-1800,  11.000 ,11/23/2026
3/20/2026,3/27/2026,091/26Xk3,0475/CHINA,"NINGBO CENTURY TIMES IMPORT AND EXPORT CO., LTD",KDT-1802,  5.000 ,11/23/2026
3/20/2026,3/27/2026,091/26Xk3,0475/CHINA,"NINGBO CENTURY TIMES IMPORT AND EXPORT CO., LTD",KDT-1836,  4.000 ,11/23/2026
3/20/2026,4/1/2026,QTDN0426,GT,GT,GS.01,  100 ,5/30/2026
3/20/2026,4/1/2026,QTDN0426,GT,GT,GS.03,  200 ,5/30/2026
3/20/2026,4/1/2026,QTDN0426,GT,GT,GS.07CC,  200 ,5/30/2026
3/20/2026,4/1/2026,QTDN0426,GT,GT,GS.12,  1.000 ,5/30/2026
3/20/2026,4/1/2026,QTDN0426,GT,GT,GS.15,  500 ,5/30/2026
3/20/2026,4/1/2026,QTDN0426,GT,GT,MD.33,  600 ,5/30/2026
3/20/2026,4/1/2026,QTDN0426,GT,GT,MD.32,  1.000 ,5/30/2026
3/28/2026,3/31/2026,092/26XK,0425/CHINA,Guangzhou Xingdian Nail Products Company Limited,D.03-12NC,  1.080 ,6/30/2026
3/28/2026,3/31/2026,092/26XK,0425/CHINA,Guangzhou Xingdian Nail Products Company Limited,D.03-14NC,  1.440 ,6/30/2026
3/28/2026,3/31/2026,092/26XK,0425/CHINA,Guangzhou Xingdian Nail Products Company Limited,D.03-16NC,  360 ,6/30/2026
3/28/2026,3/31/2026,092/26XK,0425/CHINA,Guangzhou Xingdian Nail Products Company Limited,D.06-14NC,  720 ,6/30/2026
3/28/2026,3/31/2026,092/26XK,0425/CHINA,Guangzhou Xingdian Nail Products Company Limited,D.05-12NC,  180 ,6/30/2026
3/28/2026,3/31/2026,092/26XK,0425/CHINA,Guangzhou Xingdian Nail Products Company Limited,D.05-14NC,  120 ,6/30/2026
3/28/2026,3/31/2026,092/26XK,0425/CHINA,Guangzhou Xingdian Nail Products Company Limited,D.05V-12NC,  300 ,6/30/2026
3/28/2026,3/31/2026,092/26XK,0425/CHINA,Guangzhou Xingdian Nail Products Company Limited,D.05V-14NC,  180 ,6/30/2026
3/28/2026,3/31/2026,092/26XK,0425/CHINA,Guangzhou Xingdian Nail Products Company Limited,D.05V-16NC,  60 ,6/30/2026
3/28/2026,3/31/2026,092/26XK,0425/CHINA,Guangzhou Xingdian Nail Products Company Limited,D.07-3.5NC,  5.400 ,6/30/2026
3/28/2026,3/31/2026,092/26XK,0425/CHINA,Guangzhou Xingdian Nail Products Company Limited,D.07-12NC,  21.600 ,6/30/2026
3/28/2026,3/31/2026,092/26XK,0425/CHINA,Guangzhou Xingdian Nail Products Company Limited,D.07-14NC,  14.400 ,6/30/2026
3/28/2026,3/31/2026,092/26XK,0425/CHINA,Guangzhou Xingdian Nail Products Company Limited,D.07-16NC,  3.600 ,6/30/2026
3/28/2026,3/31/2026,092/26XK,0425/CHINA,Guangzhou Xingdian Nail Products Company Limited,DL.02C-14NC,  360 ,6/30/2026
3/28/2026,3/31/2026,092/26XK,0425/CHINA,Guangzhou Xingdian Nail Products Company Limited,D.22NC,  21.600 ,6/30/2026
3/28/2026,3/31/2026,092/26XK,0425/CHINA,Guangzhou Xingdian Nail Products Company Limited,D.23NC,  10.800 ,6/30/2026
3/28/2026,3/31/2026,092/26XK,0425/CHINA,Guangzhou Xingdian Nail Products Company Limited,D.27NC,  720 ,6/30/2026
3/28/2026,3/31/2026,092/26XK,0425/CHINA,Guangzhou Xingdian Nail Products Company Limited,D.28NC,  720 ,6/30/2026
3/28/2026,3/31/2026,092/26XK,0425/CHINA,Guangzhou Xingdian Nail Products Company Limited,D.555NC,  1.440 ,6/30/2026
3/28/2026,3/31/2026,092/26XK,0425/CHINA,Guangzhou Xingdian Nail Products Company Limited,D.501-14NC,  28.800 ,6/30/2026
3/28/2026,3/31/2026,092/26XK,0425/CHINA,Guangzhou Xingdian Nail Products Company Limited,D.501NC,  25.200 ,6/30/2026
3/28/2026,3/31/2026,092/26XK,0425/CHINA,Guangzhou Xingdian Nail Products Company Limited,S.506NC,  720 ,6/30/2026
3/28/2026,3/31/2026,092/26XK,0425/CHINA,Guangzhou Xingdian Nail Products Company Limited,S.511NC,  5.400 ,6/30/2026
3/28/2026,3/31/2026,092/26XK,0425/CHINA,Guangzhou Xingdian Nail Products Company Limited,S.514NC,  1.440 ,6/30/2026
3/28/2026,3/31/2026,092/26XK,0425/CHINA,Guangzhou Xingdian Nail Products Company Limited,P.12NC,  240 ,6/30/2026
3/28/2026,3/31/2026,092/26XK,0425/CHINA,Guangzhou Xingdian Nail Products Company Limited,P.13NC,  180 ,6/30/2026
3/28/2026,3/31/2026,092/26XK,0425/CHINA,Guangzhou Xingdian Nail Products Company Limited,P.15NC,  60 ,6/30/2026
3/28/2026,3/31/2026,092/26XK,0425/CHINA,Guangzhou Xingdian Nail Products Company Limited,P.17NC,  60 ,6/30/2026
3/28/2026,3/31/2026,092/26XK,0425/CHINA,Guangzhou Xingdian Nail Products Company Limited,B.902NC,  1.800 ,6/30/2026
3/28/2026,3/31/2026,092/26XK,0425/CHINA,Guangzhou Xingdian Nail Products Company Limited,T.10NC,  60 ,6/30/2026
3/28/2026,3/31/2026,092/26XK,0425/CHINA,Guangzhou Xingdian Nail Products Company Limited,KDN.721NC,  60 ,6/30/2026
3/28/2026,3/31/2026,092/26XK,0425/CHINA,Guangzhou Xingdian Nail Products Company Limited,KM.601NC,  240 ,6/30/2026
3/28/2026,3/31/2026,093/26XK,0601/COLOMBIA,Adriana velez ,KSN-3257,  200 ,4/28/2026
3/28/2026,3/31/2026,093/26XK,0601/COLOMBIA,Adriana velez ,KD2-3249,  200 ,5/13/2026
3/28/2026,3/31/2026,094/26XK,KDQT,HÀNG TỒN,C.36-5MM,  900 ,7/15/2026
3/28/2026,3/31/2026,094/26XK,KDQT,HÀNG TỒN,C.36-6MM,  360 ,6/27/2026
3/28/2026,3/31/2026,094/26XK,KDQT,HÀNG TỒN,C.36-7MM,  360 ,6/27/2026
3/28/2026,3/31/2026,094/26XK,KDQT,HÀNG TỒN,CL.206-5MM,  720 ,6/27/2026
3/28/2026,3/31/2026,094/26XK,KDQT,HÀNG TỒN,CL.206-7MM,  720 ,6/27/2026
3/28/2026,3/31/2026,094/26XK,KDQT,HÀNG TỒN,CL.S01-5MM,  720 ,6/27/2026
3/28/2026,3/31/2026,094/26XK,KDQT,HÀNG TỒN,CL.S01-7MM,  720 ,6/27/2026
3/28/2026,3/31/2026,094/26XK,KDQT,HÀNG TỒN,CL.205-5MM,  720 ,6/27/2026
3/28/2026,3/31/2026,094/26XK,KDQT,HÀNG TỒN,CL.205-7MM,  720 ,6/27/2026
3/28/2026,3/31/2026,095/26XK,0394/JORDAN,Fahmi Alqawasmi Est.,C.36-5MM,  360 ,5/23/2026
3/28/2026,3/31/2026,095/26XK,0394/JORDAN,Fahmi Alqawasmi Est.,C.36-6MM,  360 ,5/23/2026
3/28/2026,3/31/2026,095/26XK,0394/JORDAN,Fahmi Alqawasmi Est.,C.36-7MM,  360 ,5/23/2026
3/28/2026,3/31/2026,095/26XK,0394/JORDAN,Fahmi Alqawasmi Est.,C.07-5mm,  200 ,5/23/2026
3/28/2026,3/31/2026,095/26XK,0394/JORDAN,Fahmi Alqawasmi Est.,C.04-5MM,  200 ,5/23/2026
3/28/2026,3/31/2026,095/26XK,0394/JORDAN,Fahmi Alqawasmi Est.,C.03-5mm,  240 ,5/23/2026
3/28/2026,3/31/2026,095/26XK,0394/JORDAN,Fahmi Alqawasmi Est.,CL.206-5MM,  200 ,5/23/2026
3/28/2026,3/31/2026,095/26XK,0394/JORDAN,Fahmi Alqawasmi Est.,B.916C-HO,  200 ,6/13/2026
3/28/2026,3/31/2026,095/26XK,0394/JORDAN,Fahmi Alqawasmi Est.,B.916C-TR,  200 ,6/13/2026
3/28/2026,3/31/2026,095/26XK,0394/JORDAN,Fahmi Alqawasmi Est.,B.916C-XL,  200 ,6/13/2026
3/28/2026,3/31/2026,095/26XK,0394/JORDAN,Fahmi Alqawasmi Est.,B.916C-VA,  200 ,6/13/2026
3/28/2026,3/31/2026,095/26XK,0394/JORDAN,Fahmi Alqawasmi Est.,T.01BL,  120 ,6/13/2026
3/28/2026,3/31/2026,095/26XK,0394/JORDAN,Fahmi Alqawasmi Est.,T.01GR,  120 ,6/13/2026
3/28/2026,3/31/2026,095/26XK,0394/JORDAN,Fahmi Alqawasmi Est.,T.01PU,  120 ,6/13/2026
3/28/2026,3/31/2026,095/26XK,0394/JORDAN,Fahmi Alqawasmi Est.,T.01RE,  120 ,6/13/2026
3/28/2026,3/31/2026,095/26XK,0394/JORDAN,Fahmi Alqawasmi Est.,T.01BO,  120 ,6/13/2026
3/28/2026,3/31/2026,095/26XK,0394/JORDAN,Fahmi Alqawasmi Est.,T.03,  240 ,6/13/2026
3/28/2026,3/31/2026,095/26XK,0394/JORDAN,Fahmi Alqawasmi Est.,T.05,  120 ,6/13/2026
3/28/2026,3/31/2026,095/26XK,0394/JORDAN,Fahmi Alqawasmi Est.,NC.04,  360 ,6/13/2026
3/28/2026,3/31/2026,095/26XK,0394/JORDAN,Fahmi Alqawasmi Est.,NC.02,  120 ,6/13/2026
3/28/2026,3/31/2026,095/26XK,0394/JORDAN,Fahmi Alqawasmi Est.,B.999,  60 ,6/13/2026
3/28/2026,3/31/2026,095/26XK,0394/JORDAN,Fahmi Alqawasmi Est.,ES.04,  60 ,6/13/2026
3/28/2026,3/31/2026,095/26XK,0394/JORDAN,Fahmi Alqawasmi Est.,KDM.713,  120 ,6/13/2026
3/28/2026,3/31/2026,095/26XK,0394/JORDAN,Fahmi Alqawasmi Est.,P.08,  120 ,6/13/2026
3/28/2026,3/31/2026,095/26XK,0394/JORDAN,Fahmi Alqawasmi Est.,P.12,  240 ,6/13/2026
3/28/2026,3/31/2026,095/26XK,0394/JORDAN,Fahmi Alqawasmi Est.,P.03,  240 ,6/13/2026
3/28/2026,3/31/2026,095/26XK,0394/JORDAN,Fahmi Alqawasmi Est.,P.15,  240 ,6/13/2026
3/28/2026,3/31/2026,095/26XK,0394/JORDAN,Fahmi Alqawasmi Est.,P.17,  240 ,6/13/2026
3/28/2026,3/31/2026,095/26XK,0394/JORDAN,Fahmi Alqawasmi Est.,P.10,  360 ,6/13/2026
3/28/2026,3/31/2026,095/26XK,0394/JORDAN,Fahmi Alqawasmi Est.,P.24,  120 ,6/13/2026
3/28/2026,3/31/2026,095/26XK,0394/JORDAN,Fahmi Alqawasmi Est.,KD.701,  360 ,6/13/2026
3/28/2026,3/31/2026,095/26XK,0394/JORDAN,Fahmi Alqawasmi Est.,KD.704,  360 ,6/13/2026
3/28/2026,3/31/2026,095/26XK,0394/JORDAN,Fahmi Alqawasmi Est.,KD.707,  360 ,6/13/2026
3/27/2026,3/31/2026,096/26XK,0457/UK,K&K BEAUTY,KSS-1763,  600 ,4/18/2026
3/19/2026,3/31/2026,097/26XK,0409/BULGARIA,Capital East Ltd,KD2-3445,  500 ,5/22/2026
3/19/2026,3/31/2026,097/26XK,0409/BULGARIA,Capital East Ltd,KD2-3446,  100 ,5/22/2026
3/19/2026,3/31/2026,097/26XK,0409/BULGARIA,Capital East Ltd,KD2-3447,  500 ,5/22/2026
3/19/2026,3/31/2026,097/26XK,0409/BULGARIA,Capital East Ltd,KD2-3448,  100 ,5/22/2026
3/19/2026,3/31/2026,097/26XK,0409/BULGARIA,Capital East Ltd,KD2-3449,  400 ,5/22/2026
3/19/2026,3/31/2026,097/26XK,0409/BULGARIA,Capital East Ltd,KSS-3450,  200 ,5/22/2026
3/19/2026,3/31/2026,097/26XK,0409/BULGARIA,Capital East Ltd,KSS-3451,  200 ,5/22/2026
4/3/2026,4/3/2026,098/26XK,0531/CHINA,"TONG DE INDUSTRY AND TRADE (YANGJIANG YANGDONG DISTRICT) CO., LTD",KD2-2232,  540 ,5/23/2026
4/3/2026,4/3/2026,098/26XK,0531/CHINA,"TONG DE INDUSTRY AND TRADE (YANGJIANG YANGDONG DISTRICT) CO., LTD",KD2-2233,  1.080 ,5/23/2026
4/3/2026,4/3/2026,098/26XK,0531/CHINA,"TONG DE INDUSTRY AND TRADE (YANGJIANG YANGDONG DISTRICT) CO., LTD",KD2-2230,  900 ,5/23/2026
4/3/2026,4/3/2026,098/26XK,0531/CHINA,"TONG DE INDUSTRY AND TRADE (YANGJIANG YANGDONG DISTRICT) CO., LTD",KD2-2229,  360 ,5/23/2026
4/3/2026,4/3/2026,098/26XK,0531/CHINA,"TONG DE INDUSTRY AND TRADE (YANGJIANG YANGDONG DISTRICT) CO., LTD",KD2-3266,  360 ,5/23/2026
4/1/2026,4/2/2026,099/26ND,GT,CHỦ TỊCH,GS.EVO-VH,  10 ,4/4/2026
4/1/2026,4/3/2026,100/26XK,0205/JAPAN,HIKARI CORPORATION,KD3-0372,  1.000 ,7/25/2026
4/1/2026,4/3/2026,100/26XK,0205/JAPAN,HIKARI CORPORATION,KD3-0287,  1.000 ,8/25/2026
4/1/2026,4/3/2026,100/26XK,0205/JAPAN,HIKARI CORPORATION,KD2-0286,  1.000 ,6/20/2026
4/1/2026,4/3/2026,100/26XK,0205/JAPAN,HIKARI CORPORATION,KD3-0520,  1.000 ,6/20/2026
4/1/2026,4/3/2026,100/26XK,0205/JAPAN,HIKARI CORPORATION,KSS-1137,  1.000 ,5/20/2026
4/6/2026,4/6/2026,101/26XK,0543/LITHUANIA,UAB “Plienas Meistras”,KSK-2286,  150 ,4/20/2026
4/6/2026,4/6/2026,101/26XK,0543/LITHUANIA,UAB “Plienas Meistras”,KSK-2282,  100 ,4/20/2026
4/6/2026,4/6/2026,101/26XK,0543/LITHUANIA,UAB “Plienas Meistras”,KSK-2284,  400 ,4/20/2026
4/6/2026,4/6/2026,101/26XK,0543/LITHUANIA,UAB “Plienas Meistras”,KSK-2288,  100 ,4/20/2026
3/28/2026,3/31/2026,095/26XK,0394/JORDAN,Fahmi Alqawasmi Est.,C.112,  360 ,4/30/2026
3/28/2026,4/6/2026,102/26XK,0425/CHINA,Guangzhou Xingdian Nail Products Company Limited,D.03-12NC,  1.080 ,7/27/2026
3/28/2026,4/6/2026,102/26XK,0425/CHINA,Guangzhou Xingdian Nail Products Company Limited,D.03-14NC,  1.080 ,7/27/2026
3/28/2026,4/6/2026,102/26XK,0425/CHINA,Guangzhou Xingdian Nail Products Company Limited,D.03-16NC,  360 ,7/27/2026
3/28/2026,4/6/2026,102/26XK,0425/CHINA,Guangzhou Xingdian Nail Products Company Limited,D.07-3.5NC,  5.400 ,7/27/2026
3/28/2026,4/6/2026,102/26XK,0425/CHINA,Guangzhou Xingdian Nail Products Company Limited,D.07-12NC,  18.000 ,7/27/2026
3/28/2026,4/6/2026,102/26XK,0425/CHINA,Guangzhou Xingdian Nail Products Company Limited,D.07-14NC,  14.400 ,7/27/2026
3/28/2026,4/6/2026,102/26XK,0425/CHINA,Guangzhou Xingdian Nail Products Company Limited,D.07-16NC,  3.600 ,7/27/2026
3/28/2026,4/6/2026,102/26XK,0425/CHINA,Guangzhou Xingdian Nail Products Company Limited,D.22NC,  18.000 ,7/27/2026
3/28/2026,4/6/2026,102/26XK,0425/CHINA,Guangzhou Xingdian Nail Products Company Limited,D.23NC,  10.800 ,7/27/2026
3/28/2026,4/6/2026,102/26XK,0425/CHINA,Guangzhou Xingdian Nail Products Company Limited,D.28NC,  720 ,7/27/2026
3/28/2026,4/6/2026,102/26XK,0425/CHINA,Guangzhou Xingdian Nail Products Company Limited,D.555NC,  1.440 ,7/27/2026
3/28/2026,4/6/2026,102/26XK,0425/CHINA,Guangzhou Xingdian Nail Products Company Limited,D.501-14NC,  23.400 ,7/27/2026
3/28/2026,4/6/2026,102/26XK,0425/CHINA,Guangzhou Xingdian Nail Products Company Limited,D.501NC,  20.520 ,7/27/2026
3/28/2026,4/6/2026,102/26XK,0425/CHINA,Guangzhou Xingdian Nail Products Company Limited,B.901NC,  1.080 ,7/27/2026
3/28/2026,4/6/2026,102/26XK,0425/CHINA,Guangzhou Xingdian Nail Products Company Limited,B.902NC,  1.800 ,7/27/2026
3/28/2026,4/6/2026,102/26XK,0425/CHINA,Guangzhou Xingdian Nail Products Company Limited,S.506NC,  720 ,7/27/2026
3/28/2026,4/6/2026,102/26XK,0425/CHINA,Guangzhou Xingdian Nail Products Company Limited,S.511NC,  3.600 ,7/27/2026
4/6/2026,4/6/2026,103/26XK,0538/BULGARIA,Premium Beauty Partners,KD2-2216,  300 ,6/8/2026
4/6/2026,4/6/2026,103/26XK,0538/BULGARIA,Premium Beauty Partners,KD2-2218,  300 ,6/8/2026
4/6/2026,4/6/2026,103/26XK,0538/BULGARIA,Premium Beauty Partners,KM2-2220,  300 ,6/8/2026
4/6/2026,4/6/2026,103/26XK,0538/BULGARIA,Premium Beauty Partners,KSS-2221,  300 ,6/8/2026
4/6/2026,4/6/2026,103/26XK,0538/BULGARIA,Premium Beauty Partners,KSS-2222,  300 ,6/8/2026
4/6/2026,4/6/2026,103/26XK,0538/BULGARIA,Premium Beauty Partners,KSK-2226,  300 ,6/8/2026
4/6/2026,4/9/2026,104/26XK,0601/COLOMBIA,Adriana velez ,KD2-3102,  200 ,6/13/2026
4/6/2026,4/9/2026,104/26XK,0601/COLOMBIA,Adriana velez ,KD2-3249,  200 ,6/13/2026
4/6/2026,4/9/2026,104/26XK,0601/COLOMBIA,Adriana velez ,KD2-3098,  600 ,6/13/2026
4/6/2026,4/9/2026,104/26XK,0601/COLOMBIA,Adriana velez ,KD2-3099,  500 ,6/13/2026
4/6/2026,4/9/2026,104/26XK,0601/COLOMBIA,Adriana velez ,KD2-3100,  500 ,6/13/2026
4/6/2026,4/9/2026,104/26XK,0601/COLOMBIA,Adriana velez ,KD2-3248,  500 ,6/13/2026
4/6/2026,4/9/2026,104/26XK,0601/COLOMBIA,Adriana velez ,KM2-3101,  400 ,6/13/2026
4/6/2026,4/9/2026,104/26XK,0601/COLOMBIA,Adriana velez ,KM2-3292,  200 ,6/13/2026
4/6/2026,4/9/2026,104/26XK,0601/COLOMBIA,Adriana velez ,KSN-3257,  200 ,6/13/2026
4/6/2026,4/9/2026,104/26XK,0601/COLOMBIA,Adriana velez ,KSS-3397,  100 ,6/13/2026
4/6/2026,4/9/2026,104/26XK,0601/COLOMBIA,Adriana velez ,KSN-3103,  500 ,6/13/2026
4/6/2026,4/9/2026,104/26XK,0601/COLOMBIA,Adriana velez ,KSK-3033,  200 ,6/13/2026
4/6/2026,4/9/2026,104/26XK,0601/COLOMBIA,Adriana velez ,KSK-3250,  300 ,6/13/2026
4/6/2026,4/9/2026,104/26XK,0601/COLOMBIA,Adriana velez ,KSB-3293,  300 ,6/13/2026
4/6/2026,4/9/2026,104/26XK,0601/COLOMBIA,Adriana velez ,KSS-3398,  300 ,6/13/2026
4/6/2026,4/9/2026,104/26XK,0601/COLOMBIA,Adriana velez ,KSS-3291,  300 ,6/13/2026
4/7/2026,4/9/2026,105/26XK,0481/FRANCE,ONIX PRO,KSK-2857,  500 ,4/29/2026
4/8/2026,4/9/2026,106/26XK,0583/FRANCE,Nails Frs,MD.3434,  2.000 ,5/11/2026
4/8/2026,4/9/2026,106/26XK,0583/FRANCE,Nails Frs,KSK-3456,  1.000 ,5/11/2026
4/7/2026,4/9/2026,107/26XK,0040/ITALY,WICTOR SRL,KSB-0130,  500 ,5/27/2026
4/7/2026,4/9/2026,107/26XK,0040/ITALY,WICTOR SRL,KD2-0122,  500 ,5/27/2026
4/7/2026,4/9/2026,107/26XK,0040/ITALY,WICTOR SRL,KD2-0125,  500 ,5/27/2026
4/9/2026,4/10/2026,108/26XK,0069/POLAND,ACTIV TOMASZ PACHOLCZYK,ES.01,  180 ,6/12/2026
4/9/2026,4/10/2026,108/26XK,0069/POLAND,ACTIV TOMASZ PACHOLCZYK,ES.03,  180 ,6/12/2026
4/9/2026,4/10/2026,108/26XK,0069/POLAND,ACTIV TOMASZ PACHOLCZYK,ES.04,  180 ,6/12/2026
4/9/2026,4/10/2026,108/26XK,0069/POLAND,ACTIV TOMASZ PACHOLCZYK,T.01RE,  180 ,6/12/2026
4/9/2026,4/10/2026,108/26XK,0069/POLAND,ACTIV TOMASZ PACHOLCZYK,T.03,  360 ,6/12/2026
4/9/2026,4/10/2026,108/26XK,0069/POLAND,ACTIV TOMASZ PACHOLCZYK,NC.01,  180 ,6/12/2026
4/9/2026,4/10/2026,108/26XK,0069/POLAND,ACTIV TOMASZ PACHOLCZYK,P.10,  180 ,6/12/2026
4/9/2026,4/10/2026,108/26XK,0069/POLAND,ACTIV TOMASZ PACHOLCZYK,P.22,  180 ,6/12/2026
4/9/2026,4/10/2026,108/26XK,0069/POLAND,ACTIV TOMASZ PACHOLCZYK,KD.707,  180 ,6/12/2026
4/9/2026,4/10/2026,108/26XK,0069/POLAND,ACTIV TOMASZ PACHOLCZYK,KD.709,  180 ,6/12/2026
4/9/2026,4/10/2026,108/26XK,0069/POLAND,ACTIV TOMASZ PACHOLCZYK,KD.715,  180 ,6/12/2026
4/9/2026,4/10/2026,108/26XK,0069/POLAND,ACTIV TOMASZ PACHOLCZYK,C.35-5mm,  180 ,5/22/2026
4/9/2026,4/10/2026,108/26XK,0069/POLAND,ACTIV TOMASZ PACHOLCZYK,C.04-3.5mm,  1.440 ,5/22/2026
4/9/2026,4/10/2026,108/26XK,0069/POLAND,ACTIV TOMASZ PACHOLCZYK,C.04-6mm,  360 ,5/22/2026
4/9/2026,4/10/2026,108/26XK,0069/POLAND,ACTIV TOMASZ PACHOLCZYK,C.07-3.5mm,  360 ,5/22/2026
4/9/2026,4/10/2026,108/26XK,0069/POLAND,ACTIV TOMASZ PACHOLCZYK,C.07-5mm,  180 ,5/22/2026
4/9/2026,4/10/2026,108/26XK,0069/POLAND,ACTIV TOMASZ PACHOLCZYK,C.07-7mm,  360 ,5/22/2026
4/9/2026,4/10/2026,108/26XK,0069/POLAND,ACTIV TOMASZ PACHOLCZYK,C.111,  360 ,5/22/2026
4/9/2026,4/10/2026,108/26XK,0069/POLAND,ACTIV TOMASZ PACHOLCZYK,C.114,  180 ,5/22/2026
4/9/2026,4/10/2026,108/26XK,0069/POLAND,ACTIV TOMASZ PACHOLCZYK,C.118,  180 ,5/22/2026
3/19/2026,4/10/2026,109/26xk,KDQT,HÀNG TỒN,KK2-3290,  300 ,6/17/2026
4/13/2026,4/14/2026,110/26XK,0270/UAE,MILIA COSMETICS MAT TR.L L C - SOLE PROPRIETORSHIP,C.111,  1.800 ,6/15/2026
4/13/2026,4/14/2026,110/26XK,0270/UAE,MILIA COSMETICS MAT TR.L L C - SOLE PROPRIETORSHIP,C.112,  1.800 ,6/15/2026
4/13/2026,4/14/2026,110/26XK,0270/UAE,MILIA COSMETICS MAT TR.L L C - SOLE PROPRIETORSHIP,C.118,  1.800 ,6/15/2026
4/13/2026,4/14/2026,110/26XK,0270/UAE,MILIA COSMETICS MAT TR.L L C - SOLE PROPRIETORSHIP,C.114,  1.800 ,6/15/2026
4/13/2026,4/14/2026,110/26XK,0270/UAE,MILIA COSMETICS MAT TR.L L C - SOLE PROPRIETORSHIP,C.03-5MM,  600 ,6/15/2026
4/13/2026,4/14/2026,110/26XK,0270/UAE,MILIA COSMETICS MAT TR.L L C - SOLE PROPRIETORSHIP,C.06-5MM,  600 ,6/15/2026
4/13/2026,4/14/2026,110/26XK,0270/UAE,MILIA COSMETICS MAT TR.L L C - SOLE PROPRIETORSHIP,C.07-5mm,  600 ,6/15/2026
4/13/2026,4/14/2026,110/26XK,0270/UAE,MILIA COSMETICS MAT TR.L L C - SOLE PROPRIETORSHIP,C.36-5MM,  3.600 ,6/15/2026
4/13/2026,4/14/2026,110/26XK,0270/UAE,MILIA COSMETICS MAT TR.L L C - SOLE PROPRIETORSHIP,C.05-5MM,  240 ,6/15/2026
4/13/2026,4/14/2026,110/26XK,0270/UAE,MILIA COSMETICS MAT TR.L L C - SOLE PROPRIETORSHIP,C.08-5MM,  240 ,6/15/2026
4/13/2026,4/14/2026,110/26XK,0270/UAE,MILIA COSMETICS MAT TR.L L C - SOLE PROPRIETORSHIP,KD.709,  60 ,6/15/2026
4/13/2026,4/14/2026,110/26XK,0270/UAE,MILIA COSMETICS MAT TR.L L C - SOLE PROPRIETORSHIP,T.09,  120 ,6/15/2026
4/13/2026,4/14/2026,110/26XK,0270/UAE,MILIA COSMETICS MAT TR.L L C - SOLE PROPRIETORSHIP,NC.04,  240 ,6/15/2026
4/13/2026,4/14/2026,110/26XK,0270/UAE,MILIA COSMETICS MAT TR.L L C - SOLE PROPRIETORSHIP,NC.06,  240 ,6/15/2026
4/13/2026,4/14/2026,110/26XK,0270/UAE,MILIA COSMETICS MAT TR.L L C - SOLE PROPRIETORSHIP,N.118,  240 ,6/15/2026
4/13/2026,4/14/2026,110/26XK,0270/UAE,MILIA COSMETICS MAT TR.L L C - SOLE PROPRIETORSHIP,P.04,  120 ,6/15/2026
4/13/2026,4/14/2026,110/26XK,0270/UAE,MILIA COSMETICS MAT TR.L L C - SOLE PROPRIETORSHIP,T.05,  120 ,6/15/2026
4/13/2026,4/14/2026,111/26XK,0620/SPAIN,Elisium Tecnology SL,KSS-3454,  -   ,HỦY
4/2/2026,4/15/2026,113/26XK,0561/ITALY,MEDESY,KR2-2971,  500 ,6/25/2026
4/2/2026,4/15/2026,113/26XK,0561/ITALY,MEDESY,KR2-2969,  500 ,6/25/2026
4/2/2026,4/15/2026,113/26XK,0561/ITALY,MEDESY,KR2-2992,  500 ,6/25/2026
4/2/2026,4/15/2026,113/26XK,0561/ITALY,MEDESY,KR2-2972,  500 ,6/25/2026
4/2/2026,4/15/2026,113/26XK,0561/ITALY,MEDESY,KR2-2967,  500 ,6/25/2026
4/2/2026,4/15/2026,113/26XK,0561/ITALY,MEDESY,KR2-2894,  500 ,6/25/2026
4/2/2026,4/15/2026,113/26X1,0561/ITALY,MEDESY,KR2-2992,  500 ,7/25/2026
4/2/2026,4/15/2026,113/26X1,0561/ITALY,MEDESY,KR2-2972,  1.000 ,7/25/2026
4/2/2026,4/15/2026,113/26X1,0561/ITALY,MEDESY,KR2-2967,  1.000 ,7/25/2026
4/2/2026,4/15/2026,113/26X1,0561/ITALY,MEDESY,KR2-2894,  500 ,7/25/2026
4/17/2026,4/20/2026,114/26XK,0339/EGYPT,A.Y.M. for Import & Export Co.,C.111,  1.500 ,4/25/2026
4/15/2026,4/20/2026,115/26XK,0636/ROMANIA,SHOGUN BLADE S.R.L.,KSK-3453,  500 ,5/6/2026
4/16/2026,4/20/2026,117/26XK,0597/SERBIA,UNITECH DOO,C.05-7mm,  200 ,6/16/2026
4/16/2026,4/20/2026,117/26XK,0597/SERBIA,UNITECH DOO,C.07-5mm,  200 ,6/16/2026
4/16/2026,4/20/2026,117/26XK,0597/SERBIA,UNITECH DOO,CL.S01-7mm,  200 ,6/16/2026
4/16/2026,4/20/2026,117/26XK,0597/SERBIA,UNITECH DOO,CL.206-5mm,  200 ,6/16/2026
4/16/2026,4/20/2026,117/26XK,0597/SERBIA,UNITECH DOO,CL.206-7mm,  200 ,6/16/2026
4/16/2026,4/20/2026,117/26XK,0597/SERBIA,UNITECH DOO,NB.107,  200 ,6/16/2026
4/16/2026,4/20/2026,117/26XK,0597/SERBIA,UNITECH DOO,NL.202,  250 ,6/16/2026
4/16/2026,4/20/2026,117/26XK,0597/SERBIA,UNITECH DOO,NL.205,  200 ,6/16/2026
4/16/2026,4/20/2026,117/26XK,0597/SERBIA,UNITECH DOO,KD2-3475,  500 ,6/16/2026
4/16/2026,4/20/2026,117/26XK,0597/SERBIA,UNITECH DOO,P.04,  200 ,6/13/2026
4/16/2026,4/20/2026,117/26XK,0597/SERBIA,UNITECH DOO,P.08,  200 ,6/13/2026
4/16/2026,4/20/2026,117/26XK,0597/SERBIA,UNITECH DOO,P.12,  200 ,6/13/2026
4/16/2026,4/20/2026,117/26XK,0597/SERBIA,UNITECH DOO,P.13,  200 ,6/13/2026
4/16/2026,4/20/2026,117/26XK,0597/SERBIA,UNITECH DOO,P.15,  200 ,6/13/2026
4/16/2026,4/20/2026,117/26XK,0597/SERBIA,UNITECH DOO,P.17,  200 ,6/13/2026
4/16/2026,4/20/2026,117/26XK,0597/SERBIA,UNITECH DOO,P.20,  200 ,6/13/2026
4/16/2026,4/20/2026,117/26XK,0597/SERBIA,UNITECH DOO,T.05,  200 ,6/13/2026
4/16/2026,4/20/2026,117/26XK,0597/SERBIA,UNITECH DOO,T.06,  200 ,6/13/2026
4/16/2026,4/20/2026,117/26XK,0597/SERBIA,UNITECH DOO,T.07,  200 ,6/13/2026
4/16/2026,4/20/2026,117/26XK,0597/SERBIA,UNITECH DOO,T.10,  200 ,6/13/2026
4/16/2026,4/20/2026,117/26XK,0597/SERBIA,UNITECH DOO,NC.01,  200 ,6/13/2026
4/16/2026,4/20/2026,117/26XK,0597/SERBIA,UNITECH DOO,NC.04,  200 ,6/13/2026
4/16/2026,4/20/2026,117/26XK,0597/SERBIA,UNITECH DOO,KD.702,  500 ,6/13/2026
4/16/2026,4/20/2026,117/26XK,0597/SERBIA,UNITECH DOO,KD.709,  500 ,6/13/2026
4/16/2026,4/20/2026,117/26XK,0597/SERBIA,UNITECH DOO,KD.43,  500 ,6/13/2026
4/16/2026,4/20/2026,117/26XK,0597/SERBIA,UNITECH DOO,KD.718,  200 ,6/13/2026
4/16/2026,4/20/2026,117/26XK,0597/SERBIA,UNITECH DOO,KDN.720,  500 ,6/13/2026
4/16/2026,4/20/2026,117/26XK,0597/SERBIA,UNITECH DOO,KSS-3473,  500 ,6/13/2026
4/16/2026,4/20/2026,117/26XK,0597/SERBIA,UNITECH DOO,KSS-3474,  500 ,6/13/2026
4/16/2026,4/20/2026,117/26XK,0597/SERBIA,UNITECH DOO,KSK-3476,  600 ,6/13/2026
4/15/2026,4/20/2026,118/26XK,0637/ROMANIA,Nail Rai SRL,KSK-3462,  250 ,6/19/2026
4/15/2026,4/20/2026,118/26XK,0637/ROMANIA,Nail Rai SRL,KSK-3463,  500 ,6/19/2026
4/15/2026,4/20/2026,118/26XK,0637/ROMANIA,Nail Rai SRL,KSK-3464,  500 ,6/19/2026
4/15/2026,4/20/2026,118/26XK,0637/ROMANIA,Nail Rai SRL,KSK-3465,  500 ,6/19/2026
4/15/2026,4/20/2026,118/26XK,0637/ROMANIA,Nail Rai SRL,KSK-3466,  250 ,6/19/2026
4/15/2026,4/20/2026,118/26XK,0637/ROMANIA,Nail Rai SRL,KSS-3467,  500 ,6/19/2026
4/15/2026,4/20/2026,118/26XK,0637/ROMANIA,Nail Rai SRL,KSS-3468,  250 ,6/19/2026
4/15/2026,4/20/2026,118/26XK,0637/ROMANIA,Nail Rai SRL,KSS-3469,  500 ,6/19/2026
4/15/2026,4/20/2026,118/26XK,0637/ROMANIA,Nail Rai SRL,KSS-3470,  250 ,6/19/2026
4/15/2026,4/20/2026,118/26XK,0637/ROMANIA,Nail Rai SRL,KM2-3471,  250 ,6/19/2026
4/15/2026,4/20/2026,118/26XK,0637/ROMANIA,Nail Rai SRL,KM2-3472,  250 ,6/19/2026
4/20/2026,4/21/2026,119/26XK,0496/POLAND,APM GROUP,KD2-1857,  500 ,6/3/2026
4/20/2026,4/21/2026,120/26XK,0531/CHINA,"TONG DE INDUSTRY AND TRADE (YANGJIANG YANGDONG DISTRICT) CO., LTD",NL.202,  1.080 ,6/18/2026
4/23/2026,5/4/2026,121/26XK,0482/PORTUGAL,DANTAS CORREIA & LEITÃO LDA,KSK-1740,  600 ,6/18/2026
4/23/2026,5/4/2026,122/26XK,0620/SPAIN,Elisium Tecnology SL,KSS-3486,  500 ,5/20/2026
4/22/2026,5/4/2026,123/26XK,0002/ITALY,ALPEN DEI F.LLI GIANOLA SNC,KD3-0011,  250 ,6/22/2026
4/22/2026,5/4/2026,123/26XK,0002/ITALY,ALPEN DEI F.LLI GIANOLA SNC,KD2-0006,  750 ,6/22/2026
4/28/2026,5/4/2026,124/26XK,0380/QATAR,PROFESSIONAL GENERAL TRADING,P.09,  120 ,6/20/2026
4/28/2026,5/4/2026,124/26XK,0380/QATAR,PROFESSIONAL GENERAL TRADING,C.06-5MM,  180 ,6/20/2026
4/28/2026,5/4/2026,124/26XK,0380/QATAR,PROFESSIONAL GENERAL TRADING,C.36-5MM,  500 ,6/20/2026
4/28/2026,5/4/2026,124/26XK,0380/QATAR,PROFESSIONAL GENERAL TRADING,C.112,  60 ,6/20/2026
4/28/2026,5/4/2026,124/26XK,0380/QATAR,PROFESSIONAL GENERAL TRADING,C.114,  60 ,6/20/2026
4/28/2026,5/4/2026,124/26XK,0380/QATAR,PROFESSIONAL GENERAL TRADING,C.118,  60 ,6/20/2026
4/24/2026,5/4/2026,125/26XK,0635/CZECH,Enii private lab s.r.o ,MD.3459,  500 ,6/9/2026
4/28/2026,5/4/2026,126/26XK,0558/QATAR,Sadeem Distribution & Trading,T.09,  40 ,5/18/2026
4/28/2026,5/4/2026,126/26XK,0558/QATAR,Sadeem Distribution & Trading,P.02,  50 ,5/18/2026
4/28/2026,5/4/2026,126/26XK,0558/QATAR,Sadeem Distribution & Trading,P.03,  50 ,5/18/2026
4/28/2026,5/4/2026,126/26XK,0558/QATAR,Sadeem Distribution & Trading,P.12,  40 ,5/18/2026
4/28/2026,5/4/2026,126/26XK,0558/QATAR,Sadeem Distribution & Trading,C.03-5MM,  100 ,5/18/2026
4/28/2026,5/4/2026,126/26XK,0558/QATAR,Sadeem Distribution & Trading,C.05-5MM,  60 ,5/18/2026
4/28/2026,5/4/2026,126/26XK,0558/QATAR,Sadeem Distribution & Trading,C.05-6MM,  80 ,5/18/2026
4/28/2026,5/4/2026,126/26XK,0558/QATAR,Sadeem Distribution & Trading,C.36-5MM,  40 ,5/18/2026
4/28/2026,5/4/2026,126/26XK,0558/QATAR,Sadeem Distribution & Trading,C.36-14,  60 ,5/18/2026
4/20/2026,5/4/2026,127/26XK,0553/ISRAEL,ROYAL DENTAL,KD2-3386,  500 ,6/26/2026
4/20/2026,5/4/2026,127/26XK,0553/ISRAEL,ROYAL DENTAL,KD2-3388,  500 ,6/26/2026
4/20/2026,5/4/2026,127/26XK,0553/ISRAEL,ROYAL DENTAL,KD2-3455,  500 ,6/26/2026
4/20/2026,5/4/2026,127/26XK,0553/ISRAEL,ROYAL DENTAL,KSK-3390,  500 ,6/26/2026
4/20/2026,5/4/2026,127/26XK,0553/ISRAEL,ROYAL DENTAL,KK2-3389,  500 ,6/26/2026
4/22/2026,5/4/2026,128/26XK,0545/ITALY,CREO SRL,C.07-5mm,  720 ,6/16/2026
4/22/2026,5/4/2026,128/26XK,0545/ITALY,CREO SRL,C.07-6MM,  2.880 ,6/16/2026
4/22/2026,5/4/2026,128/26XK,0545/ITALY,CREO SRL,C.07-7MM,  720 ,6/16/2026
4/22/2026,5/4/2026,128/26XK,0545/ITALY,CREO SRL,NC.02,  1.080 ,6/16/2026
4/22/2026,5/4/2026,128/26XK,0545/ITALY,CREO SRL,P.08,  1.080 ,6/16/2026
4/29/2026,5/4/2026,129/26XK,0486/ITALIA,KUKER DI F.LLI FAZZINI S.N.C,KSB-1785,  500 ,6/13/2026
4/29/2026,5/4/2026,129/26XK,0486/ITALIA,KUKER DI F.LLI FAZZINI S.N.C,KSB-1786,  500 ,6/13/2026
3/27/2026,5/5/2026,130/26XK,0391/KOREA, Danjinail.,KD2-3406,  5.000 ,7/16/2026
4/29/2026,,131/26XK,KDQT,HÀNG TỒN,KD.705,  1.000 ,6/27/2026
4/29/2026,,131/26XK,KDQT,HÀNG TỒN,MD.3514,  500 ,9/30/2026
5/4/2026,5/6/2026,132/26XK,0467/POLAND,NAIL4U,KSS-2779,  500 ,5/26/2026
5/4/2026,5/6/2026,132/26XK,0467/POLAND,NAIL4U,KSK-1675,  500 ,5/26/2026
5/4/2026,5/6/2026,132/26XK,0467/POLAND,NAIL4U,KSK-1676,  500 ,5/26/2026
5/4/2026,5/6/2026,132/26XK,0467/POLAND,NAIL4U,KSK-1677,  500 ,5/26/2026
5/4/2026,5/6/2026,132/26XK,0467/POLAND,NAIL4U,KSK-2442,  500 ,5/26/2026
5/4/2026,5/6/2026,132/26XK,0467/POLAND,NAIL4U,KD2-1674,  500 ,5/26/2026
5/4/2026,5/6/2026,133/26XK,0327/KOREA,BEAUTY H,KD2-0741,  1.000 ,7/3/2026
5/4/2026,5/6/2026,134/26XK,0047/ITALY,GIMAP SRL,KSK-2807,  1.100 ,6/17/2026
5/4/2026,5/6/2026,134/26XK,0047/ITALY,GIMAP SRL,KSK-2863,  900 ,6/17/2026
5/4/2026,5/6/2026,134/26XK,0047/ITALY,GIMAP SRL,KD2-2-1921,  360 ,6/17/2026
3/20/2026,5/6/2026,135/26XK,0336/CHINA,"QVS Global China, LTD",KM2-0212,  1.000 ,7/18/2026
3/20/2026,5/6/2026,135/26XK,0336/CHINA,"QVS Global China, LTD",KD2-0211,  1.000 ,7/18/2026
3/20/2026,5/6/2026,135/26XK,0336/CHINA,"QVS Global China, LTD",KM2-0550,  1.000 ,7/18/2026
5/5/2026,5/6/2026,136/26XK,NNC,NNC,D.01-12,  2.520 ,7/25/2026
5/5/2026,5/6/2026,136/26XK,NNC,NNC,D.01-14,  7.200 ,7/25/2026
5/5/2026,5/6/2026,136/26XK,NNC,NNC,D.01-16,  7.200 ,7/25/2026
5/5/2026,5/6/2026,136/26XK,NNC,NNC,D.03-12,  360 ,7/25/2026
5/5/2026,5/6/2026,136/26XK,NNC,NNC,D.03-14,  7.200 ,7/25/2026
5/5/2026,5/6/2026,136/26XK,NNC,NNC,D.03-16,  7.200 ,7/25/2026
5/5/2026,5/6/2026,136/26XK,NNC,NNC,D.04-12,  360 ,7/25/2026
5/5/2026,5/6/2026,136/26XK,NNC,NNC,D.04-14,  7.200 ,7/25/2026
5/5/2026,5/6/2026,136/26XK,NNC,NNC,D.04-16,  5.400 ,7/25/2026
5/5/2026,5/6/2026,136/26XK,NNC,NNC,D.05-12,  -   ,7/25/2026
5/5/2026,5/6/2026,136/26XK,NNC,NNC,D.05-14,  720 ,7/25/2026
5/5/2026,5/6/2026,136/26XK,NNC,NNC,D.05-16,  720 ,7/25/2026
5/5/2026,5/6/2026,136/26XK,NNC,NNC,D.05V-12,  360 ,7/25/2026
5/5/2026,5/6/2026,136/26XK,NNC,NNC,D.05V-14,  -   ,7/25/2026
5/5/2026,5/6/2026,136/26XK,NNC,NNC,D.05V-16,  720 ,7/25/2026
5/5/2026,5/6/2026,136/26XK,NNC,NNC,D.06-12,  2.160 ,7/25/2026
5/5/2026,5/6/2026,136/26XK,NNC,NNC,D.06-14,  5.400 ,7/25/2026
5/5/2026,5/6/2026,136/26XK,NNC,NNC,D.06-16,  5.400 ,7/25/2026
5/5/2026,5/6/2026,136/26XK,NNC,NNC,D.07-12,  -   ,7/25/2026
5/5/2026,5/6/2026,136/26XK,NNC,NNC,D.07-14,  10.800 ,7/25/2026
5/5/2026,5/6/2026,136/26XK,NNC,NNC,D.07-16,  25.200 ,7/25/2026
5/5/2026,5/6/2026,136/26XK,NNC,NNC,D.08-12,  720 ,7/25/2026
5/5/2026,5/6/2026,136/26XK,NNC,NNC,D.08-14,  1.800 ,7/25/2026
5/5/2026,5/6/2026,136/26XK,NNC,NNC,D.08-16,  1.800 ,7/25/2026
5/5/2026,5/6/2026,136/26XK,NNC,NNC,D.09-12,  1.080 ,7/25/2026
5/5/2026,5/6/2026,136/26XK,NNC,NNC,D.09-14,  1.800 ,7/25/2026
5/5/2026,5/6/2026,136/26XK,NNC,NNC,D.09-16,  1.800 ,7/25/2026
5/5/2026,5/6/2026,136/26XK,NNC,NNC,M.01,  720 ,7/25/2026
5/5/2026,5/6/2026,136/26XK,NNC,NNC,M.03,  360 ,7/25/2026
5/5/2026,5/6/2026,136/26XK,NNC,NNC,M.04,  1.080 ,7/25/2026
5/5/2026,5/6/2026,136/26XK,NNC,NNC,D.18,  4.320 ,7/25/2026
5/5/2026,5/6/2026,136/26XK,NNC,NNC,D.501,  7.200 ,7/25/2026
5/5/2026,5/6/2026,136/26XK,NNC,NNC,D.506,  2.160 ,7/25/2026
5/5/2026,5/6/2026,136/26XK,NNC,NNC,D.555KD,  9.000 ,7/25/2026
5/5/2026,5/6/2026,136/26XK,NNC,NNC,M.501,  1.080 ,7/25/2026
5/5/2026,5/6/2026,136/26XK,NNC,NNC,M.555KD,  360 ,7/25/2026
5/5/2026,5/6/2026,136/26XK,NNC,NNC,M.18,  720 ,7/25/2026
5/5/2026,5/6/2026,136/26XK,NNC,NNC,B.901,  7.200 ,7/25/2026
5/5/2026,5/6/2026,136/26XK,NNC,NNC,B.902,  1.080 ,7/25/2026
5/5/2026,5/6/2026,136/26XK,NNC,NNC,KM.601,  720 ,7/25/2026
5/5/2026,5/6/2026,136/26XK,NNC,NNC,KM.605,  360 ,7/25/2026
5/5/2026,5/6/2026,136/26XK,NNC,NNC,N.401DO,  360 ,7/25/2026
5/5/2026,5/6/2026,136/26XK,NNC,NNC,N.401TI,  360 ,7/25/2026
5/5/2026,5/6/2026,136/26XK,NNC,NNC,N.401VD,  360 ,7/25/2026
5/5/2026,5/6/2026,136/26XK,NNC,NNC,N.401XD,  360 ,7/25/2026
5/5/2026,5/6/2026,136/26XK,NNC,NNC,N.401XL,  360 ,7/25/2026
5/5/2026,5/6/2026,136/26XK,NNC,NNC,N.406,  360 ,7/25/2026
5/5/2026,5/6/2026,136/26XK,NNC,NNC,N.407,  720 ,7/25/2026
5/5/2026,5/6/2026,136/26XK,NNC,NNC,N.408,  360 ,7/25/2026
5/5/2026,5/6/2026,136/26XK,NNC,NNC,N.409,  360 ,7/25/2026
5/5/2026,5/6/2026,136/26XK,NNC,NNC,P.15,  720 ,7/25/2026
5/5/2026,5/6/2026,136/26XK,NNC,NNC,P.17,  360 ,7/25/2026
5/5/2026,5/6/2026,136/26XK,NNC,NNC,S.505,  360 ,7/25/2026
5/5/2026,5/6/2026,136/26XK,NNC,NNC,S.506,  7.200 ,7/25/2026
5/5/2026,5/6/2026,136/26XK,NNC,NNC,S.507,  360 ,7/25/2026
5/5/2026,5/6/2026,136/26XK,NNC,NNC,S.508,  360 ,7/25/2026
5/5/2026,5/6/2026,136/26XK,NNC,NNC,S.511,  360 ,7/25/2026
5/5/2026,5/6/2026,136/26XK,NNC,NNC,S.514,  720 ,7/25/2026
5/5/2026,5/6/2026,136/26XK,NNC,NNC,S.515,  360 ,7/25/2026
5/5/2026,5/6/2026,136/26XK,NNC,NNC,N.425XD,  360 ,7/25/2026
5/5/2026,5/6/2026,136/26XK,NNC,NNC,N.425XL,  360 ,7/25/2026
5/11/2026,5/12/2026,137/26XK,0525/PANAMA,LDA BUSINESS INC 1,CL.207-5mm,  40 ,5/18/2026
5/11/2026,5/12/2026,137/26XK,0525/PANAMA,LDA BUSINESS INC 1,CL.206-7mm,  20 ,5/18/2026
5/11/2026,5/12/2026,137/26XK,0525/PANAMA,LDA BUSINESS INC 1,CL.205-7mm,  40 ,5/18/2026
5/11/2026,5/12/2026,137/26XK,0525/PANAMA,LDA BUSINESS INC 1,CL.S01-7mm,  40 ,5/18/2026
5/11/2026,5/12/2026,137/26XK,0525/PANAMA,LDA BUSINESS INC 1,NL.201,  40 ,5/18/2026
5/11/2026,5/12/2026,137/26XK,0525/PANAMA,LDA BUSINESS INC 1,CL.211-10mm,  30 ,5/18/2026
5/11/2026,5/12/2026,137/26XK,0525/PANAMA,LDA BUSINESS INC 1,NL.206,  30 ,5/18/2026
5/11/2026,5/12/2026,137/26XK,0525/PANAMA,LDA BUSINESS INC 1,NL.202,  20 ,5/18/2026
5/11/2026,5/12/2026,137/26XK,0525/PANAMA,LDA BUSINESS INC 1,C.07-3.5mm,  30 ,5/18/2026
5/11/2026,5/12/2026,137/26XK,0525/PANAMA,LDA BUSINESS INC 1,C.04-6mm,  60 ,5/18/2026
5/11/2026,5/12/2026,137/26XK,0525/PANAMA,LDA BUSINESS INC 1,NC.01,  50 ,5/18/2026
5/11/2026,5/12/2026,137/26XK,0525/PANAMA,LDA BUSINESS INC 1,NC.03,  20 ,5/18/2026
5/11/2026,5/12/2026,137/26XK,0525/PANAMA,LDA BUSINESS INC 1,KD.707,  30 ,5/18/2026
5/11/2026,5/12/2026,137/26XK,0525/PANAMA,LDA BUSINESS INC 1,KD.43,  30 ,5/18/2026
5/11/2026,5/12/2026,137/26XK,0525/PANAMA,LDA BUSINESS INC 1,KDN.721,  20 ,5/18/2026
5/11/2026,5/12/2026,137/26XK,0525/PANAMA,LDA BUSINESS INC 1,KD.716,  20 ,5/18/2026
5/11/2026,5/12/2026,137/26XK,0525/PANAMA,LDA BUSINESS INC 1,P.02,  20 ,5/18/2026
5/11/2026,5/12/2026,137/26XK,0525/PANAMA,LDA BUSINESS INC 1,P.03,  20 ,5/18/2026
5/11/2026,5/12/2026,137/26XK,0525/PANAMA,LDA BUSINESS INC 1,P.04,  10 ,5/18/2026
5/11/2026,5/12/2026,137/26XK,0525/PANAMA,LDA BUSINESS INC 1,P.10,  30 ,5/18/2026
5/11/2026,5/12/2026,137/26XK,0525/PANAMA,LDA BUSINESS INC 1,P.12,  20 ,5/18/2026
5/11/2026,5/12/2026,137/26XK,0525/PANAMA,LDA BUSINESS INC 1,P.13,  20 ,5/18/2026
5/11/2026,5/12/2026,137/26XK,0525/PANAMA,LDA BUSINESS INC 1,P.14,  20 ,5/18/2026
5/11/2026,5/12/2026,137/26XK,0525/PANAMA,LDA BUSINESS INC 1,P.15,  50 ,5/18/2026
5/11/2026,5/12/2026,137/26XK,0525/PANAMA,LDA BUSINESS INC 1,P.17,  20 ,5/18/2026
5/11/2026,5/12/2026,137/26XK,0525/PANAMA,LDA BUSINESS INC 1,P.22,  20 ,5/18/2026
5/11/2026,5/12/2026,137/26XK,0525/PANAMA,LDA BUSINESS INC 1,T.11,  30 ,5/18/2026
5/11/2026,5/12/2026,137/26XK,0525/PANAMA,LDA BUSINESS INC 1,T.03,  10 ,5/18/2026
5/11/2026,5/12/2026,137/26XK,0525/PANAMA,LDA BUSINESS INC 1,T.05,  10 ,5/18/2026
5/11/2026,5/12/2026,137/26XK,0525/PANAMA,LDA BUSINESS INC 1,KSK-3521,  10 ,5/18/2026
5/11/2026,5/12/2026,138/26XK,0559/BRAZIL,Alma Ciunelli Frutis Garcia-ME,KSK-2435,  1.500 ,7/30/2026
5/11/2026,5/12/2026,138/26XK,0559/BRAZIL,Alma Ciunelli Frutis Garcia-ME,KSK-2436,  800 ,7/30/2026
5/11/2026,5/12/2026,138/26XK,0559/BRAZIL,Alma Ciunelli Frutis Garcia-ME,KSS-2438,  500 ,7/30/2026
5/11/2026,5/12/2026,138/26XK,0559/BRAZIL,Alma Ciunelli Frutis Garcia-ME,KSS-3515,  500 ,7/30/2026
5/11/2026,5/12/2026,138/26XK,0559/BRAZIL,Alma Ciunelli Frutis Garcia-ME,KD2-3481,  500 ,7/30/2026
5/11/2026,5/12/2026,138/26XK,0559/BRAZIL,Alma Ciunelli Frutis Garcia-ME,KD2-3489,  500 ,7/30/2026
5/11/2026,5/12/2026,138/26XK,0559/BRAZIL,Alma Ciunelli Frutis Garcia-ME,KSK-3482,  500 ,7/30/2026
5/6/2026,5/12/2026,139/26XK,0592/CHILE,NAILS CHILE,P.05,  300 ,6/15/2026
5/6/2026,5/12/2026,139/26XK,0592/CHILE,NAILS CHILE,P.03,  300 ,6/15/2026
5/6/2026,5/12/2026,139/26XK,0592/CHILE,NAILS CHILE,P.24,  60 ,6/15/2026
5/6/2026,5/12/2026,139/26XK,0592/CHILE,NAILS CHILE,T.03,  60 ,6/15/2026
5/6/2026,5/12/2026,139/26XK,0592/CHILE,NAILS CHILE,T.04,  60 ,6/15/2026
5/11/2026,5/12/2026,140/26XK,0601/COLOMBIA,Adriana velez ,KD2-3249,  500 ,8/10/2026
5/11/2026,5/12/2026,140/26XK,0601/COLOMBIA,Adriana velez ,KD2-3098,  1.000 ,8/10/2026
5/11/2026,5/12/2026,140/26XK,0601/COLOMBIA,Adriana velez ,KD2-3099,  1.000 ,8/10/2026
5/11/2026,5/12/2026,140/26XK,0601/COLOMBIA,Adriana velez ,KD2-3100,  1.000 ,8/10/2026
5/11/2026,5/12/2026,140/26XK,0601/COLOMBIA,Adriana velez ,KD2-3248,  1.000 ,8/10/2026
5/11/2026,5/12/2026,140/26XK,0601/COLOMBIA,Adriana velez ,KM2-3101,  1.000 ,8/10/2026
5/11/2026,5/12/2026,140/26XK,0601/COLOMBIA,Adriana velez ,KM2-3292,  1.000 ,8/10/2026
5/11/2026,,140/26XK,0601/COLOMBIA,Adriana velez ,KSN-3257,  500 ,
5/11/2026,,140/26XK,0601/COLOMBIA,Adriana velez ,KSS-3397,  500 ,
5/11/2026,,140/26XK,0601/COLOMBIA,Adriana velez ,KSN-3103,  1.000 ,
5/11/2026,,140/26XK,0601/COLOMBIA,Adriana velez ,KSK-3033,  500 ,
5/11/2026,,140/26XK,0601/COLOMBIA,Adriana velez ,KSK-3250,  500 ,
5/11/2026,,140/26XK,0601/COLOMBIA,Adriana velez ,KSB-3293,  500 ,
5/11/2026,,140/26XK,0601/COLOMBIA,Adriana velez ,KSS-3398,  1.000 ,
5/11/2026,,140/26XK,0601/COLOMBIA,Adriana velez ,KSS-3291,  1.000 ,
5/11/2026,,141/26XK,0212/KOREA,SHINEWITH INC.,KD2-1469,  1.000 ,7/8/2026
5/7/2026,5/14/2026,142/26ND,CHAOBA,CHAOBA,B.901,  2.160 ,6/13/2026
5/7/2026,5/14/2026,142/26ND,CHAOBA,CHAOBA,B.902,  720 ,6/13/2026
5/7/2026,5/14/2026,142/26ND,CHAOBA,CHAOBA,S.504,  360 ,6/13/2026
5/7/2026,5/14/2026,142/26ND,CHAOBA,CHAOBA,S.506,  720 ,6/13/2026
5/7/2026,5/14/2026,142/26ND,CHAOBA,CHAOBA,S.515,  720 ,6/13/2026
5/7/2026,5/14/2026,142/26ND,CHAOBA,CHAOBA,S.516,  240 ,6/13/2026
5/7/2026,5/14/2026,142/26ND,CHAOBA,CHAOBA,D.01-12,  1.600 ,6/13/2026
5/7/2026,5/14/2026,142/26ND,CHAOBA,CHAOBA,D.01-14,  600 ,6/13/2026
5/7/2026,5/14/2026,142/26ND,CHAOBA,CHAOBA,D.01-16,  1.200 ,6/13/2026
5/7/2026,5/14/2026,142/26ND,CHAOBA,CHAOBA,D.03-12,  1.200 ,6/13/2026
5/7/2026,5/14/2026,142/26ND,CHAOBA,CHAOBA,D.03-14,  1.200 ,6/13/2026
5/7/2026,5/14/2026,142/26ND,CHAOBA,CHAOBA,D.03-16,  1.200 ,6/13/2026
5/7/2026,5/14/2026,142/26ND,CHAOBA,CHAOBA,D.04-12,  1.200 ,6/13/2026
5/7/2026,5/14/2026,142/26ND,CHAOBA,CHAOBA,D.04-14,  1.800 ,6/13/2026
5/7/2026,5/14/2026,142/26ND,CHAOBA,CHAOBA,D.04-16,  1.800 ,6/13/2026
5/7/2026,5/14/2026,142/26ND,CHAOBA,CHAOBA,D.05-12,  180 ,6/13/2026
5/7/2026,5/14/2026,142/26ND,CHAOBA,CHAOBA,D.05-14,  720 ,6/13/2026
5/7/2026,5/14/2026,142/26ND,CHAOBA,CHAOBA,D.05V-14,  180 ,6/13/2026
5/7/2026,5/14/2026,142/26ND,CHAOBA,CHAOBA,D.05V-16,  60 ,6/13/2026
5/7/2026,5/14/2026,142/26ND,CHAOBA,CHAOBA,D.06-12,  1.100 ,6/13/2026
5/7/2026,5/14/2026,142/26ND,CHAOBA,CHAOBA,D.06-14,  1.500 ,6/13/2026
5/7/2026,5/14/2026,142/26ND,CHAOBA,CHAOBA,D.06-16,  1.200 ,6/13/2026
5/7/2026,5/14/2026,142/26ND,CHAOBA,CHAOBA,D.07-12,  1.100 ,6/13/2026
5/7/2026,5/14/2026,142/26ND,CHAOBA,CHAOBA,D.07-14,  1.100 ,6/13/2026
5/7/2026,5/14/2026,142/26ND,CHAOBA,CHAOBA,D.07-16,  3.000 ,6/13/2026
5/7/2026,5/14/2026,142/26ND,CHAOBA,CHAOBA,D.08-12,  300 ,6/13/2026
5/7/2026,5/14/2026,142/26ND,CHAOBA,CHAOBA,D.09-12,  300 ,6/13/2026
5/7/2026,5/14/2026,142/26ND,CHAOBA,CHAOBA,D.18,  600 ,6/13/2026
5/7/2026,5/14/2026,142/26ND,CHAOBA,CHAOBA,D.555KD,  5.900 ,6/13/2026
5/7/2026,5/14/2026,142/26ND,CHAOBA,CHAOBA,D.501,  6.000 ,6/13/2026
5/6/2026,5/15/2026,143/26XK,0638/HUNGARY,Rouge Nails Professional Kft.,KSK-3488,  500 ,7/6/2026
5/6/2026,5/15/2026,144/26XK,0639/HUNGARY,Agnes-Szőnyi Majoros,KSK-3512,  500 ,7/13/2026
5/6/2026,5/15/2026,144/26XK,0639/HUNGARY,Agnes-Szőnyi Majoros,KSS-3513,  500 ,7/13/2026
5/6/2026,5/14/2026,145/26XK,0634/KAZAKHSTAN,LLP «Batir Trade»,KSK-3501,  360 ,7/11/2026
5/6/2026,5/14/2026,145/26XK,0634/KAZAKHSTAN,LLP «Batir Trade»,KSK-3502,  360 ,7/11/2026
5/6/2026,5/14/2026,145/26XK,0634/KAZAKHSTAN,LLP «Batir Trade»,KD2-3503,  360 ,7/11/2026
5/6/2026,5/14/2026,145/26XK,0634/KAZAKHSTAN,LLP «Batir Trade»,KD2-3504,  360 ,7/11/2026
5/6/2026,5/14/2026,145/26XK,0634/KAZAKHSTAN,LLP «Batir Trade»,KD2-3505,  360 ,7/11/2026
5/6/2026,5/14/2026,145/26XK,0634/KAZAKHSTAN,LLP «Batir Trade»,KD2-3506,  360 ,7/11/2026
5/6/2026,5/14/2026,145/26XK,0634/KAZAKHSTAN,LLP «Batir Trade»,KD2-3507,  360 ,7/11/2026
5/6/2026,5/14/2026,145/26XK,0634/KAZAKHSTAN,LLP «Batir Trade»,KD2-3508,  360 ,7/11/2026
5/6/2026,5/14/2026,145/26XK,0634/KAZAKHSTAN,LLP «Batir Trade»,KD2-3509,  360 ,7/11/2026
5/6/2026,5/14/2026,145/26XK,0634/KAZAKHSTAN,LLP «Batir Trade»,KSS-3510,  360 ,7/11/2026
5/6/2026,5/14/2026,145/26XK,0634/KAZAKHSTAN,LLP «Batir Trade»,KSS-3511,  360 ,7/11/2026
5/12/2026,5/15/2026,146/26XK,0035/korea,KARA BEAUTY NAIL CO.,KD2-0268,  3.000 ,7/20/2026
5/14/2026,5/15/2026,147/26XK,0311/KOREA,DANIEL COMPANY,KD2-1156,  300 ,7/25/2026
5/14/2026,5/15/2026,147/26XK,0311/KOREA,DANIEL COMPANY,KD2-0880,  700 ,7/25/2026
5/13/2026,5/15/2026,148/26XK,0342/KOREA,ROYAL NIPPER,KD2-3530,  200 ,7/27/2026
5/13/2026,5/15/2026,148/26XK,0342/KOREA,ROYAL NIPPER,KD2-3531,  500 ,7/27/2026
5/13/2026,5/15/2026,148/26XK,0342/KOREA,ROYAL NIPPER,KD2-1656,  200 ,7/27/2026
5/14/2026,5/15/2026,149/26XK,0531/CHINA,"TONG DE INDUSTRY AND TRADE (YANGJIANG YANGDONG DISTRICT) CO., LTD",KD2.2-2493,  20.000 ,7/30/2026
5/18/2026,5/19/2026,151/26xk,0380/QATAR,PROFESSIONAL GENERAL TRADING,P.09,  120 ,6/18/2026
5/18/2026,5/19/2026,151/26xk,0380/QATAR,PROFESSIONAL GENERAL TRADING,C.06-5MM,  180 ,6/18/2026
5/18/2026,5/19/2026,151/26xk,0380/QATAR,PROFESSIONAL GENERAL TRADING,C.36-5MM,  500 ,7/10/2026
5/18/2026,5/19/2026,151/26xk,0380/QATAR,PROFESSIONAL GENERAL TRADING,C.112,  60 ,6/18/2026
5/18/2026,5/19/2026,151/26xk,0380/QATAR,PROFESSIONAL GENERAL TRADING,C.114,  60 ,6/18/2026
5/18/2026,5/19/2026,151/26xk,0380/QATAR,PROFESSIONAL GENERAL TRADING,C.118,  60 ,6/18/2026
5/14/2026,5/19/2026,152/26XK,0013/ITALY,TECNIWORK S.P.A,KSS-2556,  500 ,8/7/2026
5/14/2026,5/19/2026,152/26XK,0013/ITALY,TECNIWORK S.P.A,KM3-0107,  900 ,8/7/2026
5/14/2026,5/19/2026,152/26XK,0013/ITALY,TECNIWORK S.P.A,KM3-0253,  500 ,8/7/2026
5/14/2026,5/19/2026,152/26XK,0013/ITALY,TECNIWORK S.P.A,KD3-0103,  1.000 ,8/7/2026
5/14/2026,5/19/2026,152/26XK,0013/ITALY,TECNIWORK S.P.A,KD3-0102,  1.200 ,8/7/2026
5/14/2026,5/19/2026,152/26XK,0013/ITALY,TECNIWORK S.P.A,KD3-0100,  1.400 ,8/7/2026
5/14/2026,5/19/2026,152/26XK,0013/ITALY,TECNIWORK S.P.A,KD3-0252,  600 ,8/7/2026
5/21/2026,5/22/2026,153/26XK,0555/FRANCE,OA NAIL SYSTEM,KSK-2399,  500 ,7/13/2026
5/20/2026,5/22/2026,154/26XK,0626/POLAND,Gurgul investment sp. z o.o,KD2-3400,  1.000 ,7/14/2026
5/20/2026,5/22/2026,154/26XK,0626/POLAND,Gurgul investment sp. z o.o,KSK-3402,  1.000 ,7/14/2026
5/20/2026,5/22/2026,154/26XK,0626/POLAND,Gurgul investment sp. z o.o,KD2-3401,  500 ,7/14/2026
5/20/2026,5/22/2026,154/26XK,0626/POLAND,Gurgul investment sp. z o.o,KSK-3404,  500 ,7/14/2026
5/20/2026,5/22/2026,154/26XK,0626/POLAND,Gurgul investment sp. z o.o,KSK-3403,  500 ,7/14/2026
5/15/2026,5/22/2026,155/26XK,0419/MEXICO,Oleksandr Zadorozhnyi,N.05,  180 ,7/16/2026
5/15/2026,5/22/2026,155/26XK,0419/MEXICO,Oleksandr Zadorozhnyi,N.07,  120 ,7/16/2026
5/15/2026,5/22/2026,155/26XK,0419/MEXICO,Oleksandr Zadorozhnyi,CL.S01-5MM,  240 ,7/16/2026
5/15/2026,5/22/2026,155/26XK,0419/MEXICO,Oleksandr Zadorozhnyi,NL.205,  180 ,7/16/2026
5/15/2026,5/22/2026,155/26XK,0419/MEXICO,Oleksandr Zadorozhnyi,P.04,  120 ,7/29/2026
5/15/2026,5/22/2026,155/26XK,0419/MEXICO,Oleksandr Zadorozhnyi,P.08,  120 ,7/29/2026
5/15/2026,5/22/2026,155/26XK,0419/MEXICO,Oleksandr Zadorozhnyi,P.12,  180 ,7/29/2026
5/15/2026,5/22/2026,155/26XK,0419/MEXICO,Oleksandr Zadorozhnyi,P.13,  300 ,7/29/2026
5/15/2026,5/22/2026,155/26XK,0419/MEXICO,Oleksandr Zadorozhnyi,P.17,  300 ,7/29/2026
5/15/2026,5/22/2026,155/26XK,0419/MEXICO,Oleksandr Zadorozhnyi,P.21,  120 ,7/29/2026
5/15/2026,5/22/2026,155/26XK,0419/MEXICO,Oleksandr Zadorozhnyi,P.22,  420 ,7/29/2026
5/15/2026,5/22/2026,155/26XK,0419/MEXICO,Oleksandr Zadorozhnyi,P.24,  120 ,7/29/2026
5/15/2026,5/22/2026,155/26XK,0419/MEXICO,Oleksandr Zadorozhnyi,KD.702,  300 ,7/29/2026
5/15/2026,5/22/2026,155/26XK,0419/MEXICO,Oleksandr Zadorozhnyi,KD.704,  300 ,7/29/2026
5/15/2026,5/22/2026,155/26XK,0419/MEXICO,Oleksandr Zadorozhnyi,KD.705,  300 ,7/29/2026
5/15/2026,5/22/2026,155/26XK,0419/MEXICO,Oleksandr Zadorozhnyi,KD.709,  300 ,7/29/2026
5/15/2026,5/22/2026,155/26XK,0419/MEXICO,Oleksandr Zadorozhnyi,KD.710,  300 ,7/29/2026
5/15/2026,5/22/2026,155/26XK,0419/MEXICO,Oleksandr Zadorozhnyi,KD.712,  300 ,7/29/2026
5/15/2026,5/22/2026,155/26XK,0419/MEXICO,Oleksandr Zadorozhnyi,KD.715,  300 ,7/29/2026
5/15/2026,5/22/2026,155/26XK,0419/MEXICO,Oleksandr Zadorozhnyi,KD.718,  300 ,7/29/2026
5/15/2026,5/22/2026,155/26XK,0419/MEXICO,Oleksandr Zadorozhnyi,KDN.721,  300 ,7/29/2026
5/19/2026,5/22/2026,156/26XK,0531/CHINA,"TONG DE INDUSTRY AND TRADE (YANGJIANG YANGDONG DISTRICT) CO., LTD",KSK-1846,  1.000 ,7/21/2026
5/19/2026,5/22/2026,156/26XK,0531/CHINA,"TONG DE INDUSTRY AND TRADE (YANGJIANG YANGDONG DISTRICT) CO., LTD",KSK-2975,  500 ,7/21/2026
5/25/2026,5/26/2026,163/26ND,B2B,SIÊU THANH,BQT.CCST 2026,  30 ,6/13/2026
5/25/2026,5/26/2026,163/26ND,B2B,SIÊU THANH,BQT ST 2026,  300 ,6/13/2026
5/25/2026,5/26/2026,163/26ND1,B2B,SIÊU THANH,BQT.CCST 2026,  30 ,9/9/2026
5/25/2026,5/26/2026,163/26ND1,B2B,SIÊU THANH,BQT ST 2026,  300 ,9/9/2026
5/25/2026,5/26/2026,163/26ND2,B2B,SIÊU THANH,BQT.CCST 2026,  40 ,12/9/2026
5/25/2026,5/26/2026,163/26ND2,B2B,SIÊU THANH,BQT ST 2026,  400 ,12/9/2026
2/26/2026,5/26/2026,159/26XK,0336/CHINA,"QVS Global China, LTD",KSS-0228,  1.000 ,8/30/2026
2/26/2026,5/26/2026,159/26XK,0336/CHINA,"QVS Global China, LTD",KSS-0213,  1.000 ,8/30/2026
5/22/2026,5/26/2026,160/26XK,0621/SLOVENIA,TORRA S.R.O,KD.706,  100 ,7/4/2026
5/22/2026,5/26/2026,160/26XK,0621/SLOVENIA,TORRA S.R.O,KD.714,  100 ,7/4/2026
5/19/2026,5/26/2026,161/26XK,0543/LITHUANIA,UAB “Plienas Meistras”,KSS-2707,  150 ,7/22/2026
5/19/2026,5/26/2026,161/26XK,0543/LITHUANIA,UAB “Plienas Meistras”,KSK-2285,  200 ,7/22/2026
5/19/2026,5/26/2026,161/26XK,0543/LITHUANIA,UAB “Plienas Meistras”,KSK-2286,  200 ,7/22/2026
5/19/2026,5/26/2026,161/26XK,0543/LITHUANIA,UAB “Plienas Meistras”,KSK-2284,  1.000 ,7/22/2026
5/22/2026,5/26/2026,157/26XK,0536/SING,Maximus Zhao Marketing (S) Pte. Ltd,C.112,  3.000 ,7/15/2026
3/10/2026,5/27/2026,162/26XK,0026/GERMANY,ZWILLING Beauty Group GmbH,KSS-0367,  3.000 ,8/30/2026
3/3/2026,5/27/2026,167/26XK,0026/GERMANY,ZWILLING Beauty Group GmbH,KSD-0362,  10.200 ,9/30/2026
3/3/2026,5/27/2026,164/26XK,0562/KOREA," SJ NAIL Co., Ltd.",C.07-6MM,  2.000 ,6/27/2026
5/26/2026,5/27/2026,165/26XK,0336/CHINA,"QVS Global China, LTD",KD2-0211,  2.000 ,8/8/2026
5/27/2026,5/27/2026,166/26XK,0343/KOREA,SHINY GLOBAL,KD2-0805,  476 ,8/10/2026
5/27/2026,5/27/2026,166/26XK,0343/KOREA,SHINY GLOBAL,KD3-1115,  406 ,8/10/2026
5/27/2026,5/27/2026,166/26XK,0343/KOREA,SHINY GLOBAL,KD2-0903,  191 ,8/10/2026
5/26/2026,5/29/2026,168/26XK,0502/italy,MOROCUTTI GIOVANNI SRL,KD2-1892,  600 ,7/17/2026
5/26/2026,5/29/2026,168/26XK,0502/italy,MOROCUTTI GIOVANNI SRL,KD2-1893,  360 ,7/17/2026
5/26/2026,5/29/2026,168/26XK,0502/italy,MOROCUTTI GIOVANNI SRL,KM2-1890,  500 ,7/17/2026
5/19/2026,5/26/2026,161/26XK,0543/LITHUANIA,UAB “Plienas Meistras”,KSK-3218,  100 ,7/22/2026
5/20/2026,6/23/2026,169/26XK,0211/JAPAN,MARUTO HASEGAWA KOSAKUJO INC.,KSK-0490,  500 ,7/30/2026
5/20/2026,6/23/2026,169/26XK,0211/JAPAN,MARUTO HASEGAWA KOSAKUJO INC.,KSK-0484,  500 ,7/30/2026
5/29/2026,,170/26XK,0640/VENEZUELA,Klyss Professional ,KD2-3548,  500 ,7/20/2026
5/29/2026,,170/26XK,0640/VENEZUELA,Klyss Professional ,KSK-3547,  500 ,9/4/2026
5/29/2026,,170/26XK,0640/VENEZUELA,Klyss Professional ,KSK-3549,  500 ,9/4/2026
5/29/2026,,171/26XK,0503/SPAIN,Salón manicura y pedicura Siberia S.L.,KSS-3105,  500 ,7/31/2026
5/29/2026,,171/26XK,0503/SPAIN,Salón manicura y pedicura Siberia S.L.,KSK-1899,  500 ,7/31/2026
6/2/2026,6/3/2026,172/26ND,GT,GT,MD.QT,  300 ,6/9/2026
5/29/2026,6/3/2026,173/26XK,0026/GERMANY,ZWILLING Beauty Group GmbH,KM2-0212,  4.000 ,8/17/2026
6/2/2026,6/3/2026,174/26XK,0210/JAPAN,"BEAUTY NAILER CO.,LTD.",P.04,  1.000 ,7/17/2026
5/29/2026,6/3/2026,175/26XK,0265/RUSSIA,IP Alekseeva T.S. Alekseeva Tat`yana Stanislavovna (LACTICS 5),KSB-3525,  3.000 ,7/31/2026
5/29/2026,6/3/2026,175/26XK,0265/RUSSIA,IP Alekseeva T.S. Alekseeva Tat`yana Stanislavovna (LACTICS 5),KSB-3526,  3.000 ,7/31/2026
5/29/2026,6/3/2026,175/26XK,0265/RUSSIA,IP Alekseeva T.S. Alekseeva Tat`yana Stanislavovna (LACTICS 5),KD2-3527,  3.000 ,8/7/2026
6/1/2026,6/3/2026,176/26XK,0289/POLAND,Elarto Elzbieta Trzeciak,KD2-0719,  600 ,7/21/2026
6/2/2026,6/3/2026,177/26XK,0556/KOREA,BY DONY,KD2-3236,  500 ,7/25/2026
5/29/2026,6/3/2026,178/26XK,0410/PAT,SETACO FOR IMPORT AND EXPORT (Patrick Ricco ),KDT-1317,  1.080 ,7/23/2026
5/29/2026,6/3/2026,178/26XK,0410/PAT,SETACO FOR IMPORT AND EXPORT (Patrick Ricco ),KDT-1602,  720 ,7/23/2026
5/29/2026,6/3/2026,178/26XK,0410/PAT,SETACO FOR IMPORT AND EXPORT (Patrick Ricco ),KD2-1316,  20 ,7/23/2026
5/29/2026,6/3/2026,178/26XK,0410/PAT,SETACO FOR IMPORT AND EXPORT (Patrick Ricco ),KSS-1586,  360 ,7/23/2026
5/29/2026,6/3/2026,178/26XK,0410/PAT,SETACO FOR IMPORT AND EXPORT (Patrick Ricco ),KD2-2-3546,  720 ,7/23/2026
5/29/2026,,179/26XK,0641/UK,Diva Beauty Studio LTD,KSK-3539,  500 ,8/20/2026
6/1/2026,,180/26XK,0442/MOLDOVA,GOLUB STIL,KSK-1701,  500 ,
6/1/2026,,180/26XK,0442/MOLDOVA,GOLUB STIL,KSK-1702,  500 ,
6/1/2026,,180/26XK,0442/MOLDOVA,GOLUB STIL,KSK-1703,  500 ,
6/1/2026,,180/26XK,0442/MOLDOVA,GOLUB STIL,KSK-1704,  500 ,
6/1/2026,,180/26XK,0442/MOLDOVA,GOLUB STIL,KSK-1705,  500 ,
6/1/2026,,180/26XK,0442/MOLDOVA,GOLUB STIL,KSK-1706,  500 ,
6/1/2026,,180/26XK,0442/MOLDOVA,GOLUB STIL,KSK-1707,  500 ,
6/1/2026,,180/26XK,0442/MOLDOVA,GOLUB STIL,KSK-3540,  500 ,
6/1/2026,,180/26XK,0442/MOLDOVA,GOLUB STIL,KSK-3541,  500 ,
6/1/2026,,180/26XK,0442/MOLDOVA,GOLUB STIL,KSK-3542,  500 ,
6/1/2026,,180/26XK,0442/MOLDOVA,GOLUB STIL,KSS-1477,  500 ,
6/1/2026,,180/26XK,0442/MOLDOVA,GOLUB STIL,KSK-3543,  500 ,
6/1/2026,,180/26XK,0442/MOLDOVA,GOLUB STIL,KSS-3544,  500 ,
6/1/2026,,180/26XK,0442/MOLDOVA,GOLUB STIL,KSS-3545,  500 ,
5/29/2026,6/4/2026,181/26XK,0393/RUSSIA,LLC RINGO,KD2-1118,  4.000 ,8/15/2026
5/29/2026,6/4/2026,181/26XK,0393/RUSSIA,LLC RINGO,KD2-1120,  1.000 ,8/15/2026
5/29/2026,6/4/2026,181/26XK,0393/RUSSIA,LLC RINGO,KD2-1544,  1.000 ,8/15/2026
5/29/2026,6/4/2026,181/26XK,0393/RUSSIA,LLC RINGO,KD2-1124,  1.000 ,8/15/2026
5/29/2026,6/4/2026,181/26XK,0393/RUSSIA,LLC RINGO,KD2-1123,  1.000 ,8/15/2026
5/29/2026,6/4/2026,181/26XK,0393/RUSSIA,LLC RINGO,KD2-1127,  1.000 ,8/15/2026
5/29/2026,6/4/2026,181/26XK,0393/RUSSIA,LLC RINGO,KD2-1128,  2.000 ,8/15/2026
5/29/2026,6/4/2026,181/26XK,0393/RUSSIA,LLC RINGO,KD2-1131,  1.000 ,8/15/2026
5/29/2026,6/4/2026,181/26XK,0393/RUSSIA,LLC RINGO,KD2-1548,  1.500 ,8/15/2026
5/29/2026,6/4/2026,181/26XK,0393/RUSSIA,LLC RINGO,KD2-1063,  1.000 ,8/15/2026
5/29/2026,6/4/2026,181/26XK,0393/RUSSIA,LLC RINGO,KD2-1551,  1.000 ,8/15/2026
5/29/2026,6/4/2026,181/26XK,0393/RUSSIA,LLC RINGO,KD2-1144,  1.000 ,8/15/2026
5/29/2026,6/4/2026,181/26XK,0393/RUSSIA,LLC RINGO,KD2-1549,  1.500 ,8/15/2026
5/29/2026,,181/26XK,0393/RUSSIA,LLC RINGO,KK2-1180,  1.000 ,
5/29/2026,6/4/2026,181/26XK,0393/RUSSIA,LLC RINGO,KM2-1176,  1.000 ,8/15/2026
5/29/2026,6/4/2026,181/26XK,0393/RUSSIA,LLC RINGO,KD2-2-1119,  1.000 ,8/15/2026
5/29/2026,6/4/2026,181/26XK,0393/RUSSIA,LLC RINGO,KD2-2-1118,  1.000 ,8/15/2026
5/29/2026,6/4/2026,181/26XK,0393/RUSSIA,LLC RINGO,KD2-2-1121,  3.000 ,8/15/2026
5/29/2026,6/4/2026,181/26XK,0393/RUSSIA,LLC RINGO,KD2-2-1120,  1.000 ,8/15/2026
5/29/2026,6/4/2026,181/26XK,0393/RUSSIA,LLC RINGO,KD2-2-1123,  3.000 ,8/15/2026
5/29/2026,6/4/2026,181/26XK,0393/RUSSIA,LLC RINGO,KD2-2-1125,  1.000 ,8/15/2026
5/29/2026,6/4/2026,181/26XK,0393/RUSSIA,LLC RINGO,KD2-2-1124,  3.000 ,8/15/2026
5/29/2026,6/4/2026,181/26XK,0393/RUSSIA,LLC RINGO,KD2-2-1126,  1.000 ,8/15/2026
5/29/2026,6/4/2026,181/26XK,0393/RUSSIA,LLC RINGO,KD2-2-1129,  1.000 ,8/15/2026
5/29/2026,6/4/2026,181/26XK,0393/RUSSIA,LLC RINGO,KD2-2-1128,  2.000 ,8/15/2026
5/29/2026,6/4/2026,181/26XK,0393/RUSSIA,LLC RINGO,KD2-2-1131,  1.000 ,8/15/2026
5/29/2026,6/4/2026,181/26XK,0393/RUSSIA,LLC RINGO,KD2-2-1130,  1.500 ,8/15/2026
5/29/2026,6/4/2026,181/26XK,0393/RUSSIA,LLC RINGO,KD2-2-1133,  1.000 ,8/15/2026
5/29/2026,6/4/2026,181/26XK,0393/RUSSIA,LLC RINGO,KD2-2-1132,  1.000 ,8/15/2026
5/29/2026,,181/26XK,0393/RUSSIA,LLC RINGO,KM2-3480,  1.500 ,9/6/2026
6/2/2026,6/8/2026,182/26XK,GT,MẪU CHỤP HÌNH,C.111,  5 ,6/20/2026
6/2/2026,6/8/2026,182/26XK,GT,MẪU CHỤP HÌNH,C.112,  5 ,6/20/2026
6/2/2026,6/8/2026,182/26XK,GT,MẪU CHỤP HÌNH,C.114,  4 ,6/20/2026
6/2/2026,6/8/2026,182/26XK,GT,MẪU CHỤP HÌNH,C.118,  4 ,6/20/2026
6/2/2026,6/8/2026,182/26XK,GT,MẪU CHỤP HÌNH,MD.32,  5 ,6/20/2026
6/2/2026,6/8/2026,182/26XK,GT,MẪU CHỤP HÌNH,N.111,  5 ,6/20/2026
6/2/2026,6/8/2026,182/26XK,GT,MẪU CHỤP HÌNH,N.112,  5 ,6/20/2026
6/2/2026,6/8/2026,182/26XK,GT,MẪU CHỤP HÌNH,N.118,  5 ,6/20/2026
6/2/2026,6/8/2026,182/26XK,GT,MẪU CHỤP HÌNH,CL.201-5mm,  5 ,6/20/2026
6/2/2026,6/8/2026,182/26XK,GT,MẪU CHỤP HÌNH,CL.201GR-5mm,  2 ,6/20/2026
6/2/2026,6/8/2026,182/26XK,GT,MẪU CHỤP HÌNH,CL.203-5mm,  2 ,6/20/2026
6/2/2026,6/8/2026,182/26XK,GT,MẪU CHỤP HÌNH,CL.211-10mm,  3 ,6/20/2026
6/2/2026,6/8/2026,182/26XK,GT,MẪU CHỤP HÌNH,CL.223-8mm,  5 ,6/20/2026
6/2/2026,6/8/2026,182/26XK,GT,MẪU CHỤP HÌNH,NB.102,  5 ,6/20/2026
6/2/2026,6/8/2026,182/26XK,GT,MẪU CHỤP HÌNH,NB.106,  5 ,6/20/2026
6/2/2026,6/8/2026,182/26XK,GT,MẪU CHỤP HÌNH,NB.107,  5 ,6/20/2026
6/2/2026,6/8/2026,182/26XK,GT,MẪU CHỤP HÌNH,NL.102,  5 ,6/20/2026
6/2/2026,6/8/2026,182/26XK,GT,MẪU CHỤP HÌNH,NL.206,  5 ,6/20/2026
6/2/2026,6/8/2026,182/26XK,GT,MẪU CHỤP HÌNH,NL.207,  5 ,6/20/2026
6/2/2026,6/8/2026,182/26XK,GT,MẪU CHỤP HÌNH,C.03-5mm,  2 ,6/20/2026
6/2/2026,6/8/2026,182/26XK,GT,MẪU CHỤP HÌNH,C.03-7mm,  2 ,6/20/2026
6/2/2026,6/8/2026,182/26XK,GT,MẪU CHỤP HÌNH,C.04-5mm,  2 ,6/20/2026
6/2/2026,6/8/2026,182/26XK,GT,MẪU CHỤP HÌNH,C.04-6mm,  1 ,6/20/2026
6/2/2026,6/8/2026,182/26XK,GT,MẪU CHỤP HÌNH,C.04-7mm,  2 ,6/20/2026
6/2/2026,6/8/2026,182/26XK,GT,MẪU CHỤP HÌNH,C.05-5mm,  2 ,6/20/2026
6/2/2026,6/8/2026,182/26XK,GT,MẪU CHỤP HÌNH,C.05-6mm,  1 ,6/20/2026
6/2/2026,6/8/2026,182/26XK,GT,MẪU CHỤP HÌNH,C.05-7mm,  2 ,6/20/2026
6/2/2026,6/8/2026,182/26XK,GT,MẪU CHỤP HÌNH,C.06-5mm,  2 ,6/20/2026
6/2/2026,6/8/2026,182/26XK,GT,MẪU CHỤP HÌNH,C.06-6mm,  1 ,6/20/2026
6/2/2026,6/8/2026,182/26XK,GT,MẪU CHỤP HÌNH,C.06-7mm,  2 ,6/20/2026
6/2/2026,6/8/2026,182/26XK,GT,MẪU CHỤP HÌNH,C.07-5mm,  2 ,6/20/2026
6/2/2026,6/8/2026,182/26XK,GT,MẪU CHỤP HÌNH,C.07-6mm,  1 ,6/20/2026
6/2/2026,6/8/2026,182/26XK,GT,MẪU CHỤP HÌNH,C.07-7mm,  2 ,6/20/2026
6/2/2026,6/8/2026,182/26XK,GT,MẪU CHỤP HÌNH,C.08-5mm,  2 ,6/20/2026
6/2/2026,6/8/2026,182/26XK,GT,MẪU CHỤP HÌNH,C.08-6mm,  1 ,6/20/2026
6/2/2026,6/8/2026,182/26XK,GT,MẪU CHỤP HÌNH,C.08-7mm,  2 ,6/20/2026
6/2/2026,6/8/2026,182/26XK,GT,MẪU CHỤP HÌNH,C.35-5mm,  2 ,6/20/2026
6/2/2026,6/8/2026,182/26XK,GT,MẪU CHỤP HÌNH,C.35-6mm,  1 ,6/20/2026
6/2/2026,6/8/2026,182/26XK,GT,MẪU CHỤP HÌNH,C.35-7mm,  2 ,6/20/2026
6/2/2026,6/8/2026,182/26XK,GT,MẪU CHỤP HÌNH,C.36-5mm,  2 ,6/20/2026
6/2/2026,6/8/2026,182/26XK,GT,MẪU CHỤP HÌNH,C.36-6mm,  1 ,6/20/2026
6/2/2026,6/8/2026,182/26XK,GT,MẪU CHỤP HÌNH,C.36-7mm,  2 ,6/20/2026
6/2/2026,6/8/2026,182/26XK,GT,MẪU CHỤP HÌNH,C.37-5mm,  2 ,6/20/2026
6/2/2026,6/8/2026,182/26XK,GT,MẪU CHỤP HÌNH,C.37-6mm,  1 ,6/20/2026
6/2/2026,6/8/2026,182/26XK,GT,MẪU CHỤP HÌNH,C.37-7mm,  2 ,6/20/2026
6/2/2026,6/8/2026,182/26XK,GT,MẪU CHỤP HÌNH,CL.205-5mm,  2 ,6/20/2026
6/2/2026,6/8/2026,182/26XK,GT,MẪU CHỤP HÌNH,CL.205-6mm,  1 ,6/20/2026
6/2/2026,6/8/2026,182/26XK,GT,MẪU CHỤP HÌNH,CL.205-7mm,  2 ,6/20/2026
6/2/2026,6/8/2026,182/26XK,GT,MẪU CHỤP HÌNH,CL.206-5mm,  2 ,6/20/2026
6/2/2026,6/8/2026,182/26XK,GT,MẪU CHỤP HÌNH,CL.206-6mm,  1 ,6/20/2026
6/2/2026,6/8/2026,182/26XK,GT,MẪU CHỤP HÌNH,CL.206-7mm,  2 ,6/20/2026
6/2/2026,6/8/2026,182/26XK,GT,MẪU CHỤP HÌNH,CL.207-10mm,  2 ,6/20/2026
6/2/2026,6/8/2026,182/26XK,GT,MẪU CHỤP HÌNH,CL.207-5mm,  2 ,6/20/2026
6/2/2026,6/8/2026,182/26XK,GT,MẪU CHỤP HÌNH,CL.209-12mm,  4 ,6/20/2026
6/2/2026,6/8/2026,182/26XK,GT,MẪU CHỤP HÌNH,CL.210-12mm,  3 ,6/20/2026
6/2/2026,6/8/2026,182/26XK,GT,MẪU CHỤP HÌNH,CL.212-8mm,  3 ,6/20/2026
6/2/2026,6/8/2026,182/26XK,GT,MẪU CHỤP HÌNH,CL.213-10mm,  2 ,6/20/2026
6/2/2026,6/8/2026,182/26XK,GT,MẪU CHỤP HÌNH,CL.214-10mm,  3 ,6/20/2026
6/2/2026,6/8/2026,182/26XK,GT,MẪU CHỤP HÌNH,CL.215-10mm,  4 ,6/20/2026
6/2/2026,6/8/2026,182/26XK,GT,MẪU CHỤP HÌNH,CL.221-10mm,  5 ,6/20/2026
6/2/2026,6/8/2026,182/26XK,GT,MẪU CHỤP HÌNH,CL.S01-5mm,  2 ,6/20/2026
6/2/2026,6/8/2026,182/26XK,GT,MẪU CHỤP HÌNH,CL.S01-7mm,  2 ,6/20/2026
6/2/2026,6/8/2026,182/26XK,GT,MẪU CHỤP HÌNH,CL.S02-5mm,  5 ,6/20/2026
6/2/2026,6/8/2026,182/26XK,GT,MẪU CHỤP HÌNH,MD.33,  5 ,6/20/2026
6/2/2026,6/8/2026,182/26XK,GT,MẪU CHỤP HÌNH,NL.201,  5 ,6/20/2026
6/2/2026,6/8/2026,182/26XK,GT,MẪU CHỤP HÌNH,NL.202,  5 ,6/20/2026
6/2/2026,6/8/2026,182/26XK,GT,MẪU CHỤP HÌNH,NL.203,  5 ,6/20/2026
6/2/2026,6/8/2026,182/26XK,GT,MẪU CHỤP HÌNH,NL.204,  5 ,6/20/2026
6/2/2026,6/8/2026,182/26XK,GT,MẪU CHỤP HÌNH,NL.205,  5 ,6/20/2026
6/2/2026,6/8/2026,182/26XK,GT,MẪU CHỤP HÌNH,NL.208,  5 ,6/20/2026
6/2/2026,6/8/2026,182/26XK,GT,MẪU CHỤP HÌNH,NL.209,  5 ,6/20/2026
6/2/2026,6/8/2026,182/26XK,GT,MẪU CHỤP HÌNH,NL.210,  3 ,6/20/2026
6/2/2026,6/8/2026,182/26XK,GT,MẪU CHỤP HÌNH,D.05V-12,  2 ,6/20/2026
6/2/2026,6/8/2026,182/26XK,GT,MẪU CHỤP HÌNH,D.05V-14,  1 ,6/20/2026
6/2/2026,6/8/2026,182/26XK,GT,MẪU CHỤP HÌNH,D.05V-16,  2 ,6/20/2026
6/2/2026,6/8/2026,182/26XK,GT,MẪU CHỤP HÌNH,D.05-12,  2 ,6/20/2026
6/2/2026,6/8/2026,182/26XK,GT,MẪU CHỤP HÌNH,D.05-14,  1 ,6/20/2026
6/2/2026,6/8/2026,182/26XK,GT,MẪU CHỤP HÌNH,D.05-16,  2 ,6/20/2026
6/2/2026,6/8/2026,182/26XK,GT,MẪU CHỤP HÌNH,P.15,  5 ,6/20/2026
6/2/2026,6/8/2026,182/26XK,GT,MẪU CHỤP HÌNH,P.17,  5 ,6/20/2026
6/2/2026,6/8/2026,182/26XK,GT,MẪU CHỤP HÌNH,T.10,  5 ,6/20/2026
6/2/2026,6/8/2026,182/26XK,GT,MẪU CHỤP HÌNH,GS.EVO-01,  3 ,6/20/2026
6/2/2026,6/8/2026,182/26XK,GT,MẪU CHỤP HÌNH,B.916C-HO,  1 ,6/20/2026
6/2/2026,6/8/2026,182/26XK,GT,MẪU CHỤP HÌNH,B.916C-TR,  2 ,6/20/2026
6/2/2026,6/8/2026,182/26XK,GT,MẪU CHỤP HÌNH,B.916C-VA,  1 ,6/20/2026
6/2/2026,6/8/2026,182/26XK,GT,MẪU CHỤP HÌNH,B.916C-XL,  1 ,6/20/2026
6/2/2026,6/8/2026,182/26XK,GT,MẪU CHỤP HÌNH,ES.01,  5 ,6/20/2026
6/2/2026,6/8/2026,182/26XK,GT,MẪU CHỤP HÌNH,ES.03,  5 ,6/20/2026
6/2/2026,6/8/2026,182/26XK,GT,MẪU CHỤP HÌNH,ES.04,  5 ,6/20/2026
6/2/2026,6/8/2026,182/26XK,GT,MẪU CHỤP HÌNH,ES.05,  5 ,6/20/2026
6/2/2026,6/8/2026,182/26XK,GT,MẪU CHỤP HÌNH,KD.43,  2 ,6/20/2026
6/2/2026,6/8/2026,182/26XK,GT,MẪU CHỤP HÌNH,KD.701,  4 ,6/20/2026
6/2/2026,6/8/2026,182/26XK,GT,MẪU CHỤP HÌNH,KD.702,  5 ,6/20/2026
6/2/2026,6/8/2026,182/26XK,GT,MẪU CHỤP HÌNH,KD.703,  5 ,6/20/2026
6/2/2026,6/8/2026,182/26XK,GT,MẪU CHỤP HÌNH,KD.704,  5 ,6/20/2026
6/2/2026,6/8/2026,182/26XK,GT,MẪU CHỤP HÌNH,KD.705,  4 ,6/20/2026
6/2/2026,6/8/2026,182/26XK,GT,MẪU CHỤP HÌNH,KD.706,  5 ,6/20/2026
6/2/2026,6/8/2026,182/26XK,GT,MẪU CHỤP HÌNH,KD.707,  4 ,6/20/2026
6/2/2026,6/8/2026,182/26XK,GT,MẪU CHỤP HÌNH,KD.708,  4 ,6/20/2026
6/2/2026,6/8/2026,182/26XK,GT,MẪU CHỤP HÌNH,KD.709,  5 ,6/20/2026
6/2/2026,6/8/2026,182/26XK,GT,MẪU CHỤP HÌNH,KD.710,  5 ,6/20/2026
6/2/2026,6/8/2026,182/26XK,GT,MẪU CHỤP HÌNH,KD.711,  5 ,6/20/2026
6/2/2026,6/8/2026,182/26XK,GT,MẪU CHỤP HÌNH,KD.712,  4 ,6/20/2026
6/2/2026,6/8/2026,182/26XK,GT,MẪU CHỤP HÌNH,KD.714,  5 ,6/20/2026
6/2/2026,6/8/2026,182/26XK,GT,MẪU CHỤP HÌNH,KD.715,  5 ,6/20/2026
6/2/2026,6/8/2026,182/26XK,GT,MẪU CHỤP HÌNH,KD.716,  4 ,6/20/2026
6/2/2026,6/8/2026,182/26XK,GT,MẪU CHỤP HÌNH,KD.718,  5 ,6/20/2026
6/2/2026,6/8/2026,182/26XK,GT,MẪU CHỤP HÌNH,KDM.713,  5 ,6/20/2026
6/2/2026,6/8/2026,182/26XK,GT,MẪU CHỤP HÌNH,KDM.717,  5 ,6/20/2026
6/2/2026,6/8/2026,182/26XK,GT,MẪU CHỤP HÌNH,KDN.720,  5 ,6/20/2026
6/2/2026,6/8/2026,182/26XK,GT,MẪU CHỤP HÌNH,KDN.721,  5 ,6/20/2026
6/2/2026,6/8/2026,182/26XK,GT,MẪU CHỤP HÌNH,NC.01,  5 ,6/20/2026
6/2/2026,6/8/2026,182/26XK,GT,MẪU CHỤP HÌNH,NC.02,  5 ,6/20/2026
6/2/2026,6/8/2026,182/26XK,GT,MẪU CHỤP HÌNH,NC.03,  5 ,6/20/2026
6/2/2026,6/8/2026,182/26XK,GT,MẪU CHỤP HÌNH,NC.04,  5 ,6/20/2026
6/2/2026,6/8/2026,182/26XK,GT,MẪU CHỤP HÌNH,NC.05,  5 ,6/20/2026
6/2/2026,6/8/2026,182/26XK,GT,MẪU CHỤP HÌNH,NC.06,  5 ,6/20/2026
6/2/2026,6/8/2026,182/26XK,GT,MẪU CHỤP HÌNH,P.01,  5 ,6/20/2026
6/2/2026,6/8/2026,182/26XK,GT,MẪU CHỤP HÌNH,P.02,  5 ,6/20/2026
6/2/2026,6/8/2026,182/26XK,GT,MẪU CHỤP HÌNH,P.03,  5 ,6/20/2026
6/2/2026,6/8/2026,182/26XK,GT,MẪU CHỤP HÌNH,P.04,  5 ,6/20/2026
6/2/2026,6/8/2026,182/26XK,GT,MẪU CHỤP HÌNH,P.05,  5 ,6/20/2026
6/2/2026,6/8/2026,182/26XK,GT,MẪU CHỤP HÌNH,P.08,  5 ,6/20/2026
6/2/2026,6/8/2026,182/26XK,GT,MẪU CHỤP HÌNH,P.09,  5 ,6/20/2026
6/2/2026,6/8/2026,182/26XK,GT,MẪU CHỤP HÌNH,P.10,  5 ,6/20/2026
6/2/2026,6/8/2026,182/26XK,GT,MẪU CHỤP HÌNH,P.12,  3 ,6/20/2026
6/2/2026,6/8/2026,182/26XK,GT,MẪU CHỤP HÌNH,P.13,  4 ,6/20/2026
6/2/2026,6/8/2026,182/26XK,GT,MẪU CHỤP HÌNH,P.14,  4 ,6/20/2026
6/2/2026,6/8/2026,182/26XK,GT,MẪU CHỤP HÌNH,P.19,  5 ,6/20/2026
6/2/2026,6/8/2026,182/26XK,GT,MẪU CHỤP HÌNH,P.20,  5 ,6/20/2026
6/2/2026,6/8/2026,182/26XK,GT,MẪU CHỤP HÌNH,P.21,  5 ,6/20/2026
6/2/2026,6/8/2026,182/26XK,GT,MẪU CHỤP HÌNH,P.22,  5 ,6/20/2026
6/2/2026,6/8/2026,182/26XK,GT,MẪU CHỤP HÌNH,P.24,  4 ,6/20/2026
6/2/2026,6/8/2026,182/26XK,GT,MẪU CHỤP HÌNH,T.01BL,  1 ,6/20/2026
6/2/2026,6/8/2026,182/26XK,GT,MẪU CHỤP HÌNH,T.01BO,  1 ,6/20/2026
6/2/2026,6/8/2026,182/26XK,GT,MẪU CHỤP HÌNH,T.01GR,  1 ,6/20/2026
6/2/2026,6/8/2026,182/26XK,GT,MẪU CHỤP HÌNH,T.01PU,  1 ,6/20/2026
6/2/2026,6/8/2026,182/26XK,GT,MẪU CHỤP HÌNH,T.01RE,  1 ,6/20/2026
6/2/2026,6/8/2026,182/26XK,GT,MẪU CHỤP HÌNH,T.02,  5 ,6/20/2026
6/2/2026,6/8/2026,182/26XK,GT,MẪU CHỤP HÌNH,T.03,  5 ,6/20/2026
6/2/2026,6/8/2026,182/26XK,GT,MẪU CHỤP HÌNH,T.04,  5 ,6/20/2026
6/2/2026,6/8/2026,182/26XK,GT,MẪU CHỤP HÌNH,T.05,  5 ,6/20/2026
6/2/2026,6/8/2026,182/26XK,GT,MẪU CHỤP HÌNH,T.06,  5 ,6/20/2026
6/2/2026,6/8/2026,182/26XK,GT,MẪU CHỤP HÌNH,T.07,  5 ,6/20/2026
6/2/2026,6/8/2026,182/26XK,GT,MẪU CHỤP HÌNH,T.08,  5 ,6/20/2026
6/2/2026,6/8/2026,182/26XK,GT,MẪU CHỤP HÌNH,T.09,  5 ,6/20/2026
6/2/2026,6/8/2026,182/26XK,GT,MẪU CHỤP HÌNH,T.11,  5 ,6/20/2026
6/2/2026,,183/26XK,0608/BELGIUM,STALENA,KSS-3298,  500 ,
6/2/2026,,183/26XK,0608/BELGIUM,STALENA,KSS-3550,  600 ,
6/9/2026,,184/26XK,0536/FRANCE,ElyaMaje,KSK-2160,  600 ,8/25/2026
6/9/2026,,184/26XK,0536/FRANCE,ElyaMaje,KSK-2175,  720 ,8/25/2026
6/9/2026,,185/26xk,0539/GERMANY,Heiko Wild,KSK-3551,  1.000 ,7/19/2026
6/6/2026,,186/26XK,0531/CHINA,"TONG DE INDUSTRY AND TRADE (YANGJIANG YANGDONG DISTRICT) CO., LTD",KD2.2-2493,  40.000 ,9/12/2026
6/9/2026,6/11/2026,187/26XK,NNC,NNC,B.901,  10.800 ,8/25/2026
6/9/2026,6/11/2026,187/26XK,NNC,NNC,B.902,  -   ,8/25/2026
6/9/2026,6/11/2026,187/26XK,NNC,NNC,B.916C-HO,  360 ,8/25/2026
6/9/2026,6/11/2026,187/26XK,NNC,NNC,B.916C-TR,  360 ,8/25/2026
6/9/2026,6/11/2026,187/26XK,NNC,NNC,B.916C-XL,  360 ,8/25/2026
6/9/2026,6/11/2026,187/26XK,NNC,NNC,B.916C-VA,  360 ,8/25/2026
6/9/2026,6/11/2026,187/26XK,NNC,NNC,P.15,  1.080 ,8/25/2026
6/9/2026,6/11/2026,187/26XK,NNC,NNC,P.17,  1.440 ,8/25/2026
6/9/2026,6/11/2026,187/26XK,NNC,NNC,N.425XD,  720 ,8/25/2026
6/9/2026,6/11/2026,187/26XK,NNC,NNC,N.425XL,  720 ,8/25/2026
6/9/2026,6/11/2026,187/26XK,NNC,NNC,D.01-14,  9.000 ,8/25/2026
6/9/2026,6/11/2026,187/26XK,NNC,NNC,D.04-14,  4.680 ,8/25/2026
6/9/2026,6/11/2026,187/26XK,NNC,NNC,D.05-16,  720 ,8/25/2026
6/9/2026,6/11/2026,187/26XK,NNC,NNC,D.05V-14,  -   ,8/25/2026
6/9/2026,6/11/2026,187/26XK,NNC,NNC,D.05V-16,  720 ,8/25/2026
6/9/2026,6/11/2026,187/26XK,NNC,NNC,D.06-14,  2.880 ,8/25/2026
6/9/2026,6/11/2026,187/26XK,NNC,NNC,D.07-16,  21.600 ,8/25/2026
6/9/2026,6/11/2026,187/26XK,NNC,NNC,D.08-14,  360 ,8/25/2026
6/9/2026,6/11/2026,187/26XK,NNC,NNC,D.08-16,  360 ,8/25/2026
6/9/2026,6/11/2026,187/26XK,NNC,NNC,D.09-14,  1.080 ,8/25/2026
6/9/2026,6/11/2026,187/26XK,NNC,NNC,D.09-16,  1.080 ,8/25/2026
6/9/2026,6/11/2026,187/26XK,NNC,NNC,M.01,  720 ,8/25/2026
6/9/2026,6/11/2026,187/26XK,NNC,NNC,M.03,  720 ,8/25/2026
6/9/2026,6/11/2026,187/26XK,NNC,NNC,D.501,  5.400 ,8/25/2026
6/9/2026,6/11/2026,187/26XK,NNC,NNC,D.555KD,  13.320 ,8/25/2026
6/15/2026,,185/26XK,0539/GERMANY,Heiko Wild,KSS-3585,  200 ,7/19/2026
6/15/2026,,185/26XK,0539/GERMANY,Heiko Wild,KSS-3586,  200 ,7/19/2026
6/15/2026,,185/26XK,0539/GERMANY,Heiko Wild,KSS-3587,  200 ,7/19/2026
6/15/2026,,185/26XK,0539/GERMANY,Heiko Wild,KSS-3588,  300 ,7/19/2026
6/12/2026,6/16/2026,188/26XK,0069/POLAND,ACTIV TOMASZ PACHOLCZYK,C.04-3.5MM,  2.520 ,8/10/2026
6/12/2026,6/16/2026,188/26XK,0069/POLAND,ACTIV TOMASZ PACHOLCZYK,C.07-5MM,  2.520 ,8/10/2026
6/12/2026,6/16/2026,188/26XK,0069/POLAND,ACTIV TOMASZ PACHOLCZYK,KDN.721,  180 ,8/10/2026
6/12/2026,6/16/2026,188/26XK,0069/POLAND,ACTIV TOMASZ PACHOLCZYK,CB.101-14,  60 ,8/10/2026
6/12/2026,6/16/2026,188/26XK,0069/POLAND,ACTIV TOMASZ PACHOLCZYK,T.11,  120 ,8/10/2026
6/12/2026,6/16/2026,189/26XK,0069/POLAND,ACTIV TOMASZ PACHOLCZYK,KD2-3568,  1.440 ,8/18/2026
6/12/2026,6/16/2026,189/26XK,0069/POLAND,ACTIV TOMASZ PACHOLCZYK,KD2-3569,  1.440 ,8/18/2026
6/12/2026,6/16/2026,189/26XK,0069/POLAND,ACTIV TOMASZ PACHOLCZYK,KD2-3570,  1.440 ,8/18/2026
6/12/2026,6/16/2026,189/26XK,0069/POLAND,ACTIV TOMASZ PACHOLCZYK,KD2-3571,  1.080 ,8/18/2026
6/12/2026,6/16/2026,189/26XK,0069/POLAND,ACTIV TOMASZ PACHOLCZYK,KD2-3572,  540 ,8/18/2026
6/12/2026,6/16/2026,189/26XK,0069/POLAND,ACTIV TOMASZ PACHOLCZYK,KD2-3573,  540 ,8/18/2026
6/12/2026,6/16/2026,189/26XK,0069/POLAND,ACTIV TOMASZ PACHOLCZYK,KD2-3574,  540 ,8/18/2026
6/12/2026,6/16/2026,189/26XK,0069/POLAND,ACTIV TOMASZ PACHOLCZYK,KSN-3575,  540 ,8/18/2026
6/12/2026,6/16/2026,189/26XK,0069/POLAND,ACTIV TOMASZ PACHOLCZYK,KSN-3576,  540 ,8/18/2026
6/12/2026,6/16/2026,189/26XK,0069/POLAND,ACTIV TOMASZ PACHOLCZYK,KSN-3577,  540 ,8/18/2026
6/12/2026,6/16/2026,189/26XK,0069/POLAND,ACTIV TOMASZ PACHOLCZYK,KSB-3578,  540 ,8/18/2026
6/12/2026,6/16/2026,189/26XK,0069/POLAND,ACTIV TOMASZ PACHOLCZYK,KSB-3579,  540 ,8/18/2026
6/12/2026,6/16/2026,189/26XK,0069/POLAND,ACTIV TOMASZ PACHOLCZYK,KSS-3580,  540 ,8/18/2026
6/12/2026,6/16/2026,189/26XK,0069/POLAND,ACTIV TOMASZ PACHOLCZYK,KSK-3581,  540 ,8/18/2026
6/12/2026,6/16/2026,189/26XK,0069/POLAND,ACTIV TOMASZ PACHOLCZYK,KSK-3582,  540 ,8/18/2026
6/18/2026,,191/26XK,0535/FRANCE,M’novae M’Nails,KSK-2138,  500 ,9/11/2026
6/18/2026,,191/26XK,0535/FRANCE,M’novae M’Nails,KSK-2139,  500 ,9/11/2026
6/18/2026,,191/26XK,0535/FRANCE,M’novae M’Nails,KSK-2140,  1.000 ,9/11/2026
6/18/2026,,191/26XK,0535/FRANCE,M’novae M’Nails,KD2-2141,  1.000 ,8/30/2026
6/18/2026,,192/26XK,0586/ROMANIA,NAILSUP,KSK-2783,  300 ,
6/18/2026,,192/26XK,0586/ROMANIA,NAILSUP,KSK-2784,  300 ,
6/18/2026,,192/26XK,0586/ROMANIA,NAILSUP,KSK-3435,  300 ,
6/18/2026,,192/26XK,0586/ROMANIA,NAILSUP,KSK-3436,  300 ,
6/18/2026,,192/26XK,0586/ROMANIA,NAILSUP,KSK-3437,  300 ,
6/18/2026,,192/26XK,0586/ROMANIA,NAILSUP,KSK-3438,  400 ,
6/18/2026,,193/26XK,0644/ROMANIA,DUCHESSE NAILS S.R.L,KSS-3589,  200 ,
6/18/2026,,193/26XK,0644/ROMANIA,DUCHESSE NAILS S.R.L,KSK-3590,  200 ,
6/18/2026,,194/26XK,0643/ARGENTINA,Adriana Maria Giraldo Pulgarin,CL.S01-5mm,  120 ,7/22/2026
6/18/2026,,194/26XK,0643/ARGENTINA,Adriana Maria Giraldo Pulgarin,CL.S01-7mm,  60 ,7/22/2026
6/18/2026,,194/26XK,0643/ARGENTINA,Adriana Maria Giraldo Pulgarin,KD.701,  120 ,7/22/2026
6/18/2026,,194/26XK,0643/ARGENTINA,Adriana Maria Giraldo Pulgarin,KD.708,  120 ,7/22/2026
6/18/2026,,194/26XK,0643/ARGENTINA,Adriana Maria Giraldo Pulgarin,KD.707,  120 ,7/22/2026
6/18/2026,,194/26XK,0643/ARGENTINA,Adriana Maria Giraldo Pulgarin,KD.718,  50 ,7/22/2026
6/18/2026,,194/26XK,0643/ARGENTINA,Adriana Maria Giraldo Pulgarin,P.17,  100 ,7/22/2026
6/18/2026,,194/26XK,0643/ARGENTINA,Adriana Maria Giraldo Pulgarin,P.13,  50 ,7/22/2026
6/18/2026,,194/26XK,0643/ARGENTINA,Adriana Maria Giraldo Pulgarin,P.22,  70 ,7/22/2026
6/12/2026,,195/26XK,0642/LATVIA,"SIA ""FASHION INFINITY",C.03-3.5MM,  90 ,9/17/2026
6/12/2026,,195/26XK,0642/LATVIA,"SIA ""FASHION INFINITY",C.03-5MM,  90 ,9/17/2026
6/12/2026,,195/26XK,0642/LATVIA,"SIA ""FASHION INFINITY",C.04-3.5MM,  90 ,9/17/2026
6/12/2026,,195/26XK,0642/LATVIA,"SIA ""FASHION INFINITY",C.04-5MM,  90 ,9/17/2026
6/12/2026,,195/26XK,0642/LATVIA,"SIA ""FASHION INFINITY",C.05-3.5MM,  90 ,9/17/2026
6/12/2026,,195/26XK,0642/LATVIA,"SIA ""FASHION INFINITY",C.05-5MM,  90 ,9/17/2026
6/12/2026,,195/26XK,0642/LATVIA,"SIA ""FASHION INFINITY",C.35-3.5MM,  90 ,9/17/2026
6/12/2026,,195/26XK,0642/LATVIA,"SIA ""FASHION INFINITY",C.35-5MM,  90 ,9/17/2026
6/12/2026,,195/26XK,0642/LATVIA,"SIA ""FASHION INFINITY",CL.205-3.5MM,  90 ,9/17/2026
6/12/2026,,195/26XK,0642/LATVIA,"SIA ""FASHION INFINITY",CL.205-5MM,  90 ,9/17/2026
6/12/2026,,195/26XK,0642/LATVIA,"SIA ""FASHION INFINITY",CL.S01-3.5MM,  90 ,9/17/2026
6/12/2026,,195/26XK,0642/LATVIA,"SIA ""FASHION INFINITY",CL.S01-5mm,  90 ,9/17/2026
6/12/2026,,195/26XK,0642/LATVIA,"SIA ""FASHION INFINITY",CL.201-3.5MM,  90 ,9/17/2026
6/12/2026,,195/26XK,0642/LATVIA,"SIA ""FASHION INFINITY",CL.201-5MM,  90 ,9/17/2026
6/12/2026,,195/26XK,0642/LATVIA,"SIA ""FASHION INFINITY",CL.203-5MM,  90 ,9/17/2026
6/12/2026,,195/26XK,0642/LATVIA,"SIA ""FASHION INFINITY",CL.203-3.5MM,  90 ,9/17/2026
6/12/2026,,195/26XK,0642/LATVIA,"SIA ""FASHION INFINITY",CL.211-10MM,  180 ,9/17/2026
6/12/2026,,195/26XK,0642/LATVIA,"SIA ""FASHION INFINITY",CL.212-8MM,  180 ,9/17/2026
6/12/2026,,195/26XK,0642/LATVIA,"SIA ""FASHION INFINITY",NL.201,  180 ,9/17/2026
6/12/2026,,195/26XK,0642/LATVIA,"SIA ""FASHION INFINITY",NL.202,  180 ,9/17/2026
6/12/2026,,195/26XK,0642/LATVIA,"SIA ""FASHION INFINITY",NL.204,  180 ,9/17/2026
6/12/2026,,195/26XK,0642/LATVIA,"SIA ""FASHION INFINITY",NL.210,  180 ,9/17/2026
6/12/2026,,195/26XK,0642/LATVIA,"SIA ""FASHION INFINITY",C.114,  180 ,9/17/2026
6/12/2026,,195/26XK,0642/LATVIA,"SIA ""FASHION INFINITY",KD.702,  180 ,9/17/2026
6/12/2026,,195/26XK,0642/LATVIA,"SIA ""FASHION INFINITY",KD.703,  180 ,9/17/2026
6/12/2026,,195/26XK,0642/LATVIA,"SIA ""FASHION INFINITY",KD.705,  180 ,9/17/2026
6/12/2026,,195/26XK,0642/LATVIA,"SIA ""FASHION INFINITY",KD.707,  180 ,9/17/2026
6/12/2026,,195/26XK,0642/LATVIA,"SIA ""FASHION INFINITY",KD.708,  180 ,9/17/2026
6/12/2026,,195/26XK,0642/LATVIA,"SIA ""FASHION INFINITY",KD.43,  180 ,9/17/2026
6/12/2026,,195/26XK,0642/LATVIA,"SIA ""FASHION INFINITY",P.04,  180 ,9/17/2026
6/12/2026,,195/26XK,0642/LATVIA,"SIA ""FASHION INFINITY",P.12,  180 ,9/17/2026
6/12/2026,,195/26XK,0642/LATVIA,"SIA ""FASHION INFINITY",P.13,  180 ,9/17/2026
6/12/2026,,195/26XK,0642/LATVIA,"SIA ""FASHION INFINITY",P.14,  180 ,9/17/2026
6/12/2026,,195/26XK,0642/LATVIA,"SIA ""FASHION INFINITY",P.15,  180 ,9/17/2026
6/12/2026,,195/26XK,0642/LATVIA,"SIA ""FASHION INFINITY",P.17,  180 ,9/17/2026
6/12/2026,,195/26XK,0642/LATVIA,"SIA ""FASHION INFINITY",P.22,  180 ,9/17/2026
6/12/2026,,195/26XK,0642/LATVIA,"SIA ""FASHION INFINITY",B.916C-TR,  45 ,9/17/2026
6/12/2026,,195/26XK,0642/LATVIA,"SIA ""FASHION INFINITY",B.916C-VA,  45 ,9/17/2026
6/12/2026,,195/26XK,0642/LATVIA,"SIA ""FASHION INFINITY",B.916C-XL,  45 ,9/17/2026
6/12/2026,,195/26XK,0642/LATVIA,"SIA ""FASHION INFINITY",B.916C-HO,  45 ,9/17/2026
6/12/2026,,195/26XK,0642/LATVIA,"SIA ""FASHION INFINITY",N.404HO,  90 ,9/17/2026
6/12/2026,,195/26XK,0642/LATVIA,"SIA ""FASHION INFINITY",N.404VA,  90 ,9/17/2026
6/12/2026,,195/26XK,0642/LATVIA,"SIA ""FASHION INFINITY",T.08,  180 ,9/17/2026
6/12/2026,,195/26XK,0642/LATVIA,"SIA ""FASHION INFINITY",IS.03,  50 ,9/17/2026
6/12/2026,,195/26XK,0642/LATVIA,"SIA ""FASHION INFINITY",IS.01,  50 ,9/17/2026
6/19/2026,6/19/2026,187/26XK,NNC,NNC,S.504,  360 ,8/25/2026
6/19/2026,6/19/2026,187/26XK,NNC,NNC,S.505,  360 ,8/25/2026
6/19/2026,6/19/2026,187/26XK,NNC,NNC,S.506,  1.800 ,8/25/2026
6/19/2026,6/19/2026,187/26XK,NNC,NNC,S.507,  360 ,8/25/2026
6/19/2026,6/19/2026,187/26XK,NNC,NNC,S.508,  360 ,8/25/2026
6/19/2026,6/19/2026,187/26XK,NNC,NNC,S.511,  360 ,8/25/2026
6/19/2026,6/19/2026,187/26XK,NNC,NNC,S.514,  360 ,8/25/2026
6/19/2026,6/19/2026,187/26XK,NNC,NNC,S.515,  360 ,8/25/2026
6/19/2026,6/19/2026,196/26XK,0519/AUSTRALIA,Luna Beauty Store Pty Ltd,C.07-5MM,  180 ,7/15/2026
6/19/2026,6/19/2026,196/26XK,0519/AUSTRALIA,Luna Beauty Store Pty Ltd,C.04-5MM,  60 ,7/15/2026
6/19/2026,6/19/2026,196/26XK,0519/AUSTRALIA,Luna Beauty Store Pty Ltd,KD.701,  60 ,7/15/2026
6/19/2026,6/19/2026,196/26XK,0519/AUSTRALIA,Luna Beauty Store Pty Ltd,P.22,  60 ,7/15/2026
6/19/2026,6/22/2026,187/26XK,NNC,NNC,D.01-16,  6.840 ,8/25/2026
6/19/2026,6/22/2026,187/26XK,NNC,NNC,D.03-14,  5.400 ,8/25/2026
6/19/2026,6/22/2026,187/26XK,NNC,NNC,D.03-16,  6.120 ,8/25/2026
6/19/2026,6/22/2026,187/26XK,NNC,NNC,D.04-16,  1.800 ,8/25/2026
6/19/2026,6/22/2026,187/26XK,NNC,NNC,D.06-16,  3.600 ,8/25/2026
6/19/2026,6/22/2026,187/26XK,NNC,NNC,D.07-14,  9.000 ,8/25/2026
6/19/2026,6/22/2026,187/26XK,NNC,NNC,S.512,  360 ,8/25/2026
6/19/2026,6/22/2026,187/26XK,NNC,NNC,S.516,  360 ,8/25/2026
5/15/2026,6/23/2026,197/26XK,0536/FRANCE,ElyaMaje,KD2-2156,  540 ,8/5/2026
6/16/2026,6/23/2026,198/26ND,GT,CHỦ TỊCH,GS.EVO-01,  20 ,6/30/2026
6/19/2026,,199/26XK,0544/LEBANON,FREDDY HOUSE LEBANON,C.07-6MM,  720 ,7/8/2026
6/19/2026,,199/26XK,0544/LEBANON,FREDDY HOUSE LEBANON,C.01-14,  240 ,7/8/2026
6/19/2026,,199/26XK,0544/LEBANON,FREDDY HOUSE LEBANON,C.01G-14,  360 ,7/8/2026
6/19/2026,,199/26XK,0544/LEBANON,FREDDY HOUSE LEBANON,C.111,  600 ,7/8/2026
6/19/2026,,199/26XK,0544/LEBANON,FREDDY HOUSE LEBANON,P.10,  240 ,7/8/2026
6/19/2026,,199/26XK,0544/LEBANON,FREDDY HOUSE LEBANON,C.114-14,  600 ,7/8/2026
6/19/2026,,200/26XK,0205/JAPAN,HIKARI CORPORATION,KSK-2096,  1.000 ,9/19/2026
6/23/2026,6/24/2026,201/26XK,0405/MALAYSIA,YOUSHINE SOLUTION SDN BHD.,C.07-3.5mm,  180 ,8/8/2026
6/23/2026,6/24/2026,201/26XK,0405/MALAYSIA,YOUSHINE SOLUTION SDN BHD.,C.07-12,  360 ,8/8/2026
6/23/2026,6/24/2026,201/26XK,0405/MALAYSIA,YOUSHINE SOLUTION SDN BHD.,C.07-14,  300 ,8/8/2026
6/23/2026,6/24/2026,201/26XK,0405/MALAYSIA,YOUSHINE SOLUTION SDN BHD.,C.04-12,  360 ,8/8/2026
6/23/2026,6/24/2026,201/26XK,0405/MALAYSIA,YOUSHINE SOLUTION SDN BHD.,C.04-14,  480 ,8/8/2026
6/23/2026,6/24/2026,201/26XK,0405/MALAYSIA,YOUSHINE SOLUTION SDN BHD.,CL.101-12,  60 ,8/8/2026
6/23/2026,6/24/2026,201/26XK,0405/MALAYSIA,YOUSHINE SOLUTION SDN BHD.,CL.201-12,  60 ,8/8/2026
6/23/2026,6/24/2026,201/26XK,0405/MALAYSIA,YOUSHINE SOLUTION SDN BHD.,P.03,  180 ,8/8/2026
6/23/2026,6/24/2026,201/26XK,0405/MALAYSIA,YOUSHINE SOLUTION SDN BHD.,P.10,  120 ,8/8/2026
6/23/2026,6/25/2026,201/26XK,0405/MALAYSIA,YOUSHINE SOLUTION SDN BHD.,NC.01,  120 ,8/8/2026
6/19/2026,6/25/2026,202/26xk,0531/CHINA,"TONG DE INDUSTRY AND TRADE (YANGJIANG YANGDONG DISTRICT) CO., LTD",KD2-2941,  500 ,8/22/2026
6/19/2026,6/25/2026,202/26xk,0531/CHINA,"TONG DE INDUSTRY AND TRADE (YANGJIANG YANGDONG DISTRICT) CO., LTD",KD2-2942,  500 ,8/22/2026
6/19/2026,6/25/2026,202/26xk,0531/CHINA,"TONG DE INDUSTRY AND TRADE (YANGJIANG YANGDONG DISTRICT) CO., LTD",KD2-2950,  500 ,8/22/2026
6/19/2026,6/25/2026,202/26xk,0531/CHINA,"TONG DE INDUSTRY AND TRADE (YANGJIANG YANGDONG DISTRICT) CO., LTD",KD2-2948,  1.000 ,8/22/2026
6/19/2026,,203/26xk,0583/FRANCE,Nails Frs,KSK-2764,  1.000 ,
6/16/2026,6/25/2026,204/26XK,0440/SWEDEN,EMME SUPPLIER AB,KD2-3516,  600 ,8/15/2026
6/16/2026,6/25/2026,204/26XK,0440/SWEDEN,EMME SUPPLIER AB,KD2-3536,  600 ,8/15/2026
6/16/2026,6/25/2026,204/26XK,0440/SWEDEN,EMME SUPPLIER AB,KD2-3517,  700 ,8/15/2026
6/16/2026,6/25/2026,204/26XK,0440/SWEDEN,EMME SUPPLIER AB,KD2-3537,  800 ,8/15/2026
6/16/2026,6/25/2026,204/26XK,0440/SWEDEN,EMME SUPPLIER AB,KD2-3518,  600 ,8/15/2026
6/16/2026,6/25/2026,204/26XK,0440/SWEDEN,EMME SUPPLIER AB,KD2-3538,  600 ,8/15/2026
6/16/2026,6/25/2026,204/26XK,0440/SWEDEN,EMME SUPPLIER AB,KSS-3519,  1.200 ,8/15/2026
6/16/2026,6/25/2026,204/26XK,0440/SWEDEN,EMME SUPPLIER AB,KSS-3520,  600 ,8/15/2026
6/24/2026,6/25/2026,205/26XK,0493/UK,NAILS BY ANNABEL LTD,KD2-1945,  250 ,8/6/2026
6/24/2026,6/25/2026,210/26XK,0470/LEBANON,TEC-NAILS COSMETICS,KD2-1479,  1.000 ,8/17/2026
6/23/2026,6/25/2026,207/26XK,0040/ITALY,WICTOR SRL,KD2-0123,  500 ,8/24/2026
6/23/2026,6/25/2026,207/26XK,0040/ITALY,WICTOR SRL,KD2-0126,  500 ,8/24/2026
6/23/2026,6/25/2026,208/26XK,0026/GERMANY,ZWILLING Beauty Group GmbH,KD2-0211,  2.000 ,10/10/2026
6/23/2026,6/25/2026,208/26XK,0026/GERMANY,ZWILLING Beauty Group GmbH,KM2-0212,  2.400 ,10/10/2026
6/23/2026,6/25/2026,208/26XK,0026/GERMANY,ZWILLING Beauty Group GmbH,KM2-0550,  1.600 ,10/10/2026
6/23/2026,6/25/2026,209/26XK,0026/GERMANY,ZWILLING Beauty Group GmbH,KD2-0568,  2.000 ,8/25/2026
2/26/2026,6/24/2026,206/26XK,0026/GERMANY,ZWILLING Beauty Group GmbH,KSS-0367,  9.000 ,9/30/2026
5/20/2026,6/29/2026,211/26XK,0603/UZEBEKISTAN,United Beauty Distribution LLC,KD2-2961,  500 ,9/13/2026
5/20/2026,6/29/2026,211/26XK,0603/UZEBEKISTAN,United Beauty Distribution LLC,C.04-6mm,  60 ,9/13/2026
5/20/2026,6/29/2026,211/26XK,0603/UZEBEKISTAN,United Beauty Distribution LLC,C.07-7mm,  60 ,9/13/2026
5/20/2026,6/29/2026,211/26XK,0603/UZEBEKISTAN,United Beauty Distribution LLC,Cl.205-7mm,  50 ,9/13/2026
5/20/2026,6/29/2026,211/26XK,0603/UZEBEKISTAN,United Beauty Distribution LLC,CL.209-11mm,  50 ,9/13/2026
5/20/2026,6/29/2026,211/26XK,0603/UZEBEKISTAN,United Beauty Distribution LLC,CL.211-10mm,  50 ,9/13/2026
5/20/2026,6/29/2026,211/26XK,0603/UZEBEKISTAN,United Beauty Distribution LLC,CL.213-10mm,  50 ,9/13/2026
5/20/2026,6/29/2026,211/26XK,0603/UZEBEKISTAN,United Beauty Distribution LLC,C.114,  60 ,9/13/2026
5/20/2026,6/29/2026,211/26XK,0603/UZEBEKISTAN,United Beauty Distribution LLC,NL.202,  60 ,9/13/2026
5/20/2026,6/29/2026,211/26XK,0603/UZEBEKISTAN,United Beauty Distribution LLC,NL.203,  60 ,9/13/2026
5/20/2026,6/29/2026,211/26XK,0603/UZEBEKISTAN,United Beauty Distribution LLC,NL.205,  60 ,9/13/2026
5/20/2026,6/29/2026,211/26XK,0603/UZEBEKISTAN,United Beauty Distribution LLC,NL.209,  60 ,9/13/2026
5/20/2026,6/29/2026,211/26XK,0603/UZEBEKISTAN,United Beauty Distribution LLC,P.03,  30 ,
5/20/2026,6/29/2026,211/26XK,0603/UZEBEKISTAN,United Beauty Distribution LLC,P.04,  20 ,
5/20/2026,6/29/2026,211/26XK,0603/UZEBEKISTAN,United Beauty Distribution LLC,P.12,  50 ,
5/20/2026,6/29/2026,211/26XK,0603/UZEBEKISTAN,United Beauty Distribution LLC,P.17,  50 ,
5/20/2026,6/29/2026,211/26XK,0603/UZEBEKISTAN,United Beauty Distribution LLC,T.10,  50 ,
5/20/2026,6/29/2026,211/26XK,0603/UZEBEKISTAN,United Beauty Distribution LLC,T.11,  50 ,
5/20/2026,6/29/2026,211/26XK,0603/UZEBEKISTAN,United Beauty Distribution LLC,KD.701,  50 ,
5/20/2026,6/29/2026,211/26XK,0603/UZEBEKISTAN,United Beauty Distribution LLC,KD.704,  50 ,
5/20/2026,6/29/2026,211/26XK,0603/UZEBEKISTAN,United Beauty Distribution LLC,KD.705,  50 ,
5/20/2026,6/29/2026,211/26XK,0603/UZEBEKISTAN,United Beauty Distribution LLC,KDM.713,  30 ,
5/20/2026,6/29/2026,211/26XK,0603/UZEBEKISTAN,United Beauty Distribution LLC,KD.718,  30 ,
6/25/2026,,212/26XK,0555/FRANCE,OA NAIL SYSTEM,KSK-3552,  500 ,
6/26/2026,7/7/2026,213/26XK,0591/UK,Navy Professional,KSB-2785,  500 ,9/12/2026
6/26/2026,7/7/2026,213/26XK,0591/UK,Navy Professional,KSK-2787,  500 ,9/12/2026
6/26/2026,7/7/2026,213/26XK,0591/UK,Navy Professional,KSS-2791,  500 ,9/12/2026
6/26/2026,7/7/2026,213/26XK,0591/UK,Navy Professional,KSS-2792,  200 ,9/12/2026
6/26/2026,7/7/2026,213/26XK,0591/UK,Navy Professional,KSS-2794,  200 ,9/12/2026
6/26/2026,7/7/2026,213/26XK,0591/UK,Navy Professional,KSS-2801,  200 ,9/12/2026
6/26/2026,7/7/2026,213/26XK,0591/UK,Navy Professional,KSN-2797,  200 ,9/12/2026
6/26/2026,7/7/2026,213/26XK,0591/UK,Navy Professional,KSN-2798,  200 ,9/12/2026
6/26/2026,7/7/2026,213/26XK,0591/UK,Navy Professional,KSN-2799,  200 ,9/12/2026
6/26/2026,7/7/2026,213/26XK,0591/UK,Navy Professional,KD2-2964,  500 ,9/12/2026
6/26/2026,7/7/2026,213/26XK,0591/UK,Navy Professional,KD2-2965,  500 ,9/12/2026
3/11/2026,,BUKHACH1,0506/TURKEY,OJELY KOZMETIK SAN TIC LTD STI TOROS MAH,KSK-2079,  2.500 ,
6/17/2026,,BUKHACH2,0482/PORTUGAL,DANTAS CORREIA & LEITÃO LDA,KSK-1740,  100 ,
6/26/2026,6/29/2026,214/26XK,0246/KOREA,PARAN NAIL ,KDT-2120,  2.000 ,8/29/2026
6/26/2026,6/29/2026,214/26XK,0246/KOREA,PARAN NAIL ,KDT-2430,  3.000 ,8/29/2026
5/25/2026,,215/26XK,0553/ISRAEL,ROYAL DENTAL,KSK-3408,  500 ,7/20/2026
6/30/2026,,216/26XK,0497/KOREA,#N/A,KM2-3859,  120 ,8/20/2026
6/30/2026,,216/26XK,0497/KOREA,#N/A,KSS-3860,  500 ,8/20/2026
7/2/2026,,217/26XK,0580/UAE,LIGHT SPEED GENERAL TRADING L.L.C,KD2-2721,  500 ,8/10/2026
7/2/2026,,218/26XK,0558/QATAR,Sadeem Distribution & Trading,C.05-6MM,  60 ,
7/2/2026,,218/26XK,0558/QATAR,Sadeem Distribution & Trading,C.03-6MM,  60 ,
7/2/2026,,218/26XK,0558/QATAR,Sadeem Distribution & Trading,C.36-5MM,  240 ,
7/2/2026,,218/26XK,0558/QATAR,Sadeem Distribution & Trading,P.02,  240 ,
7/2/2026,,218/26XK,0558/QATAR,Sadeem Distribution & Trading,P.03,  60 ,
4/15/2026,,220/26XK,0581/HUNGARY,TIMAR VIRAD,KSS-2643,  100 ,
4/15/2026,,220/26XK,0581/HUNGARY,TIMAR VIRAD,KSS-2644,  100 ,
4/15/2026,,220/26XK,0581/HUNGARY,TIMAR VIRAD,KSS-3460,  300 ,
4/15/2026,,220/26XK,0581/HUNGARY,TIMAR VIRAD,KSS-3461,  300 ,
7/7/2026,7/7/2026,221/26XK,0634/CHINA,Cherry Boom Trade Limited,KD2-2232,  720 ,9/7/2026
7/7/2026,7/7/2026,221/26XK,0634/CHINA,Cherry Boom Trade Limited,KD2-3266,  1.440 ,9/7/2026
6/30/2026,7/7/2026,219/26XK,0578/JORDAN,CANNI,C.03-14,  50 ,9/10/2026
6/30/2026,7/7/2026,219/26XK,0578/JORDAN,CANNI,C.03-5mm,  30 ,9/10/2026
6/30/2026,7/7/2026,219/26XK,0578/JORDAN,CANNI,C.04-5mm,  30 ,9/10/2026
6/30/2026,7/7/2026,219/26XK,0578/JORDAN,CANNI,C.04-6mm,  50 ,9/10/2026
6/30/2026,7/7/2026,219/26XK,0578/JORDAN,CANNI,C.04-7mm,  50 ,9/10/2026
6/30/2026,7/7/2026,219/26XK,0578/JORDAN,CANNI,C.05-5mm,  30 ,9/10/2026
6/30/2026,7/7/2026,219/26XK,0578/JORDAN,CANNI,C.07-5mm,  30 ,9/10/2026
6/30/2026,7/7/2026,219/26XK,0578/JORDAN,CANNI,C.07-7mm,  50 ,9/10/2026
6/30/2026,7/7/2026,219/26XK,0578/JORDAN,CANNI,C.35-5mm,  50 ,9/10/2026
6/30/2026,7/7/2026,219/26XK,0578/JORDAN,CANNI,C.36-5MM,  150 ,9/10/2026
6/30/2026,7/7/2026,219/26XK,0578/JORDAN,CANNI,C.36-6MM,  150 ,9/10/2026
6/30/2026,7/7/2026,219/26XK,0578/JORDAN,CANNI,C.36-7MM,  150 ,9/10/2026
6/30/2026,7/7/2026,219/26XK,0578/JORDAN,CANNI,C.37-5MM,  150 ,9/10/2026
6/30/2026,7/7/2026,219/26XK,0578/JORDAN,CANNI,C.37-6MM,  150 ,9/10/2026
6/30/2026,7/7/2026,219/26XK,0578/JORDAN,CANNI,C.37-7MM,  150 ,9/10/2026
6/30/2026,7/7/2026,222/26XK,0542/TURKEY,DOĞUŞ KOZMETİK GIDA İNŞ. TURZ. TİC. A.Ş.,C.06-14,  200 ,7/14/2026
7/7/2026,7/7/2026,223/26ND,GT,CHỦ TỊCH,GS.03,  30 ,7/15/2026
7/7/2026,7/7/2026,223/26ND,GT,CHỦ TỊCH,GS.07CC,  30 ,7/15/2026
7/7/2026,7/7/2026,223/26ND,GT,CHỦ TỊCH,GS.EVO-01,  30 ,7/31/2026
7/7/2026,7/7/2026,223/26ND,GT,CHỦ TỊCH,GS.05QT,  30 ,7/31/2026
7/7/2026,7/7/2026,221/26xk,0634/CHINA,Cherry Boom Trade Limited,KD2-2231,  720 ,9/7/2026
7/7/2026,7/7/2026,221/26xk,0634/CHINA,Cherry Boom Trade Limited,KD2-2233,  360 ,9/7/2026
6/26/2026,7/8/2026,222/26XK,0531/CHINA,"TONG DE INDUSTRY AND TRADE (YANGJIANG YANGDONG DISTRICT) CO., LTD",C.07-6MM,  1.080 ,8/12/2026
6/26/2026,,222/26XK,0531/CHINA,"TONG DE INDUSTRY AND TRADE (YANGJIANG YANGDONG DISTRICT) CO., LTD",KSK-1846,  1.000 ,8/12/2026